
{
  "timestamp": "2026-01-15 02:58:40",
  "method": "OPTIONS",
  "path": "/api/v1/orders",
  "headers": {
    "Accept": "*/*",
    "Authorization": "",
    "Content-Type": ""
  },
  "status_code": 204,
  "duration": "503.5µs",
  "duration_ms": 0,
  "client_ip": "::1",
  "user_agent": "Mozilla/5.0 (Windows NT 10.0; Win64; x64) AppleWebKit/537.36 (KHTML, like Gecko) Chrome/143.0.0.0 Safari/537.36"
}
========================================

{
  "timestamp": "2026-01-15 02:58:40",
  "method": "POST",
  "path": "/api/v1/orders",
  "headers": {
    "Accept": "application/json, text/plain, */*",
    "Authorization": "Bearer ...4HKc",
    "Content-Type": "application/json"
  },
  "request_body": {
    "product_id": 5,
    "quantity": 1
  },
  "status_code": 400,
  "response_body": {
    "message": "ERROR: invalid input syntax for type json (SQLSTATE 22P02)",
    "success": false
  },
  "duration": "3.8067ms",
  "duration_ms": 3,
  "client_ip": "::1",
  "user_agent": "Mozilla/5.0 (Windows NT 10.0; Win64; x64) AppleWebKit/537.36 (KHTML, like Gecko) Chrome/143.0.0.0 Safari/537.36",
  "user_id": 4,
  "user_email": "astiskripsi@gmail.com"
}
========================================

{
  "timestamp": "2026-01-15 02:58:50",
  "method": "OPTIONS",
  "path": "/api/v1/notifications/unread",
  "headers": {
    "Accept": "*/*",
    "Authorization": "",
    "Content-Type": ""
  },
  "status_code": 204,
  "duration": "0s",
  "duration_ms": 0,
  "client_ip": "::1",
  "user_agent": "Mozilla/5.0 (Windows NT 10.0; Win64; x64) AppleWebKit/537.36 (KHTML, like Gecko) Chrome/143.0.0.0 Safari/537.36"
}
========================================

{
  "timestamp": "2026-01-15 02:58:50",
  "method": "GET",
  "path": "/api/v1/notifications/unread",
  "headers": {
    "Accept": "application/json, text/plain, */*",
    "Authorization": "Bearer ...4HKc",
    "Content-Type": ""
  },
  "status_code": 200,
  "response_body": {
    "data": {
      "count": 0,
      "notifications": []
    },
    "message": "Unread notifications berhasil diambil",
    "success": true
  },
  "duration": "2.0252ms",
  "duration_ms": 2,
  "client_ip": "::1",
  "user_agent": "Mozilla/5.0 (Windows NT 10.0; Win64; x64) AppleWebKit/537.36 (KHTML, like Gecko) Chrome/143.0.0.0 Safari/537.36",
  "user_id": 4,
  "user_email": "astiskripsi@gmail.com"
}
========================================

{
  "timestamp": "2026-01-15 02:59:20",
  "method": "OPTIONS",
  "path": "/api/v1/notifications/unread",
  "headers": {
    "Accept": "*/*",
    "Authorization": "",
    "Content-Type": ""
  },
  "status_code": 204,
  "duration": "0s",
  "duration_ms": 0,
  "client_ip": "::1",
  "user_agent": "Mozilla/5.0 (Windows NT 10.0; Win64; x64) AppleWebKit/537.36 (KHTML, like Gecko) Chrome/143.0.0.0 Safari/537.36"
}
========================================

{
  "timestamp": "2026-01-15 02:59:20",
  "method": "GET",
  "path": "/api/v1/notifications/unread",
  "headers": {
    "Accept": "application/json, text/plain, */*",
    "Authorization": "Bearer ...4HKc",
    "Content-Type": ""
  },
  "status_code": 200,
  "response_body": {
    "data": {
      "count": 0,
      "notifications": []
    },
    "message": "Unread notifications berhasil diambil",
    "success": true
  },
  "duration": "1.5164ms",
  "duration_ms": 1,
  "client_ip": "::1",
  "user_agent": "Mozilla/5.0 (Windows NT 10.0; Win64; x64) AppleWebKit/537.36 (KHTML, like Gecko) Chrome/143.0.0.0 Safari/537.36",
  "user_id": 4,
  "user_email": "astiskripsi@gmail.com"
}
========================================

{
  "timestamp": "2026-01-15 02:59:50",
  "method": "OPTIONS",
  "path": "/api/v1/notifications/unread",
  "headers": {
    "Accept": "*/*",
    "Authorization": "",
    "Content-Type": ""
  },
  "status_code": 204,
  "duration": "505.2µs",
  "duration_ms": 0,
  "client_ip": "::1",
  "user_agent": "Mozilla/5.0 (Windows NT 10.0; Win64; x64) AppleWebKit/537.36 (KHTML, like Gecko) Chrome/143.0.0.0 Safari/537.36"
}
========================================

{
  "timestamp": "2026-01-15 02:59:50",
  "method": "GET",
  "path": "/api/v1/notifications/unread",
  "headers": {
    "Accept": "application/json, text/plain, */*",
    "Authorization": "Bearer ...4HKc",
    "Content-Type": ""
  },
  "status_code": 200,
  "response_body": {
    "data": {
      "count": 0,
      "notifications": []
    },
    "message": "Unread notifications berhasil diambil",
    "success": true
  },
  "duration": "1.0259ms",
  "duration_ms": 1,
  "client_ip": "::1",
  "user_agent": "Mozilla/5.0 (Windows NT 10.0; Win64; x64) AppleWebKit/537.36 (KHTML, like Gecko) Chrome/143.0.0.0 Safari/537.36",
  "user_id": 4,
  "user_email": "astiskripsi@gmail.com"
}
========================================

{
  "timestamp": "2026-01-15 03:00:20",
  "method": "OPTIONS",
  "path": "/api/v1/notifications/unread",
  "headers": {
    "Accept": "*/*",
    "Authorization": "",
    "Content-Type": ""
  },
  "status_code": 204,
  "duration": "0s",
  "duration_ms": 0,
  "client_ip": "::1",
  "user_agent": "Mozilla/5.0 (Windows NT 10.0; Win64; x64) AppleWebKit/537.36 (KHTML, like Gecko) Chrome/143.0.0.0 Safari/537.36"
}
========================================

{
  "timestamp": "2026-01-15 03:00:20",
  "method": "GET",
  "path": "/api/v1/notifications/unread",
  "headers": {
    "Accept": "application/json, text/plain, */*",
    "Authorization": "Bearer ...4HKc",
    "Content-Type": ""
  },
  "status_code": 200,
  "response_body": {
    "data": {
      "count": 0,
      "notifications": []
    },
    "message": "Unread notifications berhasil diambil",
    "success": true
  },
  "duration": "2.048ms",
  "duration_ms": 2,
  "client_ip": "::1",
  "user_agent": "Mozilla/5.0 (Windows NT 10.0; Win64; x64) AppleWebKit/537.36 (KHTML, like Gecko) Chrome/143.0.0.0 Safari/537.36",
  "user_id": 4,
  "user_email": "astiskripsi@gmail.com"
}
========================================

{
  "timestamp": "2026-01-15 03:00:50",
  "method": "OPTIONS",
  "path": "/api/v1/notifications/unread",
  "headers": {
    "Accept": "*/*",
    "Authorization": "",
    "Content-Type": ""
  },
  "status_code": 204,
  "duration": "0s",
  "duration_ms": 0,
  "client_ip": "::1",
  "user_agent": "Mozilla/5.0 (Windows NT 10.0; Win64; x64) AppleWebKit/537.36 (KHTML, like Gecko) Chrome/143.0.0.0 Safari/537.36"
}
========================================

{
  "timestamp": "2026-01-15 03:00:50",
  "method": "GET",
  "path": "/api/v1/notifications/unread",
  "headers": {
    "Accept": "application/json, text/plain, */*",
    "Authorization": "Bearer ...4HKc",
    "Content-Type": ""
  },
  "status_code": 200,
  "response_body": {
    "data": {
      "count": 0,
      "notifications": []
    },
    "message": "Unread notifications berhasil diambil",
    "success": true
  },
  "duration": "1.5219ms",
  "duration_ms": 1,
  "client_ip": "::1",
  "user_agent": "Mozilla/5.0 (Windows NT 10.0; Win64; x64) AppleWebKit/537.36 (KHTML, like Gecko) Chrome/143.0.0.0 Safari/537.36",
  "user_id": 4,
  "user_email": "astiskripsi@gmail.com"
}
========================================

{
  "timestamp": "2026-01-15 03:01:20",
  "method": "OPTIONS",
  "path": "/api/v1/notifications/unread",
  "headers": {
    "Accept": "*/*",
    "Authorization": "",
    "Content-Type": ""
  },
  "status_code": 204,
  "duration": "0s",
  "duration_ms": 0,
  "client_ip": "::1",
  "user_agent": "Mozilla/5.0 (Windows NT 10.0; Win64; x64) AppleWebKit/537.36 (KHTML, like Gecko) Chrome/143.0.0.0 Safari/537.36"
}
========================================

{
  "timestamp": "2026-01-15 03:01:20",
  "method": "GET",
  "path": "/api/v1/notifications/unread",
  "headers": {
    "Accept": "application/json, text/plain, */*",
    "Authorization": "Bearer ...4HKc",
    "Content-Type": ""
  },
  "status_code": 200,
  "response_body": {
    "data": {
      "count": 0,
      "notifications": []
    },
    "message": "Unread notifications berhasil diambil",
    "success": true
  },
  "duration": "2.0424ms",
  "duration_ms": 2,
  "client_ip": "::1",
  "user_agent": "Mozilla/5.0 (Windows NT 10.0; Win64; x64) AppleWebKit/537.36 (KHTML, like Gecko) Chrome/143.0.0.0 Safari/537.36",
  "user_id": 4,
  "user_email": "astiskripsi@gmail.com"
}
========================================

{
  "timestamp": "2026-01-15 03:02:10",
  "method": "OPTIONS",
  "path": "/api/v1/notifications/unread",
  "headers": {
    "Accept": "*/*",
    "Authorization": "",
    "Content-Type": ""
  },
  "status_code": 204,
  "duration": "519.3µs",
  "duration_ms": 0,
  "client_ip": "::1",
  "user_agent": "Mozilla/5.0 (Windows NT 10.0; Win64; x64) AppleWebKit/537.36 (KHTML, like Gecko) Chrome/143.0.0.0 Safari/537.36"
}
========================================

{
  "timestamp": "2026-01-15 03:02:10",
  "method": "GET",
  "path": "/api/v1/notifications/unread",
  "headers": {
    "Accept": "application/json, text/plain, */*",
    "Authorization": "Bearer ...4HKc",
    "Content-Type": ""
  },
  "status_code": 200,
  "response_body": {
    "data": {
      "count": 0,
      "notifications": []
    },
    "message": "Unread notifications berhasil diambil",
    "success": true
  },
  "duration": "1.0125ms",
  "duration_ms": 1,
  "client_ip": "::1",
  "user_agent": "Mozilla/5.0 (Windows NT 10.0; Win64; x64) AppleWebKit/537.36 (KHTML, like Gecko) Chrome/143.0.0.0 Safari/537.36",
  "user_id": 4,
  "user_email": "astiskripsi@gmail.com"
}
========================================

{
  "timestamp": "2026-01-15 03:03:10",
  "method": "OPTIONS",
  "path": "/api/v1/notifications/unread",
  "headers": {
    "Accept": "*/*",
    "Authorization": "",
    "Content-Type": ""
  },
  "status_code": 204,
  "duration": "0s",
  "duration_ms": 0,
  "client_ip": "::1",
  "user_agent": "Mozilla/5.0 (Windows NT 10.0; Win64; x64) AppleWebKit/537.36 (KHTML, like Gecko) Chrome/143.0.0.0 Safari/537.36"
}
========================================

{
  "timestamp": "2026-01-15 03:03:10",
  "method": "GET",
  "path": "/api/v1/notifications/unread",
  "headers": {
    "Accept": "application/json, text/plain, */*",
    "Authorization": "Bearer ...4HKc",
    "Content-Type": ""
  },
  "status_code": 200,
  "response_body": {
    "data": {
      "count": 0,
      "notifications": []
    },
    "message": "Unread notifications berhasil diambil",
    "success": true
  },
  "duration": "2.2188ms",
  "duration_ms": 2,
  "client_ip": "::1",
  "user_agent": "Mozilla/5.0 (Windows NT 10.0; Win64; x64) AppleWebKit/537.36 (KHTML, like Gecko) Chrome/143.0.0.0 Safari/537.36",
  "user_id": 4,
  "user_email": "astiskripsi@gmail.com"
}
========================================

{
  "timestamp": "2026-01-15 04:42:44",
  "method": "OPTIONS",
  "path": "/api/v1/notifications/unread",
  "headers": {
    "Accept": "*/*",
    "Authorization": "",
    "Content-Type": ""
  },
  "status_code": 204,
  "duration": "508.3µs",
  "duration_ms": 0,
  "client_ip": "::1",
  "user_agent": "Mozilla/5.0 (Windows NT 10.0; Win64; x64) AppleWebKit/537.36 (KHTML, like Gecko) Chrome/143.0.0.0 Safari/537.36"
}
========================================

{
  "timestamp": "2026-01-15 04:42:44",
  "method": "GET",
  "path": "/api/v1/notifications/unread",
  "headers": {
    "Accept": "application/json, text/plain, */*",
    "Authorization": "Bearer ...4HKc",
    "Content-Type": ""
  },
  "status_code": 200,
  "response_body": {
    "data": {
      "count": 0,
      "notifications": []
    },
    "message": "Unread notifications berhasil diambil",
    "success": true
  },
  "duration": "4.1989ms",
  "duration_ms": 4,
  "client_ip": "::1",
  "user_agent": "Mozilla/5.0 (Windows NT 10.0; Win64; x64) AppleWebKit/537.36 (KHTML, like Gecko) Chrome/143.0.0.0 Safari/537.36",
  "user_id": 4,
  "user_email": "astiskripsi@gmail.com"
}
========================================

{
  "timestamp": "2026-01-15 04:42:53",
  "method": "OPTIONS",
  "path": "/api/v1/notifications/unread",
  "headers": {
    "Accept": "*/*",
    "Authorization": "",
    "Content-Type": ""
  },
  "status_code": 204,
  "duration": "2.1582ms",
  "duration_ms": 2,
  "client_ip": "::1",
  "user_agent": "Mozilla/5.0 (Windows NT 10.0; Win64; x64) AppleWebKit/537.36 (KHTML, like Gecko) Chrome/143.0.0.0 Safari/537.36"
}
========================================

{
  "timestamp": "2026-01-15 04:42:53",
  "method": "GET",
  "path": "/api/v1/notifications/unread",
  "headers": {
    "Accept": "application/json, text/plain, */*",
    "Authorization": "Bearer ...4HKc",
    "Content-Type": ""
  },
  "status_code": 200,
  "response_body": {
    "data": {
      "count": 0,
      "notifications": []
    },
    "message": "Unread notifications berhasil diambil",
    "success": true
  },
  "duration": "38.4416ms",
  "duration_ms": 38,
  "client_ip": "::1",
  "user_agent": "Mozilla/5.0 (Windows NT 10.0; Win64; x64) AppleWebKit/537.36 (KHTML, like Gecko) Chrome/143.0.0.0 Safari/537.36",
  "user_id": 4,
  "user_email": "astiskripsi@gmail.com"
}
========================================

{
  "timestamp": "2026-01-15 04:42:54",
  "method": "OPTIONS",
  "path": "/api/v1/cart",
  "headers": {
    "Accept": "*/*",
    "Authorization": "",
    "Content-Type": ""
  },
  "status_code": 204,
  "duration": "1.0843ms",
  "duration_ms": 1,
  "client_ip": "::1",
  "user_agent": "Mozilla/5.0 (Windows NT 10.0; Win64; x64) AppleWebKit/537.36 (KHTML, like Gecko) Chrome/143.0.0.0 Safari/537.36"
}
========================================

{
  "timestamp": "2026-01-15 04:42:54",
  "method": "GET",
  "path": "/api/v1/notifications/unread",
  "headers": {
    "Accept": "application/json, text/plain, */*",
    "Authorization": "Bearer ...4HKc",
    "Content-Type": ""
  },
  "status_code": 200,
  "response_body": {
    "data": {
      "count": 0,
      "notifications": []
    },
    "message": "Unread notifications berhasil diambil",
    "success": true
  },
  "duration": "1.0306ms",
  "duration_ms": 1,
  "client_ip": "::1",
  "user_agent": "Mozilla/5.0 (Windows NT 10.0; Win64; x64) AppleWebKit/537.36 (KHTML, like Gecko) Chrome/143.0.0.0 Safari/537.36",
  "user_id": 4,
  "user_email": "astiskripsi@gmail.com"
}
========================================

{
  "timestamp": "2026-01-15 04:42:54",
  "method": "GET",
  "path": "/api/v1/cart",
  "headers": {
    "Accept": "application/json, text/plain, */*",
    "Authorization": "Bearer ...4HKc",
    "Content-Type": ""
  },
  "status_code": 200,
  "response_body": {
    "data": {
      "items": [
        {
          "created_at": "2026-01-15T02:42:00.271892+07:00",
          "id": 6,
          "product": {
            "category": {
              "created_at": "2026-01-08T21:55:42.326209+07:00",
              "description": "Python, PHP, and JS utility scripts",
              "icon": "terminal",
              "id": 4,
              "is_active": true,
              "name": "Scripts",
              "order": 4,
              "slug": "scripts",
              "updated_at": "2026-01-08T21:55:42.326209+07:00"
            },
            "category_id": 4,
            "created_at": "2026-01-13T02:20:25.212431+07:00",
            "created_by": 1,
            "description": "Python script to automate likes, follows, and comments. Includes safety limits to prevent account bans.",
            "downloads_count": 0,
            "features": "[\"Auto Like\", \"Auto Follow\", \"Targeting by Hashtag\"]",
            "id": 5,
            "is_active": true,
            "preview_images": "[\"https://images.unsplash.com/photo-1611162617474-5b21e879e113?auto=format\u0026fit=crop\u0026q=80\u0026w=1000\"]",
            "price": 150000,
            "rating_average": 0,
            "requirements": "[]",
            "slug": "instagram-automation-bot",
            "tech_stack": "[\"Python\", \"Selenium\"]",
            "title": "Instagram Automation Bot",
            "type": "scripts",
            "updated_at": "2026-01-13T02:20:25.212431+07:00",
            "views_count": 0
          },
          "product_id": 5,
          "quantity": 1,
          "updated_at": "2026-01-15T02:42:00.271892+07:00",
          "user_id": 4
        }
      ],
      "total": 150000
    },
    "message": "Cart retrieved successfully",
    "success": true
  },
  "duration": "13.7984ms",
  "duration_ms": 13,
  "client_ip": "::1",
  "user_agent": "Mozilla/5.0 (Windows NT 10.0; Win64; x64) AppleWebKit/537.36 (KHTML, like Gecko) Chrome/143.0.0.0 Safari/537.36",
  "user_id": 4,
  "user_email": "astiskripsi@gmail.com"
}
========================================

{
  "timestamp": "2026-01-15 04:42:54",
  "method": "OPTIONS",
  "path": "/api/v1/wishlist",
  "headers": {
    "Accept": "*/*",
    "Authorization": "",
    "Content-Type": ""
  },
  "status_code": 204,
  "duration": "0s",
  "duration_ms": 0,
  "client_ip": "::1",
  "user_agent": "Mozilla/5.0 (Windows NT 10.0; Win64; x64) AppleWebKit/537.36 (KHTML, like Gecko) Chrome/143.0.0.0 Safari/537.36"
}
========================================

{
  "timestamp": "2026-01-15 04:42:54",
  "method": "OPTIONS",
  "path": "/api/v1/products/5",
  "headers": {
    "Accept": "*/*",
    "Authorization": "",
    "Content-Type": ""
  },
  "status_code": 204,
  "duration": "0s",
  "duration_ms": 0,
  "client_ip": "::1",
  "user_agent": "Mozilla/5.0 (Windows NT 10.0; Win64; x64) AppleWebKit/537.36 (KHTML, like Gecko) Chrome/143.0.0.0 Safari/537.36"
}
========================================

{
  "timestamp": "2026-01-15 04:42:54",
  "method": "GET",
  "path": "/api/v1/wishlist",
  "headers": {
    "Accept": "application/json, text/plain, */*",
    "Authorization": "Bearer ...4HKc",
    "Content-Type": ""
  },
  "status_code": 200,
  "response_body": {
    "data": [
      {
        "created_at": "2026-01-15T01:34:45.921+07:00",
        "id": 8,
        "product": {
          "category": {
            "created_at": "2026-01-08T21:55:42.322557+07:00",
            "description": "UI kits and website templates",
            "icon": "layout",
            "id": 2,
            "is_active": true,
            "name": "Templates",
            "order": 2,
            "slug": "templates",
            "updated_at": "2026-01-08T21:55:42.322557+07:00"
          },
          "category_id": 2,
          "created_at": "2026-01-13T02:20:25.211149+07:00",
          "created_by": 1,
          "description": "Clean, responsive, and customizable admin dashboard template built with Vue 3 and Tailwind CSS.",
          "downloads_count": 0,
          "features": "[\"Dark Mode Support\", \"Responsive Layout\", \"Chart.js Integration\", \"Form Components\"]",
          "id": 4,
          "is_active": true,
          "preview_images": "[\"https://images.unsplash.com/photo-1551288049-bebda4e38f71?auto=format\u0026fit=crop\u0026q=80\u0026w=1000\"]",
          "price": 250000,
          "rating_average": 0,
          "requirements": "[]",
          "slug": "modern-admin-dashboard",
          "tech_stack": "[\"Vue 3\", \"Tailwind CSS\", \"Vite\"]",
          "title": "Modern Admin Dashboard UI",
          "type": "template",
          "updated_at": "2026-01-13T02:20:25.211149+07:00",
          "views_count": 0
        },
        "product_id": 4,
        "user_id": 4
      },
      {
        "created_at": "2026-01-15T02:55:12.207644+07:00",
        "id": 9,
        "product": {
          "category": {
            "created_at": "2026-01-08T21:55:42.314623+07:00",
            "description": "Full application source codes",
            "icon": "code",
            "id": 1,
            "is_active": true,
            "name": "Source Code",
            "order": 1,
            "slug": "source-code",
            "updated_at": "2026-01-08T21:55:42.314623+07:00"
          },
          "category_id": 1,
          "created_at": "2026-01-13T02:20:25.20936+07:00",
          "created_by": 1,
          "description": "Launch your SaaS in days with this comprehensive Next.js boilerplate. Includes Stripe integration, Authentication, Database setup with Prisma, and tailwind UI components.",
          "downloads_count": 0,
          "features": "[\"Authentication\", \"Subscription Payments\", \"Admin Dashboard\", \"SEO Optimized\"]",
          "id": 2,
          "is_active": true,
          "preview_images": "[\"https://images.unsplash.com/photo-1618477247222-ac591245363d?auto=format\u0026fit=crop\u0026q=80\u0026w=1000\"]",
          "price": 750000,
          "rating_average": 0,
          "requirements": "[]",
          "slug": "nextjs-saas-boilerplate",
          "tech_stack": "[\"Next.js\", \"TypeScript\", \"Tailwind CSS\", \"Prisma\", \"Stripe\"]",
          "title": "NextJS SaaS Boilerplate",
          "type": "source_code",
          "updated_at": "2026-01-13T02:20:25.20936+07:00",
          "views_count": 0
        },
        "product_id": 2,
        "user_id": 4
      }
    ],
    "message": "Wishlist retrieved successfully",
    "success": true
  },
  "duration": "16.777ms",
  "duration_ms": 16,
  "client_ip": "::1",
  "user_agent": "Mozilla/5.0 (Windows NT 10.0; Win64; x64) AppleWebKit/537.36 (KHTML, like Gecko) Chrome/143.0.0.0 Safari/537.36",
  "user_id": 4,
  "user_email": "astiskripsi@gmail.com"
}
========================================

{
  "timestamp": "2026-01-15 04:42:54",
  "method": "GET",
  "path": "/api/v1/products/5",
  "headers": {
    "Accept": "application/json, text/plain, */*",
    "Authorization": "Bearer ...4HKc",
    "Content-Type": ""
  },
  "status_code": 200,
  "response_body": {
    "data": {
      "category": {
        "created_at": "2026-01-08T21:55:42.326209+07:00",
        "description": "Python, PHP, and JS utility scripts",
        "icon": "terminal",
        "id": 4,
        "is_active": true,
        "name": "Scripts",
        "order": 4,
        "slug": "scripts",
        "updated_at": "2026-01-08T21:55:42.326209+07:00"
      },
      "category_id": 4,
      "created_at": "2026-01-13T02:20:25.212431+07:00",
      "created_by": 1,
      "description": "Python script to automate likes, follows, and comments. Includes safety limits to prevent account bans.",
      "downloads_count": 0,
      "features": "[\"Auto Like\", \"Auto Follow\", \"Targeting by Hashtag\"]",
      "id": 5,
      "is_active": true,
      "preview_images": "[\"https://images.unsplash.com/photo-1611162617474-5b21e879e113?auto=format\u0026fit=crop\u0026q=80\u0026w=1000\"]",
      "price": 150000,
      "rating_average": 0,
      "requirements": "[]",
      "slug": "instagram-automation-bot",
      "tech_stack": "[\"Python\", \"Selenium\"]",
      "title": "Instagram Automation Bot",
      "type": "scripts",
      "updated_at": "2026-01-13T02:20:25.212431+07:00",
      "views_count": 0
    },
    "message": "Product retrieved successfully",
    "success": true
  },
  "duration": "17.096ms",
  "duration_ms": 17,
  "client_ip": "::1",
  "user_agent": "Mozilla/5.0 (Windows NT 10.0; Win64; x64) AppleWebKit/537.36 (KHTML, like Gecko) Chrome/143.0.0.0 Safari/537.36"
}
========================================

{
  "timestamp": "2026-01-15 04:43:24",
  "method": "OPTIONS",
  "path": "/api/v1/notifications/unread",
  "headers": {
    "Accept": "*/*",
    "Authorization": "",
    "Content-Type": ""
  },
  "status_code": 204,
  "duration": "0s",
  "duration_ms": 0,
  "client_ip": "::1",
  "user_agent": "Mozilla/5.0 (Windows NT 10.0; Win64; x64) AppleWebKit/537.36 (KHTML, like Gecko) Chrome/143.0.0.0 Safari/537.36"
}
========================================

{
  "timestamp": "2026-01-15 04:43:24",
  "method": "GET",
  "path": "/api/v1/notifications/unread",
  "headers": {
    "Accept": "application/json, text/plain, */*",
    "Authorization": "Bearer ...4HKc",
    "Content-Type": ""
  },
  "status_code": 200,
  "response_body": {
    "data": {
      "count": 0,
      "notifications": []
    },
    "message": "Unread notifications berhasil diambil",
    "success": true
  },
  "duration": "2.0621ms",
  "duration_ms": 2,
  "client_ip": "::1",
  "user_agent": "Mozilla/5.0 (Windows NT 10.0; Win64; x64) AppleWebKit/537.36 (KHTML, like Gecko) Chrome/143.0.0.0 Safari/537.36",
  "user_id": 4,
  "user_email": "astiskripsi@gmail.com"
}
========================================

{
  "timestamp": "2026-01-15 04:44:49",
  "method": "GET",
  "path": "/api/v1/products",
  "query": {
    "limit": "6"
  },
  "headers": {
    "Accept": "application/json, text/plain, */*",
    "Authorization": "",
    "Content-Type": ""
  },
  "status_code": 200,
  "response_body": {
    "data": {
      "limit": 6,
      "page": 1,
      "products": [
        {
          "category": {
            "created_at": "2026-01-08T21:55:42.326209+07:00",
            "description": "Python, PHP, and JS utility scripts",
            "icon": "terminal",
            "id": 4,
            "is_active": true,
            "name": "Scripts",
            "order": 4,
            "slug": "scripts",
            "updated_at": "2026-01-08T21:55:42.326209+07:00"
          },
          "category_id": 4,
          "created_at": "2026-01-13T02:20:25.212431+07:00",
          "created_by": 1,
          "description": "Python script to automate likes, follows, and comments. Includes safety limits to prevent account bans.",
          "downloads_count": 0,
          "features": "[\"Auto Like\", \"Auto Follow\", \"Targeting by Hashtag\"]",
          "id": 5,
          "is_active": true,
          "preview_images": "[\"https://images.unsplash.com/photo-1611162617474-5b21e879e113?auto=format\u0026fit=crop\u0026q=80\u0026w=1000\"]",
          "price": 150000,
          "rating_average": 0,
          "requirements": "[]",
          "slug": "instagram-automation-bot",
          "tech_stack": "[\"Python\", \"Selenium\"]",
          "title": "Instagram Automation Bot",
          "type": "scripts",
          "updated_at": "2026-01-13T02:20:25.212431+07:00",
          "views_count": 0
        },
        {
          "category": {
            "created_at": "2026-01-08T21:55:42.322557+07:00",
            "description": "UI kits and website templates",
            "icon": "layout",
            "id": 2,
            "is_active": true,
            "name": "Templates",
            "order": 2,
            "slug": "templates",
            "updated_at": "2026-01-08T21:55:42.322557+07:00"
          },
          "category_id": 2,
          "created_at": "2026-01-13T02:20:25.211149+07:00",
          "created_by": 1,
          "description": "Clean, responsive, and customizable admin dashboard template built with Vue 3 and Tailwind CSS.",
          "downloads_count": 0,
          "features": "[\"Dark Mode Support\", \"Responsive Layout\", \"Chart.js Integration\", \"Form Components\"]",
          "id": 4,
          "is_active": true,
          "preview_images": "[\"https://images.unsplash.com/photo-1551288049-bebda4e38f71?auto=format\u0026fit=crop\u0026q=80\u0026w=1000\"]",
          "price": 250000,
          "rating_average": 0,
          "requirements": "[]",
          "slug": "modern-admin-dashboard",
          "tech_stack": "[\"Vue 3\", \"Tailwind CSS\", \"Vite\"]",
          "title": "Modern Admin Dashboard UI",
          "type": "template",
          "updated_at": "2026-01-13T02:20:25.211149+07:00",
          "views_count": 0
        },
        {
          "category": {
            "created_at": "2026-01-08T21:55:42.325061+07:00",
            "description": "Flutter, React Native, and native apps",
            "icon": "smartphone",
            "id": 3,
            "is_active": true,
            "name": "Mobile Apps",
            "order": 3,
            "slug": "mobile-apps",
            "updated_at": "2026-01-08T21:55:42.325061+07:00"
          },
          "category_id": 3,
          "created_at": "2026-01-13T02:20:25.210572+07:00",
          "created_by": 1,
          "description": "Uber Eats clone made with Flutter. Beautiful animations, real-time tracking, and vendor dashboard included. Works on both iOS and Android.",
          "downloads_count": 0,
          "features": "[\"Real-time Tracking\", \"Push Notifications\", \"Vendor App\", \"Dark Mode\"]",
          "id": 3,
          "is_active": true,
          "preview_images": "[\"https://images.unsplash.com/photo-1512941937669-90a1b58e7e9c?auto=format\u0026fit=crop\u0026q=80\u0026w=1000\"]",
          "price": 500000,
          "rating_average": 0,
          "requirements": "[]",
          "slug": "flutter-delivery-app",
          "tech_stack": "[\"Flutter\", \"Firebase\", \"Google Maps API\"]",
          "title": "Flutter Delivery App",
          "type": "mobile_apps",
          "updated_at": "2026-01-13T02:20:25.210572+07:00",
          "views_count": 0
        },
        {
          "category": {
            "created_at": "2026-01-08T21:55:42.314623+07:00",
            "description": "Full application source codes",
            "icon": "code",
            "id": 1,
            "is_active": true,
            "name": "Source Code",
            "order": 1,
            "slug": "source-code",
            "updated_at": "2026-01-08T21:55:42.314623+07:00"
          },
          "category_id": 1,
          "created_at": "2026-01-13T02:20:25.20936+07:00",
          "created_by": 1,
          "description": "Launch your SaaS in days with this comprehensive Next.js boilerplate. Includes Stripe integration, Authentication, Database setup with Prisma, and tailwind UI components.",
          "downloads_count": 0,
          "features": "[\"Authentication\", \"Subscription Payments\", \"Admin Dashboard\", \"SEO Optimized\"]",
          "id": 2,
          "is_active": true,
          "preview_images": "[\"https://images.unsplash.com/photo-1618477247222-ac591245363d?auto=format\u0026fit=crop\u0026q=80\u0026w=1000\"]",
          "price": 750000,
          "rating_average": 0,
          "requirements": "[]",
          "slug": "nextjs-saas-boilerplate",
          "tech_stack": "[\"Next.js\", \"TypeScript\", \"Tailwind CSS\", \"Prisma\", \"Stripe\"]",
          "title": "NextJS SaaS Boilerplate",
          "type": "source_code",
          "updated_at": "2026-01-13T02:20:25.20936+07:00",
          "views_count": 0
        },
        {
          "category": {
            "created_at": "2026-01-08T21:55:42.314623+07:00",
            "description": "Full application source codes",
            "icon": "code",
            "id": 1,
            "is_active": true,
            "name": "Source Code",
            "order": 1,
            "slug": "source-code",
            "updated_at": "2026-01-08T21:55:42.314623+07:00"
          },
          "category_id": 1,
          "created_at": "2026-01-13T02:20:25.197105+07:00",
          "created_by": 1,
          "description": "A complete microservices-based e-commerce backend written in Go (Golang). Includes services for products, orders, users, and payments. Features gRPC communication, Kafka event bus, and Docker compose setup.",
          "downloads_count": 0,
          "features": "[\"Microservices Architecture\", \"gRPC Communication\", \"Event-Driven\", \"Scalable\"]",
          "id": 1,
          "is_active": true,
          "preview_images": "[\"https://images.unsplash.com/photo-1555949963-aa79dcee981c?auto=format\u0026fit=crop\u0026q=80\u0026w=1000\", \"https://images.unsplash.com/photo-1555066931-4365d14bab8c?auto=format\u0026fit=crop\u0026q=80\u0026w=1000\"]",
          "price": 1500000,
          "rating_average": 0,
          "requirements": "[]",
          "slug": "ecommerce-microservices-go",
          "tech_stack": "[\"Golang\", \"gRPC\", \"Kafka\", \"PostgreSQL\", \"Docker\"]",
          "title": "E-Commerce Microservices Go",
          "type": "source_code",
          "updated_at": "2026-01-13T02:20:25.197105+07:00",
          "views_count": 0
        }
      ],
      "total": 5
    },
    "message": "Products retrieved successfully",
    "success": true
  },
  "duration": "33.8094ms",
  "duration_ms": 33,
  "client_ip": "::1",
  "user_agent": "Mozilla/5.0 (Windows NT 10.0; Win64; x64) AppleWebKit/537.36 (KHTML, like Gecko) Chrome/143.0.0.0 Safari/537.36"
}
========================================

{
  "timestamp": "2026-01-15 04:44:57",
  "method": "OPTIONS",
  "path": "/api/v1/notifications/unread",
  "headers": {
    "Accept": "*/*",
    "Authorization": "",
    "Content-Type": ""
  },
  "status_code": 204,
  "duration": "503.3µs",
  "duration_ms": 0,
  "client_ip": "::1",
  "user_agent": "Mozilla/5.0 (Windows NT 10.0; Win64; x64) AppleWebKit/537.36 (KHTML, like Gecko) Chrome/143.0.0.0 Safari/537.36"
}
========================================

{
  "timestamp": "2026-01-15 04:44:57",
  "method": "OPTIONS",
  "path": "/api/v1/cart",
  "headers": {
    "Accept": "*/*",
    "Authorization": "",
    "Content-Type": ""
  },
  "status_code": 204,
  "duration": "518.1µs",
  "duration_ms": 0,
  "client_ip": "::1",
  "user_agent": "Mozilla/5.0 (Windows NT 10.0; Win64; x64) AppleWebKit/537.36 (KHTML, like Gecko) Chrome/143.0.0.0 Safari/537.36"
}
========================================

{
  "timestamp": "2026-01-15 04:44:57",
  "method": "GET",
  "path": "/api/v1/notifications/unread",
  "headers": {
    "Accept": "application/json, text/plain, */*",
    "Authorization": "Bearer ...fnP8",
    "Content-Type": ""
  },
  "status_code": 200,
  "response_body": {
    "data": {
      "count": 0,
      "notifications": []
    },
    "message": "Unread notifications berhasil diambil",
    "success": true
  },
  "duration": "2.1645ms",
  "duration_ms": 2,
  "client_ip": "::1",
  "user_agent": "Mozilla/5.0 (Windows NT 10.0; Win64; x64) AppleWebKit/537.36 (KHTML, like Gecko) Chrome/143.0.0.0 Safari/537.36",
  "user_id": 2,
  "user_email": "codingin19@gmail.com"
}
========================================

{
  "timestamp": "2026-01-15 04:44:57",
  "method": "GET",
  "path": "/api/v1/cart",
  "headers": {
    "Accept": "application/json, text/plain, */*",
    "Authorization": "Bearer ...fnP8",
    "Content-Type": ""
  },
  "status_code": 200,
  "response_body": {
    "data": {
      "items": [],
      "total": 0
    },
    "message": "Cart retrieved successfully",
    "success": true
  },
  "duration": "5.8477ms",
  "duration_ms": 5,
  "client_ip": "::1",
  "user_agent": "Mozilla/5.0 (Windows NT 10.0; Win64; x64) AppleWebKit/537.36 (KHTML, like Gecko) Chrome/143.0.0.0 Safari/537.36",
  "user_id": 2,
  "user_email": "codingin19@gmail.com"
}
========================================

{
  "timestamp": "2026-01-15 04:44:57",
  "method": "OPTIONS",
  "path": "/api/v1/wishlist",
  "headers": {
    "Accept": "*/*",
    "Authorization": "",
    "Content-Type": ""
  },
  "status_code": 204,
  "duration": "0s",
  "duration_ms": 0,
  "client_ip": "::1",
  "user_agent": "Mozilla/5.0 (Windows NT 10.0; Win64; x64) AppleWebKit/537.36 (KHTML, like Gecko) Chrome/143.0.0.0 Safari/537.36"
}
========================================

{
  "timestamp": "2026-01-15 04:44:57",
  "method": "GET",
  "path": "/api/v1/wishlist",
  "headers": {
    "Accept": "application/json, text/plain, */*",
    "Authorization": "Bearer ...fnP8",
    "Content-Type": ""
  },
  "status_code": 200,
  "response_body": {
    "data": [
      {
        "created_at": "2026-01-14T22:13:48.734726+07:00",
        "id": 1,
        "product": {
          "category": {
            "created_at": "2026-01-08T21:55:42.326209+07:00",
            "description": "Python, PHP, and JS utility scripts",
            "icon": "terminal",
            "id": 4,
            "is_active": true,
            "name": "Scripts",
            "order": 4,
            "slug": "scripts",
            "updated_at": "2026-01-08T21:55:42.326209+07:00"
          },
          "category_id": 4,
          "created_at": "2026-01-13T02:20:25.212431+07:00",
          "created_by": 1,
          "description": "Python script to automate likes, follows, and comments. Includes safety limits to prevent account bans.",
          "downloads_count": 0,
          "features": "[\"Auto Like\", \"Auto Follow\", \"Targeting by Hashtag\"]",
          "id": 5,
          "is_active": true,
          "preview_images": "[\"https://images.unsplash.com/photo-1611162617474-5b21e879e113?auto=format\u0026fit=crop\u0026q=80\u0026w=1000\"]",
          "price": 150000,
          "rating_average": 0,
          "requirements": "[]",
          "slug": "instagram-automation-bot",
          "tech_stack": "[\"Python\", \"Selenium\"]",
          "title": "Instagram Automation Bot",
          "type": "scripts",
          "updated_at": "2026-01-13T02:20:25.212431+07:00",
          "views_count": 0
        },
        "product_id": 5,
        "user_id": 2
      }
    ],
    "message": "Wishlist retrieved successfully",
    "success": true
  },
  "duration": "2.7235ms",
  "duration_ms": 2,
  "client_ip": "::1",
  "user_agent": "Mozilla/5.0 (Windows NT 10.0; Win64; x64) AppleWebKit/537.36 (KHTML, like Gecko) Chrome/143.0.0.0 Safari/537.36",
  "user_id": 2,
  "user_email": "codingin19@gmail.com"
}
========================================

{
  "timestamp": "2026-01-15 04:45:00",
  "method": "GET",
  "path": "/api/v1/notifications/unread",
  "headers": {
    "Accept": "application/json, text/plain, */*",
    "Authorization": "Bearer ...fnP8",
    "Content-Type": ""
  },
  "status_code": 200,
  "response_body": {
    "data": {
      "count": 0,
      "notifications": []
    },
    "message": "Unread notifications berhasil diambil",
    "success": true
  },
  "duration": "2.8998ms",
  "duration_ms": 2,
  "client_ip": "::1",
  "user_agent": "Mozilla/5.0 (Windows NT 10.0; Win64; x64) AppleWebKit/537.36 (KHTML, like Gecko) Chrome/143.0.0.0 Safari/537.36",
  "user_id": 2,
  "user_email": "codingin19@gmail.com"
}
========================================

{
  "timestamp": "2026-01-15 04:45:00",
  "method": "GET",
  "path": "/api/v1/cart",
  "headers": {
    "Accept": "application/json, text/plain, */*",
    "Authorization": "Bearer ...fnP8",
    "Content-Type": ""
  },
  "status_code": 200,
  "response_body": {
    "data": {
      "items": [],
      "total": 0
    },
    "message": "Cart retrieved successfully",
    "success": true
  },
  "duration": "7.7142ms",
  "duration_ms": 7,
  "client_ip": "::1",
  "user_agent": "Mozilla/5.0 (Windows NT 10.0; Win64; x64) AppleWebKit/537.36 (KHTML, like Gecko) Chrome/143.0.0.0 Safari/537.36",
  "user_id": 2,
  "user_email": "codingin19@gmail.com"
}
========================================

{
  "timestamp": "2026-01-15 04:45:00",
  "method": "GET",
  "path": "/api/v1/wishlist",
  "headers": {
    "Accept": "application/json, text/plain, */*",
    "Authorization": "Bearer ...fnP8",
    "Content-Type": ""
  },
  "status_code": 200,
  "response_body": {
    "data": [
      {
        "created_at": "2026-01-14T22:13:48.734726+07:00",
        "id": 1,
        "product": {
          "category": {
            "created_at": "2026-01-08T21:55:42.326209+07:00",
            "description": "Python, PHP, and JS utility scripts",
            "icon": "terminal",
            "id": 4,
            "is_active": true,
            "name": "Scripts",
            "order": 4,
            "slug": "scripts",
            "updated_at": "2026-01-08T21:55:42.326209+07:00"
          },
          "category_id": 4,
          "created_at": "2026-01-13T02:20:25.212431+07:00",
          "created_by": 1,
          "description": "Python script to automate likes, follows, and comments. Includes safety limits to prevent account bans.",
          "downloads_count": 0,
          "features": "[\"Auto Like\", \"Auto Follow\", \"Targeting by Hashtag\"]",
          "id": 5,
          "is_active": true,
          "preview_images": "[\"https://images.unsplash.com/photo-1611162617474-5b21e879e113?auto=format\u0026fit=crop\u0026q=80\u0026w=1000\"]",
          "price": 150000,
          "rating_average": 0,
          "requirements": "[]",
          "slug": "instagram-automation-bot",
          "tech_stack": "[\"Python\", \"Selenium\"]",
          "title": "Instagram Automation Bot",
          "type": "scripts",
          "updated_at": "2026-01-13T02:20:25.212431+07:00",
          "views_count": 0
        },
        "product_id": 5,
        "user_id": 2
      }
    ],
    "message": "Wishlist retrieved successfully",
    "success": true
  },
  "duration": "25.4027ms",
  "duration_ms": 25,
  "client_ip": "::1",
  "user_agent": "Mozilla/5.0 (Windows NT 10.0; Win64; x64) AppleWebKit/537.36 (KHTML, like Gecko) Chrome/143.0.0.0 Safari/537.36",
  "user_id": 2,
  "user_email": "codingin19@gmail.com"
}
========================================

{
  "timestamp": "2026-01-15 04:45:00",
  "method": "OPTIONS",
  "path": "/api/v1/products",
  "query": {
    "limit": "6"
  },
  "headers": {
    "Accept": "*/*",
    "Authorization": "",
    "Content-Type": ""
  },
  "status_code": 204,
  "duration": "0s",
  "duration_ms": 0,
  "client_ip": "::1",
  "user_agent": "Mozilla/5.0 (Windows NT 10.0; Win64; x64) AppleWebKit/537.36 (KHTML, like Gecko) Chrome/143.0.0.0 Safari/537.36"
}
========================================

{
  "timestamp": "2026-01-15 04:45:00",
  "method": "GET",
  "path": "/api/v1/products",
  "query": {
    "limit": "6"
  },
  "headers": {
    "Accept": "application/json, text/plain, */*",
    "Authorization": "Bearer ...fnP8",
    "Content-Type": ""
  },
  "status_code": 200,
  "response_body": {
    "data": {
      "limit": 6,
      "page": 1,
      "products": [
        {
          "category": {
            "created_at": "2026-01-08T21:55:42.326209+07:00",
            "description": "Python, PHP, and JS utility scripts",
            "icon": "terminal",
            "id": 4,
            "is_active": true,
            "name": "Scripts",
            "order": 4,
            "slug": "scripts",
            "updated_at": "2026-01-08T21:55:42.326209+07:00"
          },
          "category_id": 4,
          "created_at": "2026-01-13T02:20:25.212431+07:00",
          "created_by": 1,
          "description": "Python script to automate likes, follows, and comments. Includes safety limits to prevent account bans.",
          "downloads_count": 0,
          "features": "[\"Auto Like\", \"Auto Follow\", \"Targeting by Hashtag\"]",
          "id": 5,
          "is_active": true,
          "preview_images": "[\"https://images.unsplash.com/photo-1611162617474-5b21e879e113?auto=format\u0026fit=crop\u0026q=80\u0026w=1000\"]",
          "price": 150000,
          "rating_average": 0,
          "requirements": "[]",
          "slug": "instagram-automation-bot",
          "tech_stack": "[\"Python\", \"Selenium\"]",
          "title": "Instagram Automation Bot",
          "type": "scripts",
          "updated_at": "2026-01-13T02:20:25.212431+07:00",
          "views_count": 0
        },
        {
          "category": {
            "created_at": "2026-01-08T21:55:42.322557+07:00",
            "description": "UI kits and website templates",
            "icon": "layout",
            "id": 2,
            "is_active": true,
            "name": "Templates",
            "order": 2,
            "slug": "templates",
            "updated_at": "2026-01-08T21:55:42.322557+07:00"
          },
          "category_id": 2,
          "created_at": "2026-01-13T02:20:25.211149+07:00",
          "created_by": 1,
          "description": "Clean, responsive, and customizable admin dashboard template built with Vue 3 and Tailwind CSS.",
          "downloads_count": 0,
          "features": "[\"Dark Mode Support\", \"Responsive Layout\", \"Chart.js Integration\", \"Form Components\"]",
          "id": 4,
          "is_active": true,
          "preview_images": "[\"https://images.unsplash.com/photo-1551288049-bebda4e38f71?auto=format\u0026fit=crop\u0026q=80\u0026w=1000\"]",
          "price": 250000,
          "rating_average": 0,
          "requirements": "[]",
          "slug": "modern-admin-dashboard",
          "tech_stack": "[\"Vue 3\", \"Tailwind CSS\", \"Vite\"]",
          "title": "Modern Admin Dashboard UI",
          "type": "template",
          "updated_at": "2026-01-13T02:20:25.211149+07:00",
          "views_count": 0
        },
        {
          "category": {
            "created_at": "2026-01-08T21:55:42.325061+07:00",
            "description": "Flutter, React Native, and native apps",
            "icon": "smartphone",
            "id": 3,
            "is_active": true,
            "name": "Mobile Apps",
            "order": 3,
            "slug": "mobile-apps",
            "updated_at": "2026-01-08T21:55:42.325061+07:00"
          },
          "category_id": 3,
          "created_at": "2026-01-13T02:20:25.210572+07:00",
          "created_by": 1,
          "description": "Uber Eats clone made with Flutter. Beautiful animations, real-time tracking, and vendor dashboard included. Works on both iOS and Android.",
          "downloads_count": 0,
          "features": "[\"Real-time Tracking\", \"Push Notifications\", \"Vendor App\", \"Dark Mode\"]",
          "id": 3,
          "is_active": true,
          "preview_images": "[\"https://images.unsplash.com/photo-1512941937669-90a1b58e7e9c?auto=format\u0026fit=crop\u0026q=80\u0026w=1000\"]",
          "price": 500000,
          "rating_average": 0,
          "requirements": "[]",
          "slug": "flutter-delivery-app",
          "tech_stack": "[\"Flutter\", \"Firebase\", \"Google Maps API\"]",
          "title": "Flutter Delivery App",
          "type": "mobile_apps",
          "updated_at": "2026-01-13T02:20:25.210572+07:00",
          "views_count": 0
        },
        {
          "category": {
            "created_at": "2026-01-08T21:55:42.314623+07:00",
            "description": "Full application source codes",
            "icon": "code",
            "id": 1,
            "is_active": true,
            "name": "Source Code",
            "order": 1,
            "slug": "source-code",
            "updated_at": "2026-01-08T21:55:42.314623+07:00"
          },
          "category_id": 1,
          "created_at": "2026-01-13T02:20:25.20936+07:00",
          "created_by": 1,
          "description": "Launch your SaaS in days with this comprehensive Next.js boilerplate. Includes Stripe integration, Authentication, Database setup with Prisma, and tailwind UI components.",
          "downloads_count": 0,
          "features": "[\"Authentication\", \"Subscription Payments\", \"Admin Dashboard\", \"SEO Optimized\"]",
          "id": 2,
          "is_active": true,
          "preview_images": "[\"https://images.unsplash.com/photo-1618477247222-ac591245363d?auto=format\u0026fit=crop\u0026q=80\u0026w=1000\"]",
          "price": 750000,
          "rating_average": 0,
          "requirements": "[]",
          "slug": "nextjs-saas-boilerplate",
          "tech_stack": "[\"Next.js\", \"TypeScript\", \"Tailwind CSS\", \"Prisma\", \"Stripe\"]",
          "title": "NextJS SaaS Boilerplate",
          "type": "source_code",
          "updated_at": "2026-01-13T02:20:25.20936+07:00",
          "views_count": 0
        },
        {
          "category": {
            "created_at": "2026-01-08T21:55:42.314623+07:00",
            "description": "Full application source codes",
            "icon": "code",
            "id": 1,
            "is_active": true,
            "name": "Source Code",
            "order": 1,
            "slug": "source-code",
            "updated_at": "2026-01-08T21:55:42.314623+07:00"
          },
          "category_id": 1,
          "created_at": "2026-01-13T02:20:25.197105+07:00",
          "created_by": 1,
          "description": "A complete microservices-based e-commerce backend written in Go (Golang). Includes services for products, orders, users, and payments. Features gRPC communication, Kafka event bus, and Docker compose setup.",
          "downloads_count": 0,
          "features": "[\"Microservices Architecture\", \"gRPC Communication\", \"Event-Driven\", \"Scalable\"]",
          "id": 1,
          "is_active": true,
          "preview_images": "[\"https://images.unsplash.com/photo-1555949963-aa79dcee981c?auto=format\u0026fit=crop\u0026q=80\u0026w=1000\", \"https://images.unsplash.com/photo-1555066931-4365d14bab8c?auto=format\u0026fit=crop\u0026q=80\u0026w=1000\"]",
          "price": 1500000,
          "rating_average": 0,
          "requirements": "[]",
          "slug": "ecommerce-microservices-go",
          "tech_stack": "[\"Golang\", \"gRPC\", \"Kafka\", \"PostgreSQL\", \"Docker\"]",
          "title": "E-Commerce Microservices Go",
          "type": "source_code",
          "updated_at": "2026-01-13T02:20:25.197105+07:00",
          "views_count": 0
        }
      ],
      "total": 5
    },
    "message": "Products retrieved successfully",
    "success": true
  },
  "duration": "3.3796ms",
  "duration_ms": 3,
  "client_ip": "::1",
  "user_agent": "Mozilla/5.0 (Windows NT 10.0; Win64; x64) AppleWebKit/537.36 (KHTML, like Gecko) Chrome/143.0.0.0 Safari/537.36"
}
========================================

{
  "timestamp": "2026-01-15 04:45:30",
  "method": "OPTIONS",
  "path": "/api/v1/notifications/unread",
  "headers": {
    "Accept": "*/*",
    "Authorization": "",
    "Content-Type": ""
  },
  "status_code": 204,
  "duration": "0s",
  "duration_ms": 0,
  "client_ip": "::1",
  "user_agent": "Mozilla/5.0 (Windows NT 10.0; Win64; x64) AppleWebKit/537.36 (KHTML, like Gecko) Chrome/143.0.0.0 Safari/537.36"
}
========================================

{
  "timestamp": "2026-01-15 04:45:30",
  "method": "GET",
  "path": "/api/v1/notifications/unread",
  "headers": {
    "Accept": "application/json, text/plain, */*",
    "Authorization": "Bearer ...fnP8",
    "Content-Type": ""
  },
  "status_code": 200,
  "response_body": {
    "data": {
      "count": 0,
      "notifications": []
    },
    "message": "Unread notifications berhasil diambil",
    "success": true
  },
  "duration": "2.0424ms",
  "duration_ms": 2,
  "client_ip": "::1",
  "user_agent": "Mozilla/5.0 (Windows NT 10.0; Win64; x64) AppleWebKit/537.36 (KHTML, like Gecko) Chrome/143.0.0.0 Safari/537.36",
  "user_id": 2,
  "user_email": "codingin19@gmail.com"
}
========================================

{
  "timestamp": "2026-01-15 04:46:00",
  "method": "OPTIONS",
  "path": "/api/v1/notifications/unread",
  "headers": {
    "Accept": "*/*",
    "Authorization": "",
    "Content-Type": ""
  },
  "status_code": 204,
  "duration": "502.5µs",
  "duration_ms": 0,
  "client_ip": "::1",
  "user_agent": "Mozilla/5.0 (Windows NT 10.0; Win64; x64) AppleWebKit/537.36 (KHTML, like Gecko) Chrome/143.0.0.0 Safari/537.36"
}
========================================

{
  "timestamp": "2026-01-15 04:46:00",
  "method": "GET",
  "path": "/api/v1/notifications/unread",
  "headers": {
    "Accept": "application/json, text/plain, */*",
    "Authorization": "Bearer ...fnP8",
    "Content-Type": ""
  },
  "status_code": 200,
  "response_body": {
    "data": {
      "count": 0,
      "notifications": []
    },
    "message": "Unread notifications berhasil diambil",
    "success": true
  },
  "duration": "6.1387ms",
  "duration_ms": 6,
  "client_ip": "::1",
  "user_agent": "Mozilla/5.0 (Windows NT 10.0; Win64; x64) AppleWebKit/537.36 (KHTML, like Gecko) Chrome/143.0.0.0 Safari/537.36",
  "user_id": 2,
  "user_email": "codingin19@gmail.com"
}
========================================

{
  "timestamp": "2026-01-15 04:46:30",
  "method": "OPTIONS",
  "path": "/api/v1/notifications/unread",
  "headers": {
    "Accept": "*/*",
    "Authorization": "",
    "Content-Type": ""
  },
  "status_code": 204,
  "duration": "499.9µs",
  "duration_ms": 0,
  "client_ip": "::1",
  "user_agent": "Mozilla/5.0 (Windows NT 10.0; Win64; x64) AppleWebKit/537.36 (KHTML, like Gecko) Chrome/143.0.0.0 Safari/537.36"
}
========================================

{
  "timestamp": "2026-01-15 04:46:30",
  "method": "GET",
  "path": "/api/v1/notifications/unread",
  "headers": {
    "Accept": "application/json, text/plain, */*",
    "Authorization": "Bearer ...fnP8",
    "Content-Type": ""
  },
  "status_code": 200,
  "response_body": {
    "data": {
      "count": 0,
      "notifications": []
    },
    "message": "Unread notifications berhasil diambil",
    "success": true
  },
  "duration": "2.0141ms",
  "duration_ms": 2,
  "client_ip": "::1",
  "user_agent": "Mozilla/5.0 (Windows NT 10.0; Win64; x64) AppleWebKit/537.36 (KHTML, like Gecko) Chrome/143.0.0.0 Safari/537.36",
  "user_id": 2,
  "user_email": "codingin19@gmail.com"
}
========================================

{
  "timestamp": "2026-01-15 04:47:00",
  "method": "OPTIONS",
  "path": "/api/v1/notifications/unread",
  "headers": {
    "Accept": "*/*",
    "Authorization": "",
    "Content-Type": ""
  },
  "status_code": 204,
  "duration": "0s",
  "duration_ms": 0,
  "client_ip": "::1",
  "user_agent": "Mozilla/5.0 (Windows NT 10.0; Win64; x64) AppleWebKit/537.36 (KHTML, like Gecko) Chrome/143.0.0.0 Safari/537.36"
}
========================================

{
  "timestamp": "2026-01-15 04:47:00",
  "method": "GET",
  "path": "/api/v1/notifications/unread",
  "headers": {
    "Accept": "application/json, text/plain, */*",
    "Authorization": "Bearer ...fnP8",
    "Content-Type": ""
  },
  "status_code": 200,
  "response_body": {
    "data": {
      "count": 0,
      "notifications": []
    },
    "message": "Unread notifications berhasil diambil",
    "success": true
  },
  "duration": "3.5116ms",
  "duration_ms": 3,
  "client_ip": "::1",
  "user_agent": "Mozilla/5.0 (Windows NT 10.0; Win64; x64) AppleWebKit/537.36 (KHTML, like Gecko) Chrome/143.0.0.0 Safari/537.36",
  "user_id": 2,
  "user_email": "codingin19@gmail.com"
}
========================================

{
  "timestamp": "2026-01-15 04:47:30",
  "method": "OPTIONS",
  "path": "/api/v1/notifications/unread",
  "headers": {
    "Accept": "*/*",
    "Authorization": "",
    "Content-Type": ""
  },
  "status_code": 204,
  "duration": "611.1µs",
  "duration_ms": 0,
  "client_ip": "::1",
  "user_agent": "Mozilla/5.0 (Windows NT 10.0; Win64; x64) AppleWebKit/537.36 (KHTML, like Gecko) Chrome/143.0.0.0 Safari/537.36"
}
========================================

{
  "timestamp": "2026-01-15 04:47:30",
  "method": "GET",
  "path": "/api/v1/notifications/unread",
  "headers": {
    "Accept": "application/json, text/plain, */*",
    "Authorization": "Bearer ...fnP8",
    "Content-Type": ""
  },
  "status_code": 200,
  "response_body": {
    "data": {
      "count": 0,
      "notifications": []
    },
    "message": "Unread notifications berhasil diambil",
    "success": true
  },
  "duration": "2.0018ms",
  "duration_ms": 2,
  "client_ip": "::1",
  "user_agent": "Mozilla/5.0 (Windows NT 10.0; Win64; x64) AppleWebKit/537.36 (KHTML, like Gecko) Chrome/143.0.0.0 Safari/537.36",
  "user_id": 2,
  "user_email": "codingin19@gmail.com"
}
========================================

{
  "timestamp": "2026-01-15 04:48:00",
  "method": "OPTIONS",
  "path": "/api/v1/notifications/unread",
  "headers": {
    "Accept": "*/*",
    "Authorization": "",
    "Content-Type": ""
  },
  "status_code": 204,
  "duration": "0s",
  "duration_ms": 0,
  "client_ip": "::1",
  "user_agent": "Mozilla/5.0 (Windows NT 10.0; Win64; x64) AppleWebKit/537.36 (KHTML, like Gecko) Chrome/143.0.0.0 Safari/537.36"
}
========================================

{
  "timestamp": "2026-01-15 04:48:00",
  "method": "GET",
  "path": "/api/v1/notifications/unread",
  "headers": {
    "Accept": "application/json, text/plain, */*",
    "Authorization": "Bearer ...fnP8",
    "Content-Type": ""
  },
  "status_code": 200,
  "response_body": {
    "data": {
      "count": 0,
      "notifications": []
    },
    "message": "Unread notifications berhasil diambil",
    "success": true
  },
  "duration": "2.5712ms",
  "duration_ms": 2,
  "client_ip": "::1",
  "user_agent": "Mozilla/5.0 (Windows NT 10.0; Win64; x64) AppleWebKit/537.36 (KHTML, like Gecko) Chrome/143.0.0.0 Safari/537.36",
  "user_id": 2,
  "user_email": "codingin19@gmail.com"
}
========================================

{
  "timestamp": "2026-01-15 04:48:30",
  "method": "OPTIONS",
  "path": "/api/v1/notifications/unread",
  "headers": {
    "Accept": "*/*",
    "Authorization": "",
    "Content-Type": ""
  },
  "status_code": 204,
  "duration": "500.6µs",
  "duration_ms": 0,
  "client_ip": "::1",
  "user_agent": "Mozilla/5.0 (Windows NT 10.0; Win64; x64) AppleWebKit/537.36 (KHTML, like Gecko) Chrome/143.0.0.0 Safari/537.36"
}
========================================

{
  "timestamp": "2026-01-15 04:48:30",
  "method": "GET",
  "path": "/api/v1/notifications/unread",
  "headers": {
    "Accept": "application/json, text/plain, */*",
    "Authorization": "Bearer ...fnP8",
    "Content-Type": ""
  },
  "status_code": 200,
  "response_body": {
    "data": {
      "count": 0,
      "notifications": []
    },
    "message": "Unread notifications berhasil diambil",
    "success": true
  },
  "duration": "2.005ms",
  "duration_ms": 2,
  "client_ip": "::1",
  "user_agent": "Mozilla/5.0 (Windows NT 10.0; Win64; x64) AppleWebKit/537.36 (KHTML, like Gecko) Chrome/143.0.0.0 Safari/537.36",
  "user_id": 2,
  "user_email": "codingin19@gmail.com"
}
========================================

{
  "timestamp": "2026-01-15 04:49:00",
  "method": "OPTIONS",
  "path": "/api/v1/notifications/unread",
  "headers": {
    "Accept": "*/*",
    "Authorization": "",
    "Content-Type": ""
  },
  "status_code": 204,
  "duration": "500.8µs",
  "duration_ms": 0,
  "client_ip": "::1",
  "user_agent": "Mozilla/5.0 (Windows NT 10.0; Win64; x64) AppleWebKit/537.36 (KHTML, like Gecko) Chrome/143.0.0.0 Safari/537.36"
}
========================================

{
  "timestamp": "2026-01-15 04:49:00",
  "method": "GET",
  "path": "/api/v1/notifications/unread",
  "headers": {
    "Accept": "application/json, text/plain, */*",
    "Authorization": "Bearer ...fnP8",
    "Content-Type": ""
  },
  "status_code": 200,
  "response_body": {
    "data": {
      "count": 0,
      "notifications": []
    },
    "message": "Unread notifications berhasil diambil",
    "success": true
  },
  "duration": "2.5049ms",
  "duration_ms": 2,
  "client_ip": "::1",
  "user_agent": "Mozilla/5.0 (Windows NT 10.0; Win64; x64) AppleWebKit/537.36 (KHTML, like Gecko) Chrome/143.0.0.0 Safari/537.36",
  "user_id": 2,
  "user_email": "codingin19@gmail.com"
}
========================================

{
  "timestamp": "2026-01-15 04:49:30",
  "method": "OPTIONS",
  "path": "/api/v1/notifications/unread",
  "headers": {
    "Accept": "*/*",
    "Authorization": "",
    "Content-Type": ""
  },
  "status_code": 204,
  "duration": "500.8µs",
  "duration_ms": 0,
  "client_ip": "::1",
  "user_agent": "Mozilla/5.0 (Windows NT 10.0; Win64; x64) AppleWebKit/537.36 (KHTML, like Gecko) Chrome/143.0.0.0 Safari/537.36"
}
========================================

{
  "timestamp": "2026-01-15 04:49:30",
  "method": "GET",
  "path": "/api/v1/notifications/unread",
  "headers": {
    "Accept": "application/json, text/plain, */*",
    "Authorization": "Bearer ...fnP8",
    "Content-Type": ""
  },
  "status_code": 200,
  "response_body": {
    "data": {
      "count": 0,
      "notifications": []
    },
    "message": "Unread notifications berhasil diambil",
    "success": true
  },
  "duration": "2.1006ms",
  "duration_ms": 2,
  "client_ip": "::1",
  "user_agent": "Mozilla/5.0 (Windows NT 10.0; Win64; x64) AppleWebKit/537.36 (KHTML, like Gecko) Chrome/143.0.0.0 Safari/537.36",
  "user_id": 2,
  "user_email": "codingin19@gmail.com"
}
========================================

{
  "timestamp": "2026-01-15 04:50:00",
  "method": "OPTIONS",
  "path": "/api/v1/notifications/unread",
  "headers": {
    "Accept": "*/*",
    "Authorization": "",
    "Content-Type": ""
  },
  "status_code": 204,
  "duration": "0s",
  "duration_ms": 0,
  "client_ip": "::1",
  "user_agent": "Mozilla/5.0 (Windows NT 10.0; Win64; x64) AppleWebKit/537.36 (KHTML, like Gecko) Chrome/143.0.0.0 Safari/537.36"
}
========================================

{
  "timestamp": "2026-01-15 04:50:00",
  "method": "GET",
  "path": "/api/v1/notifications/unread",
  "headers": {
    "Accept": "application/json, text/plain, */*",
    "Authorization": "Bearer ...fnP8",
    "Content-Type": ""
  },
  "status_code": 200,
  "response_body": {
    "data": {
      "count": 0,
      "notifications": []
    },
    "message": "Unread notifications berhasil diambil",
    "success": true
  },
  "duration": "2.0051ms",
  "duration_ms": 2,
  "client_ip": "::1",
  "user_agent": "Mozilla/5.0 (Windows NT 10.0; Win64; x64) AppleWebKit/537.36 (KHTML, like Gecko) Chrome/143.0.0.0 Safari/537.36",
  "user_id": 2,
  "user_email": "codingin19@gmail.com"
}
========================================

{
  "timestamp": "2026-01-15 04:50:30",
  "method": "OPTIONS",
  "path": "/api/v1/notifications/unread",
  "headers": {
    "Accept": "*/*",
    "Authorization": "",
    "Content-Type": ""
  },
  "status_code": 204,
  "duration": "0s",
  "duration_ms": 0,
  "client_ip": "::1",
  "user_agent": "Mozilla/5.0 (Windows NT 10.0; Win64; x64) AppleWebKit/537.36 (KHTML, like Gecko) Chrome/143.0.0.0 Safari/537.36"
}
========================================

{
  "timestamp": "2026-01-15 04:50:30",
  "method": "GET",
  "path": "/api/v1/notifications/unread",
  "headers": {
    "Accept": "application/json, text/plain, */*",
    "Authorization": "Bearer ...fnP8",
    "Content-Type": ""
  },
  "status_code": 200,
  "response_body": {
    "data": {
      "count": 0,
      "notifications": []
    },
    "message": "Unread notifications berhasil diambil",
    "success": true
  },
  "duration": "2.0612ms",
  "duration_ms": 2,
  "client_ip": "::1",
  "user_agent": "Mozilla/5.0 (Windows NT 10.0; Win64; x64) AppleWebKit/537.36 (KHTML, like Gecko) Chrome/143.0.0.0 Safari/537.36",
  "user_id": 2,
  "user_email": "codingin19@gmail.com"
}
========================================

{
  "timestamp": "2026-01-15 04:51:00",
  "method": "OPTIONS",
  "path": "/api/v1/notifications/unread",
  "headers": {
    "Accept": "*/*",
    "Authorization": "",
    "Content-Type": ""
  },
  "status_code": 204,
  "duration": "500.3µs",
  "duration_ms": 0,
  "client_ip": "::1",
  "user_agent": "Mozilla/5.0 (Windows NT 10.0; Win64; x64) AppleWebKit/537.36 (KHTML, like Gecko) Chrome/143.0.0.0 Safari/537.36"
}
========================================

{
  "timestamp": "2026-01-15 04:51:00",
  "method": "GET",
  "path": "/api/v1/notifications/unread",
  "headers": {
    "Accept": "application/json, text/plain, */*",
    "Authorization": "Bearer ...fnP8",
    "Content-Type": ""
  },
  "status_code": 200,
  "response_body": {
    "data": {
      "count": 0,
      "notifications": []
    },
    "message": "Unread notifications berhasil diambil",
    "success": true
  },
  "duration": "1.9987ms",
  "duration_ms": 1,
  "client_ip": "::1",
  "user_agent": "Mozilla/5.0 (Windows NT 10.0; Win64; x64) AppleWebKit/537.36 (KHTML, like Gecko) Chrome/143.0.0.0 Safari/537.36",
  "user_id": 2,
  "user_email": "codingin19@gmail.com"
}
========================================

{
  "timestamp": "2026-01-15 04:51:30",
  "method": "OPTIONS",
  "path": "/api/v1/notifications/unread",
  "headers": {
    "Accept": "*/*",
    "Authorization": "",
    "Content-Type": ""
  },
  "status_code": 204,
  "duration": "500.4µs",
  "duration_ms": 0,
  "client_ip": "::1",
  "user_agent": "Mozilla/5.0 (Windows NT 10.0; Win64; x64) AppleWebKit/537.36 (KHTML, like Gecko) Chrome/143.0.0.0 Safari/537.36"
}
========================================

{
  "timestamp": "2026-01-15 04:51:30",
  "method": "GET",
  "path": "/api/v1/notifications/unread",
  "headers": {
    "Accept": "application/json, text/plain, */*",
    "Authorization": "Bearer ...fnP8",
    "Content-Type": ""
  },
  "status_code": 200,
  "response_body": {
    "data": {
      "count": 0,
      "notifications": []
    },
    "message": "Unread notifications berhasil diambil",
    "success": true
  },
  "duration": "2.0016ms",
  "duration_ms": 2,
  "client_ip": "::1",
  "user_agent": "Mozilla/5.0 (Windows NT 10.0; Win64; x64) AppleWebKit/537.36 (KHTML, like Gecko) Chrome/143.0.0.0 Safari/537.36",
  "user_id": 2,
  "user_email": "codingin19@gmail.com"
}
========================================

{
  "timestamp": "2026-01-15 04:52:00",
  "method": "OPTIONS",
  "path": "/api/v1/notifications/unread",
  "headers": {
    "Accept": "*/*",
    "Authorization": "",
    "Content-Type": ""
  },
  "status_code": 204,
  "duration": "0s",
  "duration_ms": 0,
  "client_ip": "::1",
  "user_agent": "Mozilla/5.0 (Windows NT 10.0; Win64; x64) AppleWebKit/537.36 (KHTML, like Gecko) Chrome/143.0.0.0 Safari/537.36"
}
========================================

{
  "timestamp": "2026-01-15 04:52:00",
  "method": "GET",
  "path": "/api/v1/notifications/unread",
  "headers": {
    "Accept": "application/json, text/plain, */*",
    "Authorization": "Bearer ...fnP8",
    "Content-Type": ""
  },
  "status_code": 200,
  "response_body": {
    "data": {
      "count": 0,
      "notifications": []
    },
    "message": "Unread notifications berhasil diambil",
    "success": true
  },
  "duration": "3.0823ms",
  "duration_ms": 3,
  "client_ip": "::1",
  "user_agent": "Mozilla/5.0 (Windows NT 10.0; Win64; x64) AppleWebKit/537.36 (KHTML, like Gecko) Chrome/143.0.0.0 Safari/537.36",
  "user_id": 2,
  "user_email": "codingin19@gmail.com"
}
========================================

{
  "timestamp": "2026-01-15 04:52:30",
  "method": "OPTIONS",
  "path": "/api/v1/notifications/unread",
  "headers": {
    "Accept": "*/*",
    "Authorization": "",
    "Content-Type": ""
  },
  "status_code": 204,
  "duration": "0s",
  "duration_ms": 0,
  "client_ip": "::1",
  "user_agent": "Mozilla/5.0 (Windows NT 10.0; Win64; x64) AppleWebKit/537.36 (KHTML, like Gecko) Chrome/143.0.0.0 Safari/537.36"
}
========================================

{
  "timestamp": "2026-01-15 04:52:30",
  "method": "GET",
  "path": "/api/v1/notifications/unread",
  "headers": {
    "Accept": "application/json, text/plain, */*",
    "Authorization": "Bearer ...fnP8",
    "Content-Type": ""
  },
  "status_code": 200,
  "response_body": {
    "data": {
      "count": 0,
      "notifications": []
    },
    "message": "Unread notifications berhasil diambil",
    "success": true
  },
  "duration": "2.0123ms",
  "duration_ms": 2,
  "client_ip": "::1",
  "user_agent": "Mozilla/5.0 (Windows NT 10.0; Win64; x64) AppleWebKit/537.36 (KHTML, like Gecko) Chrome/143.0.0.0 Safari/537.36",
  "user_id": 2,
  "user_email": "codingin19@gmail.com"
}
========================================

{
  "timestamp": "2026-01-15 04:53:00",
  "method": "OPTIONS",
  "path": "/api/v1/notifications/unread",
  "headers": {
    "Accept": "*/*",
    "Authorization": "",
    "Content-Type": ""
  },
  "status_code": 204,
  "duration": "0s",
  "duration_ms": 0,
  "client_ip": "::1",
  "user_agent": "Mozilla/5.0 (Windows NT 10.0; Win64; x64) AppleWebKit/537.36 (KHTML, like Gecko) Chrome/143.0.0.0 Safari/537.36"
}
========================================

{
  "timestamp": "2026-01-15 04:53:00",
  "method": "GET",
  "path": "/api/v1/notifications/unread",
  "headers": {
    "Accept": "application/json, text/plain, */*",
    "Authorization": "Bearer ...fnP8",
    "Content-Type": ""
  },
  "status_code": 200,
  "response_body": {
    "data": {
      "count": 0,
      "notifications": []
    },
    "message": "Unread notifications berhasil diambil",
    "success": true
  },
  "duration": "2.5189ms",
  "duration_ms": 2,
  "client_ip": "::1",
  "user_agent": "Mozilla/5.0 (Windows NT 10.0; Win64; x64) AppleWebKit/537.36 (KHTML, like Gecko) Chrome/143.0.0.0 Safari/537.36",
  "user_id": 2,
  "user_email": "codingin19@gmail.com"
}
========================================

{
  "timestamp": "2026-01-15 04:53:30",
  "method": "OPTIONS",
  "path": "/api/v1/notifications/unread",
  "headers": {
    "Accept": "*/*",
    "Authorization": "",
    "Content-Type": ""
  },
  "status_code": 204,
  "duration": "0s",
  "duration_ms": 0,
  "client_ip": "::1",
  "user_agent": "Mozilla/5.0 (Windows NT 10.0; Win64; x64) AppleWebKit/537.36 (KHTML, like Gecko) Chrome/143.0.0.0 Safari/537.36"
}
========================================

{
  "timestamp": "2026-01-15 04:53:30",
  "method": "GET",
  "path": "/api/v1/notifications/unread",
  "headers": {
    "Accept": "application/json, text/plain, */*",
    "Authorization": "Bearer ...fnP8",
    "Content-Type": ""
  },
  "status_code": 200,
  "response_body": {
    "data": {
      "count": 0,
      "notifications": []
    },
    "message": "Unread notifications berhasil diambil",
    "success": true
  },
  "duration": "4.3946ms",
  "duration_ms": 4,
  "client_ip": "::1",
  "user_agent": "Mozilla/5.0 (Windows NT 10.0; Win64; x64) AppleWebKit/537.36 (KHTML, like Gecko) Chrome/143.0.0.0 Safari/537.36",
  "user_id": 2,
  "user_email": "codingin19@gmail.com"
}
========================================

{
  "timestamp": "2026-01-15 04:54:00",
  "method": "OPTIONS",
  "path": "/api/v1/notifications/unread",
  "headers": {
    "Accept": "*/*",
    "Authorization": "",
    "Content-Type": ""
  },
  "status_code": 204,
  "duration": "0s",
  "duration_ms": 0,
  "client_ip": "::1",
  "user_agent": "Mozilla/5.0 (Windows NT 10.0; Win64; x64) AppleWebKit/537.36 (KHTML, like Gecko) Chrome/143.0.0.0 Safari/537.36"
}
========================================

{
  "timestamp": "2026-01-15 04:54:00",
  "method": "GET",
  "path": "/api/v1/notifications/unread",
  "headers": {
    "Accept": "application/json, text/plain, */*",
    "Authorization": "Bearer ...fnP8",
    "Content-Type": ""
  },
  "status_code": 200,
  "response_body": {
    "data": {
      "count": 0,
      "notifications": []
    },
    "message": "Unread notifications berhasil diambil",
    "success": true
  },
  "duration": "2.5116ms",
  "duration_ms": 2,
  "client_ip": "::1",
  "user_agent": "Mozilla/5.0 (Windows NT 10.0; Win64; x64) AppleWebKit/537.36 (KHTML, like Gecko) Chrome/143.0.0.0 Safari/537.36",
  "user_id": 2,
  "user_email": "codingin19@gmail.com"
}
========================================

{
  "timestamp": "2026-01-15 04:54:30",
  "method": "OPTIONS",
  "path": "/api/v1/notifications/unread",
  "headers": {
    "Accept": "*/*",
    "Authorization": "",
    "Content-Type": ""
  },
  "status_code": 204,
  "duration": "0s",
  "duration_ms": 0,
  "client_ip": "::1",
  "user_agent": "Mozilla/5.0 (Windows NT 10.0; Win64; x64) AppleWebKit/537.36 (KHTML, like Gecko) Chrome/143.0.0.0 Safari/537.36"
}
========================================

{
  "timestamp": "2026-01-15 04:54:30",
  "method": "GET",
  "path": "/api/v1/notifications/unread",
  "headers": {
    "Accept": "application/json, text/plain, */*",
    "Authorization": "Bearer ...fnP8",
    "Content-Type": ""
  },
  "status_code": 200,
  "response_body": {
    "data": {
      "count": 0,
      "notifications": []
    },
    "message": "Unread notifications berhasil diambil",
    "success": true
  },
  "duration": "2.0034ms",
  "duration_ms": 2,
  "client_ip": "::1",
  "user_agent": "Mozilla/5.0 (Windows NT 10.0; Win64; x64) AppleWebKit/537.36 (KHTML, like Gecko) Chrome/143.0.0.0 Safari/537.36",
  "user_id": 2,
  "user_email": "codingin19@gmail.com"
}
========================================

{
  "timestamp": "2026-01-15 04:55:00",
  "method": "OPTIONS",
  "path": "/api/v1/notifications/unread",
  "headers": {
    "Accept": "*/*",
    "Authorization": "",
    "Content-Type": ""
  },
  "status_code": 204,
  "duration": "0s",
  "duration_ms": 0,
  "client_ip": "::1",
  "user_agent": "Mozilla/5.0 (Windows NT 10.0; Win64; x64) AppleWebKit/537.36 (KHTML, like Gecko) Chrome/143.0.0.0 Safari/537.36"
}
========================================

{
  "timestamp": "2026-01-15 04:55:00",
  "method": "GET",
  "path": "/api/v1/notifications/unread",
  "headers": {
    "Accept": "application/json, text/plain, */*",
    "Authorization": "Bearer ...fnP8",
    "Content-Type": ""
  },
  "status_code": 200,
  "response_body": {
    "data": {
      "count": 0,
      "notifications": []
    },
    "message": "Unread notifications berhasil diambil",
    "success": true
  },
  "duration": "2.0047ms",
  "duration_ms": 2,
  "client_ip": "::1",
  "user_agent": "Mozilla/5.0 (Windows NT 10.0; Win64; x64) AppleWebKit/537.36 (KHTML, like Gecko) Chrome/143.0.0.0 Safari/537.36",
  "user_id": 2,
  "user_email": "codingin19@gmail.com"
}
========================================

{
  "timestamp": "2026-01-15 04:55:30",
  "method": "OPTIONS",
  "path": "/api/v1/notifications/unread",
  "headers": {
    "Accept": "*/*",
    "Authorization": "",
    "Content-Type": ""
  },
  "status_code": 204,
  "duration": "0s",
  "duration_ms": 0,
  "client_ip": "::1",
  "user_agent": "Mozilla/5.0 (Windows NT 10.0; Win64; x64) AppleWebKit/537.36 (KHTML, like Gecko) Chrome/143.0.0.0 Safari/537.36"
}
========================================

{
  "timestamp": "2026-01-15 04:55:30",
  "method": "GET",
  "path": "/api/v1/notifications/unread",
  "headers": {
    "Accept": "application/json, text/plain, */*",
    "Authorization": "Bearer ...fnP8",
    "Content-Type": ""
  },
  "status_code": 200,
  "response_body": {
    "data": {
      "count": 0,
      "notifications": []
    },
    "message": "Unread notifications berhasil diambil",
    "success": true
  },
  "duration": "2.0119ms",
  "duration_ms": 2,
  "client_ip": "::1",
  "user_agent": "Mozilla/5.0 (Windows NT 10.0; Win64; x64) AppleWebKit/537.36 (KHTML, like Gecko) Chrome/143.0.0.0 Safari/537.36",
  "user_id": 2,
  "user_email": "codingin19@gmail.com"
}
========================================

{
  "timestamp": "2026-01-15 04:56:00",
  "method": "OPTIONS",
  "path": "/api/v1/notifications/unread",
  "headers": {
    "Accept": "*/*",
    "Authorization": "",
    "Content-Type": ""
  },
  "status_code": 204,
  "duration": "0s",
  "duration_ms": 0,
  "client_ip": "::1",
  "user_agent": "Mozilla/5.0 (Windows NT 10.0; Win64; x64) AppleWebKit/537.36 (KHTML, like Gecko) Chrome/143.0.0.0 Safari/537.36"
}
========================================

{
  "timestamp": "2026-01-15 04:56:00",
  "method": "GET",
  "path": "/api/v1/notifications/unread",
  "headers": {
    "Accept": "application/json, text/plain, */*",
    "Authorization": "Bearer ...fnP8",
    "Content-Type": ""
  },
  "status_code": 200,
  "response_body": {
    "data": {
      "count": 0,
      "notifications": []
    },
    "message": "Unread notifications berhasil diambil",
    "success": true
  },
  "duration": "2.1481ms",
  "duration_ms": 2,
  "client_ip": "::1",
  "user_agent": "Mozilla/5.0 (Windows NT 10.0; Win64; x64) AppleWebKit/537.36 (KHTML, like Gecko) Chrome/143.0.0.0 Safari/537.36",
  "user_id": 2,
  "user_email": "codingin19@gmail.com"
}
========================================

{
  "timestamp": "2026-01-15 04:56:30",
  "method": "OPTIONS",
  "path": "/api/v1/notifications/unread",
  "headers": {
    "Accept": "*/*",
    "Authorization": "",
    "Content-Type": ""
  },
  "status_code": 204,
  "duration": "500.9µs",
  "duration_ms": 0,
  "client_ip": "::1",
  "user_agent": "Mozilla/5.0 (Windows NT 10.0; Win64; x64) AppleWebKit/537.36 (KHTML, like Gecko) Chrome/143.0.0.0 Safari/537.36"
}
========================================

{
  "timestamp": "2026-01-15 04:56:30",
  "method": "GET",
  "path": "/api/v1/notifications/unread",
  "headers": {
    "Accept": "application/json, text/plain, */*",
    "Authorization": "Bearer ...fnP8",
    "Content-Type": ""
  },
  "status_code": 200,
  "response_body": {
    "data": {
      "count": 0,
      "notifications": []
    },
    "message": "Unread notifications berhasil diambil",
    "success": true
  },
  "duration": "2.0047ms",
  "duration_ms": 2,
  "client_ip": "::1",
  "user_agent": "Mozilla/5.0 (Windows NT 10.0; Win64; x64) AppleWebKit/537.36 (KHTML, like Gecko) Chrome/143.0.0.0 Safari/537.36",
  "user_id": 2,
  "user_email": "codingin19@gmail.com"
}
========================================

{
  "timestamp": "2026-01-15 04:57:00",
  "method": "OPTIONS",
  "path": "/api/v1/notifications/unread",
  "headers": {
    "Accept": "*/*",
    "Authorization": "",
    "Content-Type": ""
  },
  "status_code": 204,
  "duration": "0s",
  "duration_ms": 0,
  "client_ip": "::1",
  "user_agent": "Mozilla/5.0 (Windows NT 10.0; Win64; x64) AppleWebKit/537.36 (KHTML, like Gecko) Chrome/143.0.0.0 Safari/537.36"
}
========================================

{
  "timestamp": "2026-01-15 04:57:00",
  "method": "GET",
  "path": "/api/v1/notifications/unread",
  "headers": {
    "Accept": "application/json, text/plain, */*",
    "Authorization": "Bearer ...fnP8",
    "Content-Type": ""
  },
  "status_code": 200,
  "response_body": {
    "data": {
      "count": 0,
      "notifications": []
    },
    "message": "Unread notifications berhasil diambil",
    "success": true
  },
  "duration": "2.0044ms",
  "duration_ms": 2,
  "client_ip": "::1",
  "user_agent": "Mozilla/5.0 (Windows NT 10.0; Win64; x64) AppleWebKit/537.36 (KHTML, like Gecko) Chrome/143.0.0.0 Safari/537.36",
  "user_id": 2,
  "user_email": "codingin19@gmail.com"
}
========================================

{
  "timestamp": "2026-01-15 04:57:30",
  "method": "OPTIONS",
  "path": "/api/v1/notifications/unread",
  "headers": {
    "Accept": "*/*",
    "Authorization": "",
    "Content-Type": ""
  },
  "status_code": 204,
  "duration": "0s",
  "duration_ms": 0,
  "client_ip": "::1",
  "user_agent": "Mozilla/5.0 (Windows NT 10.0; Win64; x64) AppleWebKit/537.36 (KHTML, like Gecko) Chrome/143.0.0.0 Safari/537.36"
}
========================================

{
  "timestamp": "2026-01-15 04:57:30",
  "method": "GET",
  "path": "/api/v1/notifications/unread",
  "headers": {
    "Accept": "application/json, text/plain, */*",
    "Authorization": "Bearer ...fnP8",
    "Content-Type": ""
  },
  "status_code": 200,
  "response_body": {
    "data": {
      "count": 0,
      "notifications": []
    },
    "message": "Unread notifications berhasil diambil",
    "success": true
  },
  "duration": "2.0089ms",
  "duration_ms": 2,
  "client_ip": "::1",
  "user_agent": "Mozilla/5.0 (Windows NT 10.0; Win64; x64) AppleWebKit/537.36 (KHTML, like Gecko) Chrome/143.0.0.0 Safari/537.36",
  "user_id": 2,
  "user_email": "codingin19@gmail.com"
}
========================================

{
  "timestamp": "2026-01-15 04:58:01",
  "method": "OPTIONS",
  "path": "/api/v1/notifications/unread",
  "headers": {
    "Accept": "*/*",
    "Authorization": "",
    "Content-Type": ""
  },
  "status_code": 204,
  "duration": "0s",
  "duration_ms": 0,
  "client_ip": "::1",
  "user_agent": "Mozilla/5.0 (Windows NT 10.0; Win64; x64) AppleWebKit/537.36 (KHTML, like Gecko) Chrome/143.0.0.0 Safari/537.36"
}
========================================

{
  "timestamp": "2026-01-15 04:58:01",
  "method": "GET",
  "path": "/api/v1/notifications/unread",
  "headers": {
    "Accept": "application/json, text/plain, */*",
    "Authorization": "Bearer ...fnP8",
    "Content-Type": ""
  },
  "status_code": 200,
  "response_body": {
    "data": {
      "count": 0,
      "notifications": []
    },
    "message": "Unread notifications berhasil diambil",
    "success": true
  },
  "duration": "2.0549ms",
  "duration_ms": 2,
  "client_ip": "::1",
  "user_agent": "Mozilla/5.0 (Windows NT 10.0; Win64; x64) AppleWebKit/537.36 (KHTML, like Gecko) Chrome/143.0.0.0 Safari/537.36",
  "user_id": 2,
  "user_email": "codingin19@gmail.com"
}
========================================

{
  "timestamp": "2026-01-15 05:00:14",
  "method": "GET",
  "path": "/api/v1/products",
  "query": {
    "limit": "6"
  },
  "headers": {
    "Accept": "application/json, text/plain, */*",
    "Authorization": "",
    "Content-Type": ""
  },
  "status_code": 200,
  "response_body": {
    "data": {
      "limit": 6,
      "page": 1,
      "products": [
        {
          "category": {
            "created_at": "2026-01-08T21:55:42.326209+07:00",
            "description": "Python, PHP, and JS utility scripts",
            "icon": "terminal",
            "id": 4,
            "is_active": true,
            "name": "Scripts",
            "order": 4,
            "slug": "scripts",
            "updated_at": "2026-01-08T21:55:42.326209+07:00"
          },
          "category_id": 4,
          "created_at": "2026-01-13T02:20:25.212431+07:00",
          "created_by": 1,
          "description": "Python script to automate likes, follows, and comments. Includes safety limits to prevent account bans.",
          "downloads_count": 0,
          "features": "[\"Auto Like\", \"Auto Follow\", \"Targeting by Hashtag\"]",
          "id": 5,
          "is_active": true,
          "preview_images": "[\"https://images.unsplash.com/photo-1611162617474-5b21e879e113?auto=format\u0026fit=crop\u0026q=80\u0026w=1000\"]",
          "price": 150000,
          "rating_average": 0,
          "requirements": "[]",
          "slug": "instagram-automation-bot",
          "tech_stack": "[\"Python\", \"Selenium\"]",
          "title": "Instagram Automation Bot",
          "type": "scripts",
          "updated_at": "2026-01-13T02:20:25.212431+07:00",
          "views_count": 0
        },
        {
          "category": {
            "created_at": "2026-01-08T21:55:42.322557+07:00",
            "description": "UI kits and website templates",
            "icon": "layout",
            "id": 2,
            "is_active": true,
            "name": "Templates",
            "order": 2,
            "slug": "templates",
            "updated_at": "2026-01-08T21:55:42.322557+07:00"
          },
          "category_id": 2,
          "created_at": "2026-01-13T02:20:25.211149+07:00",
          "created_by": 1,
          "description": "Clean, responsive, and customizable admin dashboard template built with Vue 3 and Tailwind CSS.",
          "downloads_count": 0,
          "features": "[\"Dark Mode Support\", \"Responsive Layout\", \"Chart.js Integration\", \"Form Components\"]",
          "id": 4,
          "is_active": true,
          "preview_images": "[\"https://images.unsplash.com/photo-1551288049-bebda4e38f71?auto=format\u0026fit=crop\u0026q=80\u0026w=1000\"]",
          "price": 250000,
          "rating_average": 0,
          "requirements": "[]",
          "slug": "modern-admin-dashboard",
          "tech_stack": "[\"Vue 3\", \"Tailwind CSS\", \"Vite\"]",
          "title": "Modern Admin Dashboard UI",
          "type": "template",
          "updated_at": "2026-01-13T02:20:25.211149+07:00",
          "views_count": 0
        },
        {
          "category": {
            "created_at": "2026-01-08T21:55:42.325061+07:00",
            "description": "Flutter, React Native, and native apps",
            "icon": "smartphone",
            "id": 3,
            "is_active": true,
            "name": "Mobile Apps",
            "order": 3,
            "slug": "mobile-apps",
            "updated_at": "2026-01-08T21:55:42.325061+07:00"
          },
          "category_id": 3,
          "created_at": "2026-01-13T02:20:25.210572+07:00",
          "created_by": 1,
          "description": "Uber Eats clone made with Flutter. Beautiful animations, real-time tracking, and vendor dashboard included. Works on both iOS and Android.",
          "downloads_count": 0,
          "features": "[\"Real-time Tracking\", \"Push Notifications\", \"Vendor App\", \"Dark Mode\"]",
          "id": 3,
          "is_active": true,
          "preview_images": "[\"https://images.unsplash.com/photo-1512941937669-90a1b58e7e9c?auto=format\u0026fit=crop\u0026q=80\u0026w=1000\"]",
          "price": 500000,
          "rating_average": 0,
          "requirements": "[]",
          "slug": "flutter-delivery-app",
          "tech_stack": "[\"Flutter\", \"Firebase\", \"Google Maps API\"]",
          "title": "Flutter Delivery App",
          "type": "mobile_apps",
          "updated_at": "2026-01-13T02:20:25.210572+07:00",
          "views_count": 0
        },
        {
          "category": {
            "created_at": "2026-01-08T21:55:42.314623+07:00",
            "description": "Full application source codes",
            "icon": "code",
            "id": 1,
            "is_active": true,
            "name": "Source Code",
            "order": 1,
            "slug": "source-code",
            "updated_at": "2026-01-08T21:55:42.314623+07:00"
          },
          "category_id": 1,
          "created_at": "2026-01-13T02:20:25.20936+07:00",
          "created_by": 1,
          "description": "Launch your SaaS in days with this comprehensive Next.js boilerplate. Includes Stripe integration, Authentication, Database setup with Prisma, and tailwind UI components.",
          "downloads_count": 0,
          "features": "[\"Authentication\", \"Subscription Payments\", \"Admin Dashboard\", \"SEO Optimized\"]",
          "id": 2,
          "is_active": true,
          "preview_images": "[\"https://images.unsplash.com/photo-1618477247222-ac591245363d?auto=format\u0026fit=crop\u0026q=80\u0026w=1000\"]",
          "price": 750000,
          "rating_average": 0,
          "requirements": "[]",
          "slug": "nextjs-saas-boilerplate",
          "tech_stack": "[\"Next.js\", \"TypeScript\", \"Tailwind CSS\", \"Prisma\", \"Stripe\"]",
          "title": "NextJS SaaS Boilerplate",
          "type": "source_code",
          "updated_at": "2026-01-13T02:20:25.20936+07:00",
          "views_count": 0
        },
        {
          "category": {
            "created_at": "2026-01-08T21:55:42.314623+07:00",
            "description": "Full application source codes",
            "icon": "code",
            "id": 1,
            "is_active": true,
            "name": "Source Code",
            "order": 1,
            "slug": "source-code",
            "updated_at": "2026-01-08T21:55:42.314623+07:00"
          },
          "category_id": 1,
          "created_at": "2026-01-13T02:20:25.197105+07:00",
          "created_by": 1,
          "description": "A complete microservices-based e-commerce backend written in Go (Golang). Includes services for products, orders, users, and payments. Features gRPC communication, Kafka event bus, and Docker compose setup.",
          "downloads_count": 0,
          "features": "[\"Microservices Architecture\", \"gRPC Communication\", \"Event-Driven\", \"Scalable\"]",
          "id": 1,
          "is_active": true,
          "preview_images": "[\"https://images.unsplash.com/photo-1555949963-aa79dcee981c?auto=format\u0026fit=crop\u0026q=80\u0026w=1000\", \"https://images.unsplash.com/photo-1555066931-4365d14bab8c?auto=format\u0026fit=crop\u0026q=80\u0026w=1000\"]",
          "price": 1500000,
          "rating_average": 0,
          "requirements": "[]",
          "slug": "ecommerce-microservices-go",
          "tech_stack": "[\"Golang\", \"gRPC\", \"Kafka\", \"PostgreSQL\", \"Docker\"]",
          "title": "E-Commerce Microservices Go",
          "type": "source_code",
          "updated_at": "2026-01-13T02:20:25.197105+07:00",
          "views_count": 0
        }
      ],
      "total": 5
    },
    "message": "Products retrieved successfully",
    "success": true
  },
  "duration": "26.1322ms",
  "duration_ms": 26,
  "client_ip": "::1",
  "user_agent": "Mozilla/5.0 (Windows NT 10.0; Win64; x64) AppleWebKit/537.36 (KHTML, like Gecko) Chrome/143.0.0.0 Safari/537.36"
}
========================================

{
  "timestamp": "2026-01-15 05:04:53",
  "method": "GET",
  "path": "/api/v1/auth/google",
  "headers": {
    "Accept": "text/html,application/xhtml+xml,application/xml;q=0.9,image/avif,image/webp,image/apng,*/*;q=0.8",
    "Authorization": "",
    "Content-Type": ""
  },
  "status_code": 307,
  "response_body": "\u003ca href=\"https://accounts.google.com/o/oauth2/auth?client_id=212161497936-oh0hsngh0pgt1fch5i1mv52k44s7dk4r.apps.googleusercontent.com\u0026amp;redirect_uri=http%3A%2F%2Flocalhost%3A8080%2Fapi%2Fv1%2Fauth%2Fgoogle%2Fcallback\u0026amp;response_type=code\u0026amp;scope=https%3A%2F%2Fwww.googleapis.com%2Fauth%2Fuserinfo.email+https%3A%2F%2Fwww.googleapis.com%2Fauth%2Fuserinfo.profile+openid\u0026amp;state=state\"\u003eTemporary Redirect\u003c/a\u003e.\n\n",
  "duration": "2.5043ms",
  "duration_ms": 2,
  "client_ip": "::1",
  "user_agent": "Mozilla/5.0 (Windows NT 10.0; Win64; x64) AppleWebKit/537.36 (KHTML, like Gecko) Chrome/143.0.0.0 Safari/537.36"
}
========================================

{
  "timestamp": "2026-01-15 05:04:55",
  "method": "GET",
  "path": "/api/v1/auth/google/callback",
  "query": {
    "authuser": "0",
    "code": "4/0ASc3gC02GZw7TJiaojWJ6z6O0SLFjOyZ6266mS_N1We8LvVHTmuytfP_OvxM5_5pOABPKQ",
    "prompt": "none",
    "scope": "email profile openid https://www.googleapis.com/auth/userinfo.email https://www.googleapis.com/auth/userinfo.profile",
    "state": "state"
  },
  "headers": {
    "Accept": "text/html,application/xhtml+xml,application/xml;q=0.9,image/avif,image/webp,image/apng,*/*;q=0.8",
    "Authorization": "",
    "Content-Type": ""
  },
  "status_code": 307,
  "response_body": "\u003ca href=\"http://localhost:3000/auth/callback?token=eyJhbGciOiJIUzI1NiIsInR5cCI6IkpXVCJ9.eyJ1c2VyX2lkIjoyLCJlbWFpbCI6ImNvZGluZ2luMTlAZ21haWwuY29tIiwicm9sZSI6InVzZXIiLCJleHAiOjE3Njg1MTQ2OTUsImlhdCI6MTc2ODQyODI5NX0.uQ0tl1BTQl1LTensVrWQenqJe1nvhfsqWUUbsgCCRz4\u0026amp;user=%7B%22id%22%3A2%2C%22name%22%3A%22coding+in%22%2C%22email%22%3A%22codingin19%40gmail.com%22%2C%22role%22%3A%22user%22%2C%22provider%22%3A%22google%22%2C%22avatar_url%22%3A%22https%3A%2F%2Flh3.googleusercontent.com%2Fa%2FACg8ocJxZirfxeCVacBi-NrJkkGMo-bp3RAN0QRF5GomV6LOhcMbDw%3Ds96-c%22%2C%22is_verified%22%3Atrue%2C%22created_at%22%3A%222025-12-21T11%3A58%3A26.203877%2B07%3A00%22%7D\"\u003eTemporary Redirect\u003c/a\u003e.\n\n",
  "duration": "395.4866ms",
  "duration_ms": 395,
  "client_ip": "::1",
  "user_agent": "Mozilla/5.0 (Windows NT 10.0; Win64; x64) AppleWebKit/537.36 (KHTML, like Gecko) Chrome/143.0.0.0 Safari/537.36"
}
========================================

{
  "timestamp": "2026-01-15 05:04:56",
  "method": "OPTIONS",
  "path": "/api/v1/cart",
  "headers": {
    "Accept": "*/*",
    "Authorization": "",
    "Content-Type": ""
  },
  "status_code": 204,
  "duration": "0s",
  "duration_ms": 0,
  "client_ip": "::1",
  "user_agent": "Mozilla/5.0 (Windows NT 10.0; Win64; x64) AppleWebKit/537.36 (KHTML, like Gecko) Chrome/143.0.0.0 Safari/537.36"
}
========================================

{
  "timestamp": "2026-01-15 05:04:56",
  "method": "OPTIONS",
  "path": "/api/v1/notifications/unread",
  "headers": {
    "Accept": "*/*",
    "Authorization": "",
    "Content-Type": ""
  },
  "status_code": 204,
  "duration": "0s",
  "duration_ms": 0,
  "client_ip": "::1",
  "user_agent": "Mozilla/5.0 (Windows NT 10.0; Win64; x64) AppleWebKit/537.36 (KHTML, like Gecko) Chrome/143.0.0.0 Safari/537.36"
}
========================================

{
  "timestamp": "2026-01-15 05:04:56",
  "method": "GET",
  "path": "/api/v1/cart",
  "headers": {
    "Accept": "application/json, text/plain, */*",
    "Authorization": "Bearer ...CRz4",
    "Content-Type": ""
  },
  "status_code": 200,
  "response_body": {
    "data": {
      "items": [],
      "total": 0
    },
    "message": "Cart retrieved successfully",
    "success": true
  },
  "duration": "6.0621ms",
  "duration_ms": 6,
  "client_ip": "::1",
  "user_agent": "Mozilla/5.0 (Windows NT 10.0; Win64; x64) AppleWebKit/537.36 (KHTML, like Gecko) Chrome/143.0.0.0 Safari/537.36",
  "user_id": 2,
  "user_email": "codingin19@gmail.com"
}
========================================

{
  "timestamp": "2026-01-15 05:04:56",
  "method": "OPTIONS",
  "path": "/api/v1/wishlist",
  "headers": {
    "Accept": "*/*",
    "Authorization": "",
    "Content-Type": ""
  },
  "status_code": 204,
  "duration": "1.005ms",
  "duration_ms": 1,
  "client_ip": "::1",
  "user_agent": "Mozilla/5.0 (Windows NT 10.0; Win64; x64) AppleWebKit/537.36 (KHTML, like Gecko) Chrome/143.0.0.0 Safari/537.36"
}
========================================

{
  "timestamp": "2026-01-15 05:04:56",
  "method": "GET",
  "path": "/api/v1/notifications/unread",
  "headers": {
    "Accept": "application/json, text/plain, */*",
    "Authorization": "Bearer ...CRz4",
    "Content-Type": ""
  },
  "status_code": 200,
  "response_body": {
    "data": {
      "count": 0,
      "notifications": []
    },
    "message": "Unread notifications berhasil diambil",
    "success": true
  },
  "duration": "25.1474ms",
  "duration_ms": 25,
  "client_ip": "::1",
  "user_agent": "Mozilla/5.0 (Windows NT 10.0; Win64; x64) AppleWebKit/537.36 (KHTML, like Gecko) Chrome/143.0.0.0 Safari/537.36",
  "user_id": 2,
  "user_email": "codingin19@gmail.com"
}
========================================

{
  "timestamp": "2026-01-15 05:04:56",
  "method": "GET",
  "path": "/api/v1/wishlist",
  "headers": {
    "Accept": "application/json, text/plain, */*",
    "Authorization": "Bearer ...CRz4",
    "Content-Type": ""
  },
  "status_code": 200,
  "response_body": {
    "data": [
      {
        "created_at": "2026-01-14T22:13:48.734726+07:00",
        "id": 1,
        "product": {
          "category": {
            "created_at": "2026-01-08T21:55:42.326209+07:00",
            "description": "Python, PHP, and JS utility scripts",
            "icon": "terminal",
            "id": 4,
            "is_active": true,
            "name": "Scripts",
            "order": 4,
            "slug": "scripts",
            "updated_at": "2026-01-08T21:55:42.326209+07:00"
          },
          "category_id": 4,
          "created_at": "2026-01-13T02:20:25.212431+07:00",
          "created_by": 1,
          "description": "Python script to automate likes, follows, and comments. Includes safety limits to prevent account bans.",
          "downloads_count": 0,
          "features": "[\"Auto Like\", \"Auto Follow\", \"Targeting by Hashtag\"]",
          "id": 5,
          "is_active": true,
          "preview_images": "[\"https://images.unsplash.com/photo-1611162617474-5b21e879e113?auto=format\u0026fit=crop\u0026q=80\u0026w=1000\"]",
          "price": 150000,
          "rating_average": 0,
          "requirements": "[]",
          "slug": "instagram-automation-bot",
          "tech_stack": "[\"Python\", \"Selenium\"]",
          "title": "Instagram Automation Bot",
          "type": "scripts",
          "updated_at": "2026-01-13T02:20:25.212431+07:00",
          "views_count": 0
        },
        "product_id": 5,
        "user_id": 2
      }
    ],
    "message": "Wishlist retrieved successfully",
    "success": true
  },
  "duration": "5.0152ms",
  "duration_ms": 5,
  "client_ip": "::1",
  "user_agent": "Mozilla/5.0 (Windows NT 10.0; Win64; x64) AppleWebKit/537.36 (KHTML, like Gecko) Chrome/143.0.0.0 Safari/537.36",
  "user_id": 2,
  "user_email": "codingin19@gmail.com"
}
========================================

{
  "timestamp": "2026-01-15 05:04:56",
  "method": "GET",
  "path": "/api/v1/notifications/unread",
  "headers": {
    "Accept": "application/json, text/plain, */*",
    "Authorization": "Bearer ...CRz4",
    "Content-Type": ""
  },
  "status_code": 200,
  "response_body": {
    "data": {
      "count": 0,
      "notifications": []
    },
    "message": "Unread notifications berhasil diambil",
    "success": true
  },
  "duration": "1.0006ms",
  "duration_ms": 1,
  "client_ip": "::1",
  "user_agent": "Mozilla/5.0 (Windows NT 10.0; Win64; x64) AppleWebKit/537.36 (KHTML, like Gecko) Chrome/143.0.0.0 Safari/537.36",
  "user_id": 2,
  "user_email": "codingin19@gmail.com"
}
========================================

{
  "timestamp": "2026-01-15 05:04:56",
  "method": "GET",
  "path": "/api/v1/cart",
  "headers": {
    "Accept": "application/json, text/plain, */*",
    "Authorization": "Bearer ...CRz4",
    "Content-Type": ""
  },
  "status_code": 200,
  "response_body": {
    "data": {
      "items": [],
      "total": 0
    },
    "message": "Cart retrieved successfully",
    "success": true
  },
  "duration": "1.5005ms",
  "duration_ms": 1,
  "client_ip": "::1",
  "user_agent": "Mozilla/5.0 (Windows NT 10.0; Win64; x64) AppleWebKit/537.36 (KHTML, like Gecko) Chrome/143.0.0.0 Safari/537.36",
  "user_id": 2,
  "user_email": "codingin19@gmail.com"
}
========================================

{
  "timestamp": "2026-01-15 05:04:56",
  "method": "GET",
  "path": "/api/v1/wishlist",
  "headers": {
    "Accept": "application/json, text/plain, */*",
    "Authorization": "Bearer ...CRz4",
    "Content-Type": ""
  },
  "status_code": 200,
  "response_body": {
    "data": [
      {
        "created_at": "2026-01-14T22:13:48.734726+07:00",
        "id": 1,
        "product": {
          "category": {
            "created_at": "2026-01-08T21:55:42.326209+07:00",
            "description": "Python, PHP, and JS utility scripts",
            "icon": "terminal",
            "id": 4,
            "is_active": true,
            "name": "Scripts",
            "order": 4,
            "slug": "scripts",
            "updated_at": "2026-01-08T21:55:42.326209+07:00"
          },
          "category_id": 4,
          "created_at": "2026-01-13T02:20:25.212431+07:00",
          "created_by": 1,
          "description": "Python script to automate likes, follows, and comments. Includes safety limits to prevent account bans.",
          "downloads_count": 0,
          "features": "[\"Auto Like\", \"Auto Follow\", \"Targeting by Hashtag\"]",
          "id": 5,
          "is_active": true,
          "preview_images": "[\"https://images.unsplash.com/photo-1611162617474-5b21e879e113?auto=format\u0026fit=crop\u0026q=80\u0026w=1000\"]",
          "price": 150000,
          "rating_average": 0,
          "requirements": "[]",
          "slug": "instagram-automation-bot",
          "tech_stack": "[\"Python\", \"Selenium\"]",
          "title": "Instagram Automation Bot",
          "type": "scripts",
          "updated_at": "2026-01-13T02:20:25.212431+07:00",
          "views_count": 0
        },
        "product_id": 5,
        "user_id": 2
      }
    ],
    "message": "Wishlist retrieved successfully",
    "success": true
  },
  "duration": "4.5072ms",
  "duration_ms": 4,
  "client_ip": "::1",
  "user_agent": "Mozilla/5.0 (Windows NT 10.0; Win64; x64) AppleWebKit/537.36 (KHTML, like Gecko) Chrome/143.0.0.0 Safari/537.36",
  "user_id": 2,
  "user_email": "codingin19@gmail.com"
}
========================================

{
  "timestamp": "2026-01-15 05:04:56",
  "method": "OPTIONS",
  "path": "/api/v1/products",
  "query": {
    "limit": "6"
  },
  "headers": {
    "Accept": "*/*",
    "Authorization": "",
    "Content-Type": ""
  },
  "status_code": 204,
  "duration": "0s",
  "duration_ms": 0,
  "client_ip": "::1",
  "user_agent": "Mozilla/5.0 (Windows NT 10.0; Win64; x64) AppleWebKit/537.36 (KHTML, like Gecko) Chrome/143.0.0.0 Safari/537.36"
}
========================================

{
  "timestamp": "2026-01-15 05:04:56",
  "method": "GET",
  "path": "/api/v1/products",
  "query": {
    "limit": "6"
  },
  "headers": {
    "Accept": "application/json, text/plain, */*",
    "Authorization": "Bearer ...CRz4",
    "Content-Type": ""
  },
  "status_code": 200,
  "response_body": {
    "data": {
      "limit": 6,
      "page": 1,
      "products": [
        {
          "category": {
            "created_at": "2026-01-08T21:55:42.326209+07:00",
            "description": "Python, PHP, and JS utility scripts",
            "icon": "terminal",
            "id": 4,
            "is_active": true,
            "name": "Scripts",
            "order": 4,
            "slug": "scripts",
            "updated_at": "2026-01-08T21:55:42.326209+07:00"
          },
          "category_id": 4,
          "created_at": "2026-01-13T02:20:25.212431+07:00",
          "created_by": 1,
          "description": "Python script to automate likes, follows, and comments. Includes safety limits to prevent account bans.",
          "downloads_count": 0,
          "features": "[\"Auto Like\", \"Auto Follow\", \"Targeting by Hashtag\"]",
          "id": 5,
          "is_active": true,
          "preview_images": "[\"https://images.unsplash.com/photo-1611162617474-5b21e879e113?auto=format\u0026fit=crop\u0026q=80\u0026w=1000\"]",
          "price": 150000,
          "rating_average": 0,
          "requirements": "[]",
          "slug": "instagram-automation-bot",
          "tech_stack": "[\"Python\", \"Selenium\"]",
          "title": "Instagram Automation Bot",
          "type": "scripts",
          "updated_at": "2026-01-13T02:20:25.212431+07:00",
          "views_count": 0
        },
        {
          "category": {
            "created_at": "2026-01-08T21:55:42.322557+07:00",
            "description": "UI kits and website templates",
            "icon": "layout",
            "id": 2,
            "is_active": true,
            "name": "Templates",
            "order": 2,
            "slug": "templates",
            "updated_at": "2026-01-08T21:55:42.322557+07:00"
          },
          "category_id": 2,
          "created_at": "2026-01-13T02:20:25.211149+07:00",
          "created_by": 1,
          "description": "Clean, responsive, and customizable admin dashboard template built with Vue 3 and Tailwind CSS.",
          "downloads_count": 0,
          "features": "[\"Dark Mode Support\", \"Responsive Layout\", \"Chart.js Integration\", \"Form Components\"]",
          "id": 4,
          "is_active": true,
          "preview_images": "[\"https://images.unsplash.com/photo-1551288049-bebda4e38f71?auto=format\u0026fit=crop\u0026q=80\u0026w=1000\"]",
          "price": 250000,
          "rating_average": 0,
          "requirements": "[]",
          "slug": "modern-admin-dashboard",
          "tech_stack": "[\"Vue 3\", \"Tailwind CSS\", \"Vite\"]",
          "title": "Modern Admin Dashboard UI",
          "type": "template",
          "updated_at": "2026-01-13T02:20:25.211149+07:00",
          "views_count": 0
        },
        {
          "category": {
            "created_at": "2026-01-08T21:55:42.325061+07:00",
            "description": "Flutter, React Native, and native apps",
            "icon": "smartphone",
            "id": 3,
            "is_active": true,
            "name": "Mobile Apps",
            "order": 3,
            "slug": "mobile-apps",
            "updated_at": "2026-01-08T21:55:42.325061+07:00"
          },
          "category_id": 3,
          "created_at": "2026-01-13T02:20:25.210572+07:00",
          "created_by": 1,
          "description": "Uber Eats clone made with Flutter. Beautiful animations, real-time tracking, and vendor dashboard included. Works on both iOS and Android.",
          "downloads_count": 0,
          "features": "[\"Real-time Tracking\", \"Push Notifications\", \"Vendor App\", \"Dark Mode\"]",
          "id": 3,
          "is_active": true,
          "preview_images": "[\"https://images.unsplash.com/photo-1512941937669-90a1b58e7e9c?auto=format\u0026fit=crop\u0026q=80\u0026w=1000\"]",
          "price": 500000,
          "rating_average": 0,
          "requirements": "[]",
          "slug": "flutter-delivery-app",
          "tech_stack": "[\"Flutter\", \"Firebase\", \"Google Maps API\"]",
          "title": "Flutter Delivery App",
          "type": "mobile_apps",
          "updated_at": "2026-01-13T02:20:25.210572+07:00",
          "views_count": 0
        },
        {
          "category": {
            "created_at": "2026-01-08T21:55:42.314623+07:00",
            "description": "Full application source codes",
            "icon": "code",
            "id": 1,
            "is_active": true,
            "name": "Source Code",
            "order": 1,
            "slug": "source-code",
            "updated_at": "2026-01-08T21:55:42.314623+07:00"
          },
          "category_id": 1,
          "created_at": "2026-01-13T02:20:25.20936+07:00",
          "created_by": 1,
          "description": "Launch your SaaS in days with this comprehensive Next.js boilerplate. Includes Stripe integration, Authentication, Database setup with Prisma, and tailwind UI components.",
          "downloads_count": 0,
          "features": "[\"Authentication\", \"Subscription Payments\", \"Admin Dashboard\", \"SEO Optimized\"]",
          "id": 2,
          "is_active": true,
          "preview_images": "[\"https://images.unsplash.com/photo-1618477247222-ac591245363d?auto=format\u0026fit=crop\u0026q=80\u0026w=1000\"]",
          "price": 750000,
          "rating_average": 0,
          "requirements": "[]",
          "slug": "nextjs-saas-boilerplate",
          "tech_stack": "[\"Next.js\", \"TypeScript\", \"Tailwind CSS\", \"Prisma\", \"Stripe\"]",
          "title": "NextJS SaaS Boilerplate",
          "type": "source_code",
          "updated_at": "2026-01-13T02:20:25.20936+07:00",
          "views_count": 0
        },
        {
          "category": {
            "created_at": "2026-01-08T21:55:42.314623+07:00",
            "description": "Full application source codes",
            "icon": "code",
            "id": 1,
            "is_active": true,
            "name": "Source Code",
            "order": 1,
            "slug": "source-code",
            "updated_at": "2026-01-08T21:55:42.314623+07:00"
          },
          "category_id": 1,
          "created_at": "2026-01-13T02:20:25.197105+07:00",
          "created_by": 1,
          "description": "A complete microservices-based e-commerce backend written in Go (Golang). Includes services for products, orders, users, and payments. Features gRPC communication, Kafka event bus, and Docker compose setup.",
          "downloads_count": 0,
          "features": "[\"Microservices Architecture\", \"gRPC Communication\", \"Event-Driven\", \"Scalable\"]",
          "id": 1,
          "is_active": true,
          "preview_images": "[\"https://images.unsplash.com/photo-1555949963-aa79dcee981c?auto=format\u0026fit=crop\u0026q=80\u0026w=1000\", \"https://images.unsplash.com/photo-1555066931-4365d14bab8c?auto=format\u0026fit=crop\u0026q=80\u0026w=1000\"]",
          "price": 1500000,
          "rating_average": 0,
          "requirements": "[]",
          "slug": "ecommerce-microservices-go",
          "tech_stack": "[\"Golang\", \"gRPC\", \"Kafka\", \"PostgreSQL\", \"Docker\"]",
          "title": "E-Commerce Microservices Go",
          "type": "source_code",
          "updated_at": "2026-01-13T02:20:25.197105+07:00",
          "views_count": 0
        }
      ],
      "total": 5
    },
    "message": "Products retrieved successfully",
    "success": true
  },
  "duration": "5.6585ms",
  "duration_ms": 5,
  "client_ip": "::1",
  "user_agent": "Mozilla/5.0 (Windows NT 10.0; Win64; x64) AppleWebKit/537.36 (KHTML, like Gecko) Chrome/143.0.0.0 Safari/537.36"
}
========================================

{
  "timestamp": "2026-01-15 05:05:26",
  "method": "OPTIONS",
  "path": "/api/v1/notifications/unread",
  "headers": {
    "Accept": "*/*",
    "Authorization": "",
    "Content-Type": ""
  },
  "status_code": 204,
  "duration": "0s",
  "duration_ms": 0,
  "client_ip": "::1",
  "user_agent": "Mozilla/5.0 (Windows NT 10.0; Win64; x64) AppleWebKit/537.36 (KHTML, like Gecko) Chrome/143.0.0.0 Safari/537.36"
}
========================================

{
  "timestamp": "2026-01-15 05:05:26",
  "method": "GET",
  "path": "/api/v1/notifications/unread",
  "headers": {
    "Accept": "application/json, text/plain, */*",
    "Authorization": "Bearer ...CRz4",
    "Content-Type": ""
  },
  "status_code": 200,
  "response_body": {
    "data": {
      "count": 0,
      "notifications": []
    },
    "message": "Unread notifications berhasil diambil",
    "success": true
  },
  "duration": "2.109ms",
  "duration_ms": 2,
  "client_ip": "::1",
  "user_agent": "Mozilla/5.0 (Windows NT 10.0; Win64; x64) AppleWebKit/537.36 (KHTML, like Gecko) Chrome/143.0.0.0 Safari/537.36",
  "user_id": 2,
  "user_email": "codingin19@gmail.com"
}
========================================

{
  "timestamp": "2026-01-15 05:05:56",
  "method": "OPTIONS",
  "path": "/api/v1/notifications/unread",
  "headers": {
    "Accept": "*/*",
    "Authorization": "",
    "Content-Type": ""
  },
  "status_code": 204,
  "duration": "0s",
  "duration_ms": 0,
  "client_ip": "::1",
  "user_agent": "Mozilla/5.0 (Windows NT 10.0; Win64; x64) AppleWebKit/537.36 (KHTML, like Gecko) Chrome/143.0.0.0 Safari/537.36"
}
========================================

{
  "timestamp": "2026-01-15 05:05:56",
  "method": "GET",
  "path": "/api/v1/notifications/unread",
  "headers": {
    "Accept": "application/json, text/plain, */*",
    "Authorization": "Bearer ...CRz4",
    "Content-Type": ""
  },
  "status_code": 200,
  "response_body": {
    "data": {
      "count": 0,
      "notifications": []
    },
    "message": "Unread notifications berhasil diambil",
    "success": true
  },
  "duration": "2.57ms",
  "duration_ms": 2,
  "client_ip": "::1",
  "user_agent": "Mozilla/5.0 (Windows NT 10.0; Win64; x64) AppleWebKit/537.36 (KHTML, like Gecko) Chrome/143.0.0.0 Safari/537.36",
  "user_id": 2,
  "user_email": "codingin19@gmail.com"
}
========================================

{
  "timestamp": "2026-01-15 05:06:26",
  "method": "OPTIONS",
  "path": "/api/v1/notifications/unread",
  "headers": {
    "Accept": "*/*",
    "Authorization": "",
    "Content-Type": ""
  },
  "status_code": 204,
  "duration": "501.7µs",
  "duration_ms": 0,
  "client_ip": "::1",
  "user_agent": "Mozilla/5.0 (Windows NT 10.0; Win64; x64) AppleWebKit/537.36 (KHTML, like Gecko) Chrome/143.0.0.0 Safari/537.36"
}
========================================

{
  "timestamp": "2026-01-15 05:06:26",
  "method": "GET",
  "path": "/api/v1/notifications/unread",
  "headers": {
    "Accept": "application/json, text/plain, */*",
    "Authorization": "Bearer ...CRz4",
    "Content-Type": ""
  },
  "status_code": 200,
  "response_body": {
    "data": {
      "count": 0,
      "notifications": []
    },
    "message": "Unread notifications berhasil diambil",
    "success": true
  },
  "duration": "2.0648ms",
  "duration_ms": 2,
  "client_ip": "::1",
  "user_agent": "Mozilla/5.0 (Windows NT 10.0; Win64; x64) AppleWebKit/537.36 (KHTML, like Gecko) Chrome/143.0.0.0 Safari/537.36",
  "user_id": 2,
  "user_email": "codingin19@gmail.com"
}
========================================

{
  "timestamp": "2026-01-15 05:06:56",
  "method": "OPTIONS",
  "path": "/api/v1/notifications/unread",
  "headers": {
    "Accept": "*/*",
    "Authorization": "",
    "Content-Type": ""
  },
  "status_code": 204,
  "duration": "1.0019ms",
  "duration_ms": 1,
  "client_ip": "::1",
  "user_agent": "Mozilla/5.0 (Windows NT 10.0; Win64; x64) AppleWebKit/537.36 (KHTML, like Gecko) Chrome/143.0.0.0 Safari/537.36"
}
========================================

{
  "timestamp": "2026-01-15 05:06:56",
  "method": "GET",
  "path": "/api/v1/notifications/unread",
  "headers": {
    "Accept": "application/json, text/plain, */*",
    "Authorization": "Bearer ...CRz4",
    "Content-Type": ""
  },
  "status_code": 200,
  "response_body": {
    "data": {
      "count": 0,
      "notifications": []
    },
    "message": "Unread notifications berhasil diambil",
    "success": true
  },
  "duration": "2.5349ms",
  "duration_ms": 2,
  "client_ip": "::1",
  "user_agent": "Mozilla/5.0 (Windows NT 10.0; Win64; x64) AppleWebKit/537.36 (KHTML, like Gecko) Chrome/143.0.0.0 Safari/537.36",
  "user_id": 2,
  "user_email": "codingin19@gmail.com"
}
========================================

{
  "timestamp": "2026-01-15 05:07:26",
  "method": "OPTIONS",
  "path": "/api/v1/notifications/unread",
  "headers": {
    "Accept": "*/*",
    "Authorization": "",
    "Content-Type": ""
  },
  "status_code": 204,
  "duration": "0s",
  "duration_ms": 0,
  "client_ip": "::1",
  "user_agent": "Mozilla/5.0 (Windows NT 10.0; Win64; x64) AppleWebKit/537.36 (KHTML, like Gecko) Chrome/143.0.0.0 Safari/537.36"
}
========================================

{
  "timestamp": "2026-01-15 05:07:26",
  "method": "GET",
  "path": "/api/v1/notifications/unread",
  "headers": {
    "Accept": "application/json, text/plain, */*",
    "Authorization": "Bearer ...CRz4",
    "Content-Type": ""
  },
  "status_code": 200,
  "response_body": {
    "data": {
      "count": 0,
      "notifications": []
    },
    "message": "Unread notifications berhasil diambil",
    "success": true
  },
  "duration": "7.019ms",
  "duration_ms": 7,
  "client_ip": "::1",
  "user_agent": "Mozilla/5.0 (Windows NT 10.0; Win64; x64) AppleWebKit/537.36 (KHTML, like Gecko) Chrome/143.0.0.0 Safari/537.36",
  "user_id": 2,
  "user_email": "codingin19@gmail.com"
}
========================================

{
  "timestamp": "2026-01-15 05:07:56",
  "method": "OPTIONS",
  "path": "/api/v1/notifications/unread",
  "headers": {
    "Accept": "*/*",
    "Authorization": "",
    "Content-Type": ""
  },
  "status_code": 204,
  "duration": "0s",
  "duration_ms": 0,
  "client_ip": "::1",
  "user_agent": "Mozilla/5.0 (Windows NT 10.0; Win64; x64) AppleWebKit/537.36 (KHTML, like Gecko) Chrome/143.0.0.0 Safari/537.36"
}
========================================

{
  "timestamp": "2026-01-15 05:07:56",
  "method": "GET",
  "path": "/api/v1/notifications/unread",
  "headers": {
    "Accept": "application/json, text/plain, */*",
    "Authorization": "Bearer ...CRz4",
    "Content-Type": ""
  },
  "status_code": 200,
  "response_body": {
    "data": {
      "count": 0,
      "notifications": []
    },
    "message": "Unread notifications berhasil diambil",
    "success": true
  },
  "duration": "2.0149ms",
  "duration_ms": 2,
  "client_ip": "::1",
  "user_agent": "Mozilla/5.0 (Windows NT 10.0; Win64; x64) AppleWebKit/537.36 (KHTML, like Gecko) Chrome/143.0.0.0 Safari/537.36",
  "user_id": 2,
  "user_email": "codingin19@gmail.com"
}
========================================

{
  "timestamp": "2026-01-15 05:08:26",
  "method": "OPTIONS",
  "path": "/api/v1/notifications/unread",
  "headers": {
    "Accept": "*/*",
    "Authorization": "",
    "Content-Type": ""
  },
  "status_code": 204,
  "duration": "500.3µs",
  "duration_ms": 0,
  "client_ip": "::1",
  "user_agent": "Mozilla/5.0 (Windows NT 10.0; Win64; x64) AppleWebKit/537.36 (KHTML, like Gecko) Chrome/143.0.0.0 Safari/537.36"
}
========================================

{
  "timestamp": "2026-01-15 05:08:26",
  "method": "GET",
  "path": "/api/v1/notifications/unread",
  "headers": {
    "Accept": "application/json, text/plain, */*",
    "Authorization": "Bearer ...CRz4",
    "Content-Type": ""
  },
  "status_code": 200,
  "response_body": {
    "data": {
      "count": 0,
      "notifications": []
    },
    "message": "Unread notifications berhasil diambil",
    "success": true
  },
  "duration": "5.0364ms",
  "duration_ms": 5,
  "client_ip": "::1",
  "user_agent": "Mozilla/5.0 (Windows NT 10.0; Win64; x64) AppleWebKit/537.36 (KHTML, like Gecko) Chrome/143.0.0.0 Safari/537.36",
  "user_id": 2,
  "user_email": "codingin19@gmail.com"
}
========================================

{
  "timestamp": "2026-01-15 05:08:56",
  "method": "OPTIONS",
  "path": "/api/v1/notifications/unread",
  "headers": {
    "Accept": "*/*",
    "Authorization": "",
    "Content-Type": ""
  },
  "status_code": 204,
  "duration": "500µs",
  "duration_ms": 0,
  "client_ip": "::1",
  "user_agent": "Mozilla/5.0 (Windows NT 10.0; Win64; x64) AppleWebKit/537.36 (KHTML, like Gecko) Chrome/143.0.0.0 Safari/537.36"
}
========================================

{
  "timestamp": "2026-01-15 05:08:56",
  "method": "GET",
  "path": "/api/v1/notifications/unread",
  "headers": {
    "Accept": "application/json, text/plain, */*",
    "Authorization": "Bearer ...CRz4",
    "Content-Type": ""
  },
  "status_code": 200,
  "response_body": {
    "data": {
      "count": 0,
      "notifications": []
    },
    "message": "Unread notifications berhasil diambil",
    "success": true
  },
  "duration": "2.021ms",
  "duration_ms": 2,
  "client_ip": "::1",
  "user_agent": "Mozilla/5.0 (Windows NT 10.0; Win64; x64) AppleWebKit/537.36 (KHTML, like Gecko) Chrome/143.0.0.0 Safari/537.36",
  "user_id": 2,
  "user_email": "codingin19@gmail.com"
}
========================================

{
  "timestamp": "2026-01-15 05:09:26",
  "method": "OPTIONS",
  "path": "/api/v1/notifications/unread",
  "headers": {
    "Accept": "*/*",
    "Authorization": "",
    "Content-Type": ""
  },
  "status_code": 204,
  "duration": "0s",
  "duration_ms": 0,
  "client_ip": "::1",
  "user_agent": "Mozilla/5.0 (Windows NT 10.0; Win64; x64) AppleWebKit/537.36 (KHTML, like Gecko) Chrome/143.0.0.0 Safari/537.36"
}
========================================

{
  "timestamp": "2026-01-15 05:09:26",
  "method": "GET",
  "path": "/api/v1/notifications/unread",
  "headers": {
    "Accept": "application/json, text/plain, */*",
    "Authorization": "Bearer ...CRz4",
    "Content-Type": ""
  },
  "status_code": 200,
  "response_body": {
    "data": {
      "count": 0,
      "notifications": []
    },
    "message": "Unread notifications berhasil diambil",
    "success": true
  },
  "duration": "2.198ms",
  "duration_ms": 2,
  "client_ip": "::1",
  "user_agent": "Mozilla/5.0 (Windows NT 10.0; Win64; x64) AppleWebKit/537.36 (KHTML, like Gecko) Chrome/143.0.0.0 Safari/537.36",
  "user_id": 2,
  "user_email": "codingin19@gmail.com"
}
========================================

{
  "timestamp": "2026-01-15 05:09:56",
  "method": "OPTIONS",
  "path": "/api/v1/notifications/unread",
  "headers": {
    "Accept": "*/*",
    "Authorization": "",
    "Content-Type": ""
  },
  "status_code": 204,
  "duration": "0s",
  "duration_ms": 0,
  "client_ip": "::1",
  "user_agent": "Mozilla/5.0 (Windows NT 10.0; Win64; x64) AppleWebKit/537.36 (KHTML, like Gecko) Chrome/143.0.0.0 Safari/537.36"
}
========================================

{
  "timestamp": "2026-01-15 05:09:56",
  "method": "GET",
  "path": "/api/v1/notifications/unread",
  "headers": {
    "Accept": "application/json, text/plain, */*",
    "Authorization": "Bearer ...CRz4",
    "Content-Type": ""
  },
  "status_code": 200,
  "response_body": {
    "data": {
      "count": 0,
      "notifications": []
    },
    "message": "Unread notifications berhasil diambil",
    "success": true
  },
  "duration": "2.0158ms",
  "duration_ms": 2,
  "client_ip": "::1",
  "user_agent": "Mozilla/5.0 (Windows NT 10.0; Win64; x64) AppleWebKit/537.36 (KHTML, like Gecko) Chrome/143.0.0.0 Safari/537.36",
  "user_id": 2,
  "user_email": "codingin19@gmail.com"
}
========================================

{
  "timestamp": "2026-01-15 05:10:26",
  "method": "OPTIONS",
  "path": "/api/v1/notifications/unread",
  "headers": {
    "Accept": "*/*",
    "Authorization": "",
    "Content-Type": ""
  },
  "status_code": 204,
  "duration": "0s",
  "duration_ms": 0,
  "client_ip": "::1",
  "user_agent": "Mozilla/5.0 (Windows NT 10.0; Win64; x64) AppleWebKit/537.36 (KHTML, like Gecko) Chrome/143.0.0.0 Safari/537.36"
}
========================================

{
  "timestamp": "2026-01-15 05:10:26",
  "method": "GET",
  "path": "/api/v1/notifications/unread",
  "headers": {
    "Accept": "application/json, text/plain, */*",
    "Authorization": "Bearer ...CRz4",
    "Content-Type": ""
  },
  "status_code": 200,
  "response_body": {
    "data": {
      "count": 0,
      "notifications": []
    },
    "message": "Unread notifications berhasil diambil",
    "success": true
  },
  "duration": "3.0403ms",
  "duration_ms": 3,
  "client_ip": "::1",
  "user_agent": "Mozilla/5.0 (Windows NT 10.0; Win64; x64) AppleWebKit/537.36 (KHTML, like Gecko) Chrome/143.0.0.0 Safari/537.36",
  "user_id": 2,
  "user_email": "codingin19@gmail.com"
}
========================================

{
  "timestamp": "2026-01-15 05:10:56",
  "method": "OPTIONS",
  "path": "/api/v1/notifications/unread",
  "headers": {
    "Accept": "*/*",
    "Authorization": "",
    "Content-Type": ""
  },
  "status_code": 204,
  "duration": "0s",
  "duration_ms": 0,
  "client_ip": "::1",
  "user_agent": "Mozilla/5.0 (Windows NT 10.0; Win64; x64) AppleWebKit/537.36 (KHTML, like Gecko) Chrome/143.0.0.0 Safari/537.36"
}
========================================

{
  "timestamp": "2026-01-15 05:10:56",
  "method": "GET",
  "path": "/api/v1/notifications/unread",
  "headers": {
    "Accept": "application/json, text/plain, */*",
    "Authorization": "Bearer ...CRz4",
    "Content-Type": ""
  },
  "status_code": 200,
  "response_body": {
    "data": {
      "count": 0,
      "notifications": []
    },
    "message": "Unread notifications berhasil diambil",
    "success": true
  },
  "duration": "2.159ms",
  "duration_ms": 2,
  "client_ip": "::1",
  "user_agent": "Mozilla/5.0 (Windows NT 10.0; Win64; x64) AppleWebKit/537.36 (KHTML, like Gecko) Chrome/143.0.0.0 Safari/537.36",
  "user_id": 2,
  "user_email": "codingin19@gmail.com"
}
========================================

{
  "timestamp": "2026-01-15 05:11:26",
  "method": "OPTIONS",
  "path": "/api/v1/notifications/unread",
  "headers": {
    "Accept": "*/*",
    "Authorization": "",
    "Content-Type": ""
  },
  "status_code": 204,
  "duration": "500.9µs",
  "duration_ms": 0,
  "client_ip": "::1",
  "user_agent": "Mozilla/5.0 (Windows NT 10.0; Win64; x64) AppleWebKit/537.36 (KHTML, like Gecko) Chrome/143.0.0.0 Safari/537.36"
}
========================================

{
  "timestamp": "2026-01-15 05:11:26",
  "method": "GET",
  "path": "/api/v1/notifications/unread",
  "headers": {
    "Accept": "application/json, text/plain, */*",
    "Authorization": "Bearer ...CRz4",
    "Content-Type": ""
  },
  "status_code": 200,
  "response_body": {
    "data": {
      "count": 0,
      "notifications": []
    },
    "message": "Unread notifications berhasil diambil",
    "success": true
  },
  "duration": "1.5062ms",
  "duration_ms": 1,
  "client_ip": "::1",
  "user_agent": "Mozilla/5.0 (Windows NT 10.0; Win64; x64) AppleWebKit/537.36 (KHTML, like Gecko) Chrome/143.0.0.0 Safari/537.36",
  "user_id": 2,
  "user_email": "codingin19@gmail.com"
}
========================================

{
  "timestamp": "2026-01-15 05:11:56",
  "method": "OPTIONS",
  "path": "/api/v1/notifications/unread",
  "headers": {
    "Accept": "*/*",
    "Authorization": "",
    "Content-Type": ""
  },
  "status_code": 204,
  "duration": "0s",
  "duration_ms": 0,
  "client_ip": "::1",
  "user_agent": "Mozilla/5.0 (Windows NT 10.0; Win64; x64) AppleWebKit/537.36 (KHTML, like Gecko) Chrome/143.0.0.0 Safari/537.36"
}
========================================

{
  "timestamp": "2026-01-15 05:11:56",
  "method": "GET",
  "path": "/api/v1/notifications/unread",
  "headers": {
    "Accept": "application/json, text/plain, */*",
    "Authorization": "Bearer ...CRz4",
    "Content-Type": ""
  },
  "status_code": 200,
  "response_body": {
    "data": {
      "count": 0,
      "notifications": []
    },
    "message": "Unread notifications berhasil diambil",
    "success": true
  },
  "duration": "3.0373ms",
  "duration_ms": 3,
  "client_ip": "::1",
  "user_agent": "Mozilla/5.0 (Windows NT 10.0; Win64; x64) AppleWebKit/537.36 (KHTML, like Gecko) Chrome/143.0.0.0 Safari/537.36",
  "user_id": 2,
  "user_email": "codingin19@gmail.com"
}
========================================

{
  "timestamp": "2026-01-15 05:12:26",
  "method": "OPTIONS",
  "path": "/api/v1/notifications/unread",
  "headers": {
    "Accept": "*/*",
    "Authorization": "",
    "Content-Type": ""
  },
  "status_code": 204,
  "duration": "0s",
  "duration_ms": 0,
  "client_ip": "::1",
  "user_agent": "Mozilla/5.0 (Windows NT 10.0; Win64; x64) AppleWebKit/537.36 (KHTML, like Gecko) Chrome/143.0.0.0 Safari/537.36"
}
========================================

{
  "timestamp": "2026-01-15 05:12:26",
  "method": "GET",
  "path": "/api/v1/notifications/unread",
  "headers": {
    "Accept": "application/json, text/plain, */*",
    "Authorization": "Bearer ...CRz4",
    "Content-Type": ""
  },
  "status_code": 200,
  "response_body": {
    "data": {
      "count": 0,
      "notifications": []
    },
    "message": "Unread notifications berhasil diambil",
    "success": true
  },
  "duration": "3.078ms",
  "duration_ms": 3,
  "client_ip": "::1",
  "user_agent": "Mozilla/5.0 (Windows NT 10.0; Win64; x64) AppleWebKit/537.36 (KHTML, like Gecko) Chrome/143.0.0.0 Safari/537.36",
  "user_id": 2,
  "user_email": "codingin19@gmail.com"
}
========================================

{
  "timestamp": "2026-01-15 05:12:56",
  "method": "OPTIONS",
  "path": "/api/v1/notifications/unread",
  "headers": {
    "Accept": "*/*",
    "Authorization": "",
    "Content-Type": ""
  },
  "status_code": 204,
  "duration": "0s",
  "duration_ms": 0,
  "client_ip": "::1",
  "user_agent": "Mozilla/5.0 (Windows NT 10.0; Win64; x64) AppleWebKit/537.36 (KHTML, like Gecko) Chrome/143.0.0.0 Safari/537.36"
}
========================================

{
  "timestamp": "2026-01-15 05:12:56",
  "method": "GET",
  "path": "/api/v1/notifications/unread",
  "headers": {
    "Accept": "application/json, text/plain, */*",
    "Authorization": "Bearer ...CRz4",
    "Content-Type": ""
  },
  "status_code": 200,
  "response_body": {
    "data": {
      "count": 0,
      "notifications": []
    },
    "message": "Unread notifications berhasil diambil",
    "success": true
  },
  "duration": "2.0068ms",
  "duration_ms": 2,
  "client_ip": "::1",
  "user_agent": "Mozilla/5.0 (Windows NT 10.0; Win64; x64) AppleWebKit/537.36 (KHTML, like Gecko) Chrome/143.0.0.0 Safari/537.36",
  "user_id": 2,
  "user_email": "codingin19@gmail.com"
}
========================================

{
  "timestamp": "2026-01-15 05:13:26",
  "method": "OPTIONS",
  "path": "/api/v1/notifications/unread",
  "headers": {
    "Accept": "*/*",
    "Authorization": "",
    "Content-Type": ""
  },
  "status_code": 204,
  "duration": "499.4µs",
  "duration_ms": 0,
  "client_ip": "::1",
  "user_agent": "Mozilla/5.0 (Windows NT 10.0; Win64; x64) AppleWebKit/537.36 (KHTML, like Gecko) Chrome/143.0.0.0 Safari/537.36"
}
========================================

{
  "timestamp": "2026-01-15 05:13:26",
  "method": "GET",
  "path": "/api/v1/notifications/unread",
  "headers": {
    "Accept": "application/json, text/plain, */*",
    "Authorization": "Bearer ...CRz4",
    "Content-Type": ""
  },
  "status_code": 200,
  "response_body": {
    "data": {
      "count": 0,
      "notifications": []
    },
    "message": "Unread notifications berhasil diambil",
    "success": true
  },
  "duration": "6.2975ms",
  "duration_ms": 6,
  "client_ip": "::1",
  "user_agent": "Mozilla/5.0 (Windows NT 10.0; Win64; x64) AppleWebKit/537.36 (KHTML, like Gecko) Chrome/143.0.0.0 Safari/537.36",
  "user_id": 2,
  "user_email": "codingin19@gmail.com"
}
========================================

{
  "timestamp": "2026-01-15 05:13:56",
  "method": "OPTIONS",
  "path": "/api/v1/notifications/unread",
  "headers": {
    "Accept": "*/*",
    "Authorization": "",
    "Content-Type": ""
  },
  "status_code": 204,
  "duration": "0s",
  "duration_ms": 0,
  "client_ip": "::1",
  "user_agent": "Mozilla/5.0 (Windows NT 10.0; Win64; x64) AppleWebKit/537.36 (KHTML, like Gecko) Chrome/143.0.0.0 Safari/537.36"
}
========================================

{
  "timestamp": "2026-01-15 05:13:56",
  "method": "GET",
  "path": "/api/v1/notifications/unread",
  "headers": {
    "Accept": "application/json, text/plain, */*",
    "Authorization": "Bearer ...CRz4",
    "Content-Type": ""
  },
  "status_code": 200,
  "response_body": {
    "data": {
      "count": 0,
      "notifications": []
    },
    "message": "Unread notifications berhasil diambil",
    "success": true
  },
  "duration": "2.0115ms",
  "duration_ms": 2,
  "client_ip": "::1",
  "user_agent": "Mozilla/5.0 (Windows NT 10.0; Win64; x64) AppleWebKit/537.36 (KHTML, like Gecko) Chrome/143.0.0.0 Safari/537.36",
  "user_id": 2,
  "user_email": "codingin19@gmail.com"
}
========================================

{
  "timestamp": "2026-01-15 05:14:26",
  "method": "OPTIONS",
  "path": "/api/v1/notifications/unread",
  "headers": {
    "Accept": "*/*",
    "Authorization": "",
    "Content-Type": ""
  },
  "status_code": 204,
  "duration": "0s",
  "duration_ms": 0,
  "client_ip": "::1",
  "user_agent": "Mozilla/5.0 (Windows NT 10.0; Win64; x64) AppleWebKit/537.36 (KHTML, like Gecko) Chrome/143.0.0.0 Safari/537.36"
}
========================================

{
  "timestamp": "2026-01-15 05:14:26",
  "method": "GET",
  "path": "/api/v1/notifications/unread",
  "headers": {
    "Accept": "application/json, text/plain, */*",
    "Authorization": "Bearer ...CRz4",
    "Content-Type": ""
  },
  "status_code": 200,
  "response_body": {
    "data": {
      "count": 0,
      "notifications": []
    },
    "message": "Unread notifications berhasil diambil",
    "success": true
  },
  "duration": "1.6443ms",
  "duration_ms": 1,
  "client_ip": "::1",
  "user_agent": "Mozilla/5.0 (Windows NT 10.0; Win64; x64) AppleWebKit/537.36 (KHTML, like Gecko) Chrome/143.0.0.0 Safari/537.36",
  "user_id": 2,
  "user_email": "codingin19@gmail.com"
}
========================================

{
  "timestamp": "2026-01-15 05:14:56",
  "method": "OPTIONS",
  "path": "/api/v1/notifications/unread",
  "headers": {
    "Accept": "*/*",
    "Authorization": "",
    "Content-Type": ""
  },
  "status_code": 204,
  "duration": "0s",
  "duration_ms": 0,
  "client_ip": "::1",
  "user_agent": "Mozilla/5.0 (Windows NT 10.0; Win64; x64) AppleWebKit/537.36 (KHTML, like Gecko) Chrome/143.0.0.0 Safari/537.36"
}
========================================

{
  "timestamp": "2026-01-15 05:14:56",
  "method": "GET",
  "path": "/api/v1/notifications/unread",
  "headers": {
    "Accept": "application/json, text/plain, */*",
    "Authorization": "Bearer ...CRz4",
    "Content-Type": ""
  },
  "status_code": 200,
  "response_body": {
    "data": {
      "count": 0,
      "notifications": []
    },
    "message": "Unread notifications berhasil diambil",
    "success": true
  },
  "duration": "1.0036ms",
  "duration_ms": 1,
  "client_ip": "::1",
  "user_agent": "Mozilla/5.0 (Windows NT 10.0; Win64; x64) AppleWebKit/537.36 (KHTML, like Gecko) Chrome/143.0.0.0 Safari/537.36",
  "user_id": 2,
  "user_email": "codingin19@gmail.com"
}
========================================

{
  "timestamp": "2026-01-15 05:15:26",
  "method": "OPTIONS",
  "path": "/api/v1/notifications/unread",
  "headers": {
    "Accept": "*/*",
    "Authorization": "",
    "Content-Type": ""
  },
  "status_code": 204,
  "duration": "0s",
  "duration_ms": 0,
  "client_ip": "::1",
  "user_agent": "Mozilla/5.0 (Windows NT 10.0; Win64; x64) AppleWebKit/537.36 (KHTML, like Gecko) Chrome/143.0.0.0 Safari/537.36"
}
========================================

{
  "timestamp": "2026-01-15 05:15:26",
  "method": "GET",
  "path": "/api/v1/notifications/unread",
  "headers": {
    "Accept": "application/json, text/plain, */*",
    "Authorization": "Bearer ...CRz4",
    "Content-Type": ""
  },
  "status_code": 200,
  "response_body": {
    "data": {
      "count": 0,
      "notifications": []
    },
    "message": "Unread notifications berhasil diambil",
    "success": true
  },
  "duration": "7.0776ms",
  "duration_ms": 7,
  "client_ip": "::1",
  "user_agent": "Mozilla/5.0 (Windows NT 10.0; Win64; x64) AppleWebKit/537.36 (KHTML, like Gecko) Chrome/143.0.0.0 Safari/537.36",
  "user_id": 2,
  "user_email": "codingin19@gmail.com"
}
========================================

{
  "timestamp": "2026-01-15 05:15:56",
  "method": "OPTIONS",
  "path": "/api/v1/notifications/unread",
  "headers": {
    "Accept": "*/*",
    "Authorization": "",
    "Content-Type": ""
  },
  "status_code": 204,
  "duration": "4.5391ms",
  "duration_ms": 4,
  "client_ip": "::1",
  "user_agent": "Mozilla/5.0 (Windows NT 10.0; Win64; x64) AppleWebKit/537.36 (KHTML, like Gecko) Chrome/143.0.0.0 Safari/537.36"
}
========================================

{
  "timestamp": "2026-01-15 05:15:56",
  "method": "GET",
  "path": "/api/v1/notifications/unread",
  "headers": {
    "Accept": "application/json, text/plain, */*",
    "Authorization": "Bearer ...CRz4",
    "Content-Type": ""
  },
  "status_code": 200,
  "response_body": {
    "data": {
      "count": 0,
      "notifications": []
    },
    "message": "Unread notifications berhasil diambil",
    "success": true
  },
  "duration": "2.1811ms",
  "duration_ms": 2,
  "client_ip": "::1",
  "user_agent": "Mozilla/5.0 (Windows NT 10.0; Win64; x64) AppleWebKit/537.36 (KHTML, like Gecko) Chrome/143.0.0.0 Safari/537.36",
  "user_id": 2,
  "user_email": "codingin19@gmail.com"
}
========================================

{
  "timestamp": "2026-01-15 05:16:26",
  "method": "OPTIONS",
  "path": "/api/v1/notifications/unread",
  "headers": {
    "Accept": "*/*",
    "Authorization": "",
    "Content-Type": ""
  },
  "status_code": 204,
  "duration": "0s",
  "duration_ms": 0,
  "client_ip": "::1",
  "user_agent": "Mozilla/5.0 (Windows NT 10.0; Win64; x64) AppleWebKit/537.36 (KHTML, like Gecko) Chrome/143.0.0.0 Safari/537.36"
}
========================================

{
  "timestamp": "2026-01-15 05:16:26",
  "method": "GET",
  "path": "/api/v1/notifications/unread",
  "headers": {
    "Accept": "application/json, text/plain, */*",
    "Authorization": "Bearer ...CRz4",
    "Content-Type": ""
  },
  "status_code": 200,
  "response_body": {
    "data": {
      "count": 0,
      "notifications": []
    },
    "message": "Unread notifications berhasil diambil",
    "success": true
  },
  "duration": "2.0357ms",
  "duration_ms": 2,
  "client_ip": "::1",
  "user_agent": "Mozilla/5.0 (Windows NT 10.0; Win64; x64) AppleWebKit/537.36 (KHTML, like Gecko) Chrome/143.0.0.0 Safari/537.36",
  "user_id": 2,
  "user_email": "codingin19@gmail.com"
}
========================================

{
  "timestamp": "2026-01-15 05:16:56",
  "method": "OPTIONS",
  "path": "/api/v1/notifications/unread",
  "headers": {
    "Accept": "*/*",
    "Authorization": "",
    "Content-Type": ""
  },
  "status_code": 204,
  "duration": "518.6µs",
  "duration_ms": 0,
  "client_ip": "::1",
  "user_agent": "Mozilla/5.0 (Windows NT 10.0; Win64; x64) AppleWebKit/537.36 (KHTML, like Gecko) Chrome/143.0.0.0 Safari/537.36"
}
========================================

{
  "timestamp": "2026-01-15 05:16:56",
  "method": "GET",
  "path": "/api/v1/notifications/unread",
  "headers": {
    "Accept": "application/json, text/plain, */*",
    "Authorization": "Bearer ...CRz4",
    "Content-Type": ""
  },
  "status_code": 200,
  "response_body": {
    "data": {
      "count": 0,
      "notifications": []
    },
    "message": "Unread notifications berhasil diambil",
    "success": true
  },
  "duration": "3.579ms",
  "duration_ms": 3,
  "client_ip": "::1",
  "user_agent": "Mozilla/5.0 (Windows NT 10.0; Win64; x64) AppleWebKit/537.36 (KHTML, like Gecko) Chrome/143.0.0.0 Safari/537.36",
  "user_id": 2,
  "user_email": "codingin19@gmail.com"
}
========================================

{
  "timestamp": "2026-01-15 05:17:26",
  "method": "OPTIONS",
  "path": "/api/v1/notifications/unread",
  "headers": {
    "Accept": "*/*",
    "Authorization": "",
    "Content-Type": ""
  },
  "status_code": 204,
  "duration": "0s",
  "duration_ms": 0,
  "client_ip": "::1",
  "user_agent": "Mozilla/5.0 (Windows NT 10.0; Win64; x64) AppleWebKit/537.36 (KHTML, like Gecko) Chrome/143.0.0.0 Safari/537.36"
}
========================================

{
  "timestamp": "2026-01-15 05:17:26",
  "method": "GET",
  "path": "/api/v1/notifications/unread",
  "headers": {
    "Accept": "application/json, text/plain, */*",
    "Authorization": "Bearer ...CRz4",
    "Content-Type": ""
  },
  "status_code": 200,
  "response_body": {
    "data": {
      "count": 0,
      "notifications": []
    },
    "message": "Unread notifications berhasil diambil",
    "success": true
  },
  "duration": "2.5834ms",
  "duration_ms": 2,
  "client_ip": "::1",
  "user_agent": "Mozilla/5.0 (Windows NT 10.0; Win64; x64) AppleWebKit/537.36 (KHTML, like Gecko) Chrome/143.0.0.0 Safari/537.36",
  "user_id": 2,
  "user_email": "codingin19@gmail.com"
}
========================================

{
  "timestamp": "2026-01-15 05:17:56",
  "method": "OPTIONS",
  "path": "/api/v1/notifications/unread",
  "headers": {
    "Accept": "*/*",
    "Authorization": "",
    "Content-Type": ""
  },
  "status_code": 204,
  "duration": "0s",
  "duration_ms": 0,
  "client_ip": "::1",
  "user_agent": "Mozilla/5.0 (Windows NT 10.0; Win64; x64) AppleWebKit/537.36 (KHTML, like Gecko) Chrome/143.0.0.0 Safari/537.36"
}
========================================

{
  "timestamp": "2026-01-15 05:17:56",
  "method": "GET",
  "path": "/api/v1/notifications/unread",
  "headers": {
    "Accept": "application/json, text/plain, */*",
    "Authorization": "Bearer ...CRz4",
    "Content-Type": ""
  },
  "status_code": 200,
  "response_body": {
    "data": {
      "count": 0,
      "notifications": []
    },
    "message": "Unread notifications berhasil diambil",
    "success": true
  },
  "duration": "2.6942ms",
  "duration_ms": 2,
  "client_ip": "::1",
  "user_agent": "Mozilla/5.0 (Windows NT 10.0; Win64; x64) AppleWebKit/537.36 (KHTML, like Gecko) Chrome/143.0.0.0 Safari/537.36",
  "user_id": 2,
  "user_email": "codingin19@gmail.com"
}
========================================

{
  "timestamp": "2026-01-15 05:18:26",
  "method": "OPTIONS",
  "path": "/api/v1/notifications/unread",
  "headers": {
    "Accept": "*/*",
    "Authorization": "",
    "Content-Type": ""
  },
  "status_code": 204,
  "duration": "0s",
  "duration_ms": 0,
  "client_ip": "::1",
  "user_agent": "Mozilla/5.0 (Windows NT 10.0; Win64; x64) AppleWebKit/537.36 (KHTML, like Gecko) Chrome/143.0.0.0 Safari/537.36"
}
========================================

{
  "timestamp": "2026-01-15 05:18:26",
  "method": "GET",
  "path": "/api/v1/notifications/unread",
  "headers": {
    "Accept": "application/json, text/plain, */*",
    "Authorization": "Bearer ...CRz4",
    "Content-Type": ""
  },
  "status_code": 200,
  "response_body": {
    "data": {
      "count": 0,
      "notifications": []
    },
    "message": "Unread notifications berhasil diambil",
    "success": true
  },
  "duration": "2.0134ms",
  "duration_ms": 2,
  "client_ip": "::1",
  "user_agent": "Mozilla/5.0 (Windows NT 10.0; Win64; x64) AppleWebKit/537.36 (KHTML, like Gecko) Chrome/143.0.0.0 Safari/537.36",
  "user_id": 2,
  "user_email": "codingin19@gmail.com"
}
========================================

{
  "timestamp": "2026-01-15 05:18:56",
  "method": "OPTIONS",
  "path": "/api/v1/notifications/unread",
  "headers": {
    "Accept": "*/*",
    "Authorization": "",
    "Content-Type": ""
  },
  "status_code": 204,
  "duration": "0s",
  "duration_ms": 0,
  "client_ip": "::1",
  "user_agent": "Mozilla/5.0 (Windows NT 10.0; Win64; x64) AppleWebKit/537.36 (KHTML, like Gecko) Chrome/143.0.0.0 Safari/537.36"
}
========================================

{
  "timestamp": "2026-01-15 05:18:56",
  "method": "GET",
  "path": "/api/v1/notifications/unread",
  "headers": {
    "Accept": "application/json, text/plain, */*",
    "Authorization": "Bearer ...CRz4",
    "Content-Type": ""
  },
  "status_code": 200,
  "response_body": {
    "data": {
      "count": 0,
      "notifications": []
    },
    "message": "Unread notifications berhasil diambil",
    "success": true
  },
  "duration": "2.5848ms",
  "duration_ms": 2,
  "client_ip": "::1",
  "user_agent": "Mozilla/5.0 (Windows NT 10.0; Win64; x64) AppleWebKit/537.36 (KHTML, like Gecko) Chrome/143.0.0.0 Safari/537.36",
  "user_id": 2,
  "user_email": "codingin19@gmail.com"
}
========================================

{
  "timestamp": "2026-01-15 05:19:26",
  "method": "OPTIONS",
  "path": "/api/v1/notifications/unread",
  "headers": {
    "Accept": "*/*",
    "Authorization": "",
    "Content-Type": ""
  },
  "status_code": 204,
  "duration": "0s",
  "duration_ms": 0,
  "client_ip": "::1",
  "user_agent": "Mozilla/5.0 (Windows NT 10.0; Win64; x64) AppleWebKit/537.36 (KHTML, like Gecko) Chrome/143.0.0.0 Safari/537.36"
}
========================================

{
  "timestamp": "2026-01-15 05:19:26",
  "method": "GET",
  "path": "/api/v1/notifications/unread",
  "headers": {
    "Accept": "application/json, text/plain, */*",
    "Authorization": "Bearer ...CRz4",
    "Content-Type": ""
  },
  "status_code": 200,
  "response_body": {
    "data": {
      "count": 0,
      "notifications": []
    },
    "message": "Unread notifications berhasil diambil",
    "success": true
  },
  "duration": "2.1658ms",
  "duration_ms": 2,
  "client_ip": "::1",
  "user_agent": "Mozilla/5.0 (Windows NT 10.0; Win64; x64) AppleWebKit/537.36 (KHTML, like Gecko) Chrome/143.0.0.0 Safari/537.36",
  "user_id": 2,
  "user_email": "codingin19@gmail.com"
}
========================================

{
  "timestamp": "2026-01-15 05:19:56",
  "method": "OPTIONS",
  "path": "/api/v1/notifications/unread",
  "headers": {
    "Accept": "*/*",
    "Authorization": "",
    "Content-Type": ""
  },
  "status_code": 204,
  "duration": "0s",
  "duration_ms": 0,
  "client_ip": "::1",
  "user_agent": "Mozilla/5.0 (Windows NT 10.0; Win64; x64) AppleWebKit/537.36 (KHTML, like Gecko) Chrome/143.0.0.0 Safari/537.36"
}
========================================

{
  "timestamp": "2026-01-15 05:19:56",
  "method": "GET",
  "path": "/api/v1/notifications/unread",
  "headers": {
    "Accept": "application/json, text/plain, */*",
    "Authorization": "Bearer ...CRz4",
    "Content-Type": ""
  },
  "status_code": 200,
  "response_body": {
    "data": {
      "count": 0,
      "notifications": []
    },
    "message": "Unread notifications berhasil diambil",
    "success": true
  },
  "duration": "2.1467ms",
  "duration_ms": 2,
  "client_ip": "::1",
  "user_agent": "Mozilla/5.0 (Windows NT 10.0; Win64; x64) AppleWebKit/537.36 (KHTML, like Gecko) Chrome/143.0.0.0 Safari/537.36",
  "user_id": 2,
  "user_email": "codingin19@gmail.com"
}
========================================

{
  "timestamp": "2026-01-15 05:20:26",
  "method": "OPTIONS",
  "path": "/api/v1/notifications/unread",
  "headers": {
    "Accept": "*/*",
    "Authorization": "",
    "Content-Type": ""
  },
  "status_code": 204,
  "duration": "0s",
  "duration_ms": 0,
  "client_ip": "::1",
  "user_agent": "Mozilla/5.0 (Windows NT 10.0; Win64; x64) AppleWebKit/537.36 (KHTML, like Gecko) Chrome/143.0.0.0 Safari/537.36"
}
========================================

{
  "timestamp": "2026-01-15 05:20:26",
  "method": "GET",
  "path": "/api/v1/notifications/unread",
  "headers": {
    "Accept": "application/json, text/plain, */*",
    "Authorization": "Bearer ...CRz4",
    "Content-Type": ""
  },
  "status_code": 200,
  "response_body": {
    "data": {
      "count": 0,
      "notifications": []
    },
    "message": "Unread notifications berhasil diambil",
    "success": true
  },
  "duration": "2.1298ms",
  "duration_ms": 2,
  "client_ip": "::1",
  "user_agent": "Mozilla/5.0 (Windows NT 10.0; Win64; x64) AppleWebKit/537.36 (KHTML, like Gecko) Chrome/143.0.0.0 Safari/537.36",
  "user_id": 2,
  "user_email": "codingin19@gmail.com"
}
========================================

{
  "timestamp": "2026-01-15 05:20:56",
  "method": "OPTIONS",
  "path": "/api/v1/notifications/unread",
  "headers": {
    "Accept": "*/*",
    "Authorization": "",
    "Content-Type": ""
  },
  "status_code": 204,
  "duration": "0s",
  "duration_ms": 0,
  "client_ip": "::1",
  "user_agent": "Mozilla/5.0 (Windows NT 10.0; Win64; x64) AppleWebKit/537.36 (KHTML, like Gecko) Chrome/143.0.0.0 Safari/537.36"
}
========================================

{
  "timestamp": "2026-01-15 05:20:56",
  "method": "GET",
  "path": "/api/v1/notifications/unread",
  "headers": {
    "Accept": "application/json, text/plain, */*",
    "Authorization": "Bearer ...CRz4",
    "Content-Type": ""
  },
  "status_code": 200,
  "response_body": {
    "data": {
      "count": 0,
      "notifications": []
    },
    "message": "Unread notifications berhasil diambil",
    "success": true
  },
  "duration": "6.0184ms",
  "duration_ms": 6,
  "client_ip": "::1",
  "user_agent": "Mozilla/5.0 (Windows NT 10.0; Win64; x64) AppleWebKit/537.36 (KHTML, like Gecko) Chrome/143.0.0.0 Safari/537.36",
  "user_id": 2,
  "user_email": "codingin19@gmail.com"
}
========================================

{
  "timestamp": "2026-01-15 05:21:26",
  "method": "OPTIONS",
  "path": "/api/v1/notifications/unread",
  "headers": {
    "Accept": "*/*",
    "Authorization": "",
    "Content-Type": ""
  },
  "status_code": 204,
  "duration": "0s",
  "duration_ms": 0,
  "client_ip": "::1",
  "user_agent": "Mozilla/5.0 (Windows NT 10.0; Win64; x64) AppleWebKit/537.36 (KHTML, like Gecko) Chrome/143.0.0.0 Safari/537.36"
}
========================================

{
  "timestamp": "2026-01-15 05:21:26",
  "method": "GET",
  "path": "/api/v1/notifications/unread",
  "headers": {
    "Accept": "application/json, text/plain, */*",
    "Authorization": "Bearer ...CRz4",
    "Content-Type": ""
  },
  "status_code": 200,
  "response_body": {
    "data": {
      "count": 0,
      "notifications": []
    },
    "message": "Unread notifications berhasil diambil",
    "success": true
  },
  "duration": "4.0659ms",
  "duration_ms": 4,
  "client_ip": "::1",
  "user_agent": "Mozilla/5.0 (Windows NT 10.0; Win64; x64) AppleWebKit/537.36 (KHTML, like Gecko) Chrome/143.0.0.0 Safari/537.36",
  "user_id": 2,
  "user_email": "codingin19@gmail.com"
}
========================================

{
  "timestamp": "2026-01-15 05:21:56",
  "method": "OPTIONS",
  "path": "/api/v1/notifications/unread",
  "headers": {
    "Accept": "*/*",
    "Authorization": "",
    "Content-Type": ""
  },
  "status_code": 204,
  "duration": "0s",
  "duration_ms": 0,
  "client_ip": "::1",
  "user_agent": "Mozilla/5.0 (Windows NT 10.0; Win64; x64) AppleWebKit/537.36 (KHTML, like Gecko) Chrome/143.0.0.0 Safari/537.36"
}
========================================

{
  "timestamp": "2026-01-15 05:21:56",
  "method": "GET",
  "path": "/api/v1/notifications/unread",
  "headers": {
    "Accept": "application/json, text/plain, */*",
    "Authorization": "Bearer ...CRz4",
    "Content-Type": ""
  },
  "status_code": 200,
  "response_body": {
    "data": {
      "count": 0,
      "notifications": []
    },
    "message": "Unread notifications berhasil diambil",
    "success": true
  },
  "duration": "2.6787ms",
  "duration_ms": 2,
  "client_ip": "::1",
  "user_agent": "Mozilla/5.0 (Windows NT 10.0; Win64; x64) AppleWebKit/537.36 (KHTML, like Gecko) Chrome/143.0.0.0 Safari/537.36",
  "user_id": 2,
  "user_email": "codingin19@gmail.com"
}
========================================

{
  "timestamp": "2026-01-15 05:22:26",
  "method": "OPTIONS",
  "path": "/api/v1/notifications/unread",
  "headers": {
    "Accept": "*/*",
    "Authorization": "",
    "Content-Type": ""
  },
  "status_code": 204,
  "duration": "1.0048ms",
  "duration_ms": 1,
  "client_ip": "::1",
  "user_agent": "Mozilla/5.0 (Windows NT 10.0; Win64; x64) AppleWebKit/537.36 (KHTML, like Gecko) Chrome/143.0.0.0 Safari/537.36"
}
========================================

{
  "timestamp": "2026-01-15 05:22:26",
  "method": "GET",
  "path": "/api/v1/notifications/unread",
  "headers": {
    "Accept": "application/json, text/plain, */*",
    "Authorization": "Bearer ...CRz4",
    "Content-Type": ""
  },
  "status_code": 200,
  "response_body": {
    "data": {
      "count": 0,
      "notifications": []
    },
    "message": "Unread notifications berhasil diambil",
    "success": true
  },
  "duration": "2.0722ms",
  "duration_ms": 2,
  "client_ip": "::1",
  "user_agent": "Mozilla/5.0 (Windows NT 10.0; Win64; x64) AppleWebKit/537.36 (KHTML, like Gecko) Chrome/143.0.0.0 Safari/537.36",
  "user_id": 2,
  "user_email": "codingin19@gmail.com"
}
========================================

{
  "timestamp": "2026-01-15 05:22:56",
  "method": "OPTIONS",
  "path": "/api/v1/notifications/unread",
  "headers": {
    "Accept": "*/*",
    "Authorization": "",
    "Content-Type": ""
  },
  "status_code": 204,
  "duration": "501.4µs",
  "duration_ms": 0,
  "client_ip": "::1",
  "user_agent": "Mozilla/5.0 (Windows NT 10.0; Win64; x64) AppleWebKit/537.36 (KHTML, like Gecko) Chrome/143.0.0.0 Safari/537.36"
}
========================================

{
  "timestamp": "2026-01-15 05:22:56",
  "method": "GET",
  "path": "/api/v1/notifications/unread",
  "headers": {
    "Accept": "application/json, text/plain, */*",
    "Authorization": "Bearer ...CRz4",
    "Content-Type": ""
  },
  "status_code": 200,
  "response_body": {
    "data": {
      "count": 0,
      "notifications": []
    },
    "message": "Unread notifications berhasil diambil",
    "success": true
  },
  "duration": "2.501ms",
  "duration_ms": 2,
  "client_ip": "::1",
  "user_agent": "Mozilla/5.0 (Windows NT 10.0; Win64; x64) AppleWebKit/537.36 (KHTML, like Gecko) Chrome/143.0.0.0 Safari/537.36",
  "user_id": 2,
  "user_email": "codingin19@gmail.com"
}
========================================

{
  "timestamp": "2026-01-15 05:23:26",
  "method": "OPTIONS",
  "path": "/api/v1/notifications/unread",
  "headers": {
    "Accept": "*/*",
    "Authorization": "",
    "Content-Type": ""
  },
  "status_code": 204,
  "duration": "0s",
  "duration_ms": 0,
  "client_ip": "::1",
  "user_agent": "Mozilla/5.0 (Windows NT 10.0; Win64; x64) AppleWebKit/537.36 (KHTML, like Gecko) Chrome/143.0.0.0 Safari/537.36"
}
========================================

{
  "timestamp": "2026-01-15 05:23:26",
  "method": "GET",
  "path": "/api/v1/notifications/unread",
  "headers": {
    "Accept": "application/json, text/plain, */*",
    "Authorization": "Bearer ...CRz4",
    "Content-Type": ""
  },
  "status_code": 200,
  "response_body": {
    "data": {
      "count": 0,
      "notifications": []
    },
    "message": "Unread notifications berhasil diambil",
    "success": true
  },
  "duration": "2.0174ms",
  "duration_ms": 2,
  "client_ip": "::1",
  "user_agent": "Mozilla/5.0 (Windows NT 10.0; Win64; x64) AppleWebKit/537.36 (KHTML, like Gecko) Chrome/143.0.0.0 Safari/537.36",
  "user_id": 2,
  "user_email": "codingin19@gmail.com"
}
========================================

{
  "timestamp": "2026-01-15 05:23:56",
  "method": "OPTIONS",
  "path": "/api/v1/notifications/unread",
  "headers": {
    "Accept": "*/*",
    "Authorization": "",
    "Content-Type": ""
  },
  "status_code": 204,
  "duration": "499.9µs",
  "duration_ms": 0,
  "client_ip": "::1",
  "user_agent": "Mozilla/5.0 (Windows NT 10.0; Win64; x64) AppleWebKit/537.36 (KHTML, like Gecko) Chrome/143.0.0.0 Safari/537.36"
}
========================================

{
  "timestamp": "2026-01-15 05:23:56",
  "method": "GET",
  "path": "/api/v1/notifications/unread",
  "headers": {
    "Accept": "application/json, text/plain, */*",
    "Authorization": "Bearer ...CRz4",
    "Content-Type": ""
  },
  "status_code": 200,
  "response_body": {
    "data": {
      "count": 0,
      "notifications": []
    },
    "message": "Unread notifications berhasil diambil",
    "success": true
  },
  "duration": "2.5361ms",
  "duration_ms": 2,
  "client_ip": "::1",
  "user_agent": "Mozilla/5.0 (Windows NT 10.0; Win64; x64) AppleWebKit/537.36 (KHTML, like Gecko) Chrome/143.0.0.0 Safari/537.36",
  "user_id": 2,
  "user_email": "codingin19@gmail.com"
}
========================================

{
  "timestamp": "2026-01-15 05:24:26",
  "method": "OPTIONS",
  "path": "/api/v1/notifications/unread",
  "headers": {
    "Accept": "*/*",
    "Authorization": "",
    "Content-Type": ""
  },
  "status_code": 204,
  "duration": "553.1µs",
  "duration_ms": 0,
  "client_ip": "::1",
  "user_agent": "Mozilla/5.0 (Windows NT 10.0; Win64; x64) AppleWebKit/537.36 (KHTML, like Gecko) Chrome/143.0.0.0 Safari/537.36"
}
========================================

{
  "timestamp": "2026-01-15 05:24:26",
  "method": "GET",
  "path": "/api/v1/notifications/unread",
  "headers": {
    "Accept": "application/json, text/plain, */*",
    "Authorization": "Bearer ...CRz4",
    "Content-Type": ""
  },
  "status_code": 200,
  "response_body": {
    "data": {
      "count": 0,
      "notifications": []
    },
    "message": "Unread notifications berhasil diambil",
    "success": true
  },
  "duration": "4.0226ms",
  "duration_ms": 4,
  "client_ip": "::1",
  "user_agent": "Mozilla/5.0 (Windows NT 10.0; Win64; x64) AppleWebKit/537.36 (KHTML, like Gecko) Chrome/143.0.0.0 Safari/537.36",
  "user_id": 2,
  "user_email": "codingin19@gmail.com"
}
========================================

{
  "timestamp": "2026-01-15 05:24:56",
  "method": "OPTIONS",
  "path": "/api/v1/notifications/unread",
  "headers": {
    "Accept": "*/*",
    "Authorization": "",
    "Content-Type": ""
  },
  "status_code": 204,
  "duration": "499.8µs",
  "duration_ms": 0,
  "client_ip": "::1",
  "user_agent": "Mozilla/5.0 (Windows NT 10.0; Win64; x64) AppleWebKit/537.36 (KHTML, like Gecko) Chrome/143.0.0.0 Safari/537.36"
}
========================================

{
  "timestamp": "2026-01-15 05:24:56",
  "method": "GET",
  "path": "/api/v1/notifications/unread",
  "headers": {
    "Accept": "application/json, text/plain, */*",
    "Authorization": "Bearer ...CRz4",
    "Content-Type": ""
  },
  "status_code": 200,
  "response_body": {
    "data": {
      "count": 0,
      "notifications": []
    },
    "message": "Unread notifications berhasil diambil",
    "success": true
  },
  "duration": "2.5174ms",
  "duration_ms": 2,
  "client_ip": "::1",
  "user_agent": "Mozilla/5.0 (Windows NT 10.0; Win64; x64) AppleWebKit/537.36 (KHTML, like Gecko) Chrome/143.0.0.0 Safari/537.36",
  "user_id": 2,
  "user_email": "codingin19@gmail.com"
}
========================================

{
  "timestamp": "2026-01-15 05:25:26",
  "method": "OPTIONS",
  "path": "/api/v1/notifications/unread",
  "headers": {
    "Accept": "*/*",
    "Authorization": "",
    "Content-Type": ""
  },
  "status_code": 204,
  "duration": "0s",
  "duration_ms": 0,
  "client_ip": "::1",
  "user_agent": "Mozilla/5.0 (Windows NT 10.0; Win64; x64) AppleWebKit/537.36 (KHTML, like Gecko) Chrome/143.0.0.0 Safari/537.36"
}
========================================

{
  "timestamp": "2026-01-15 05:25:26",
  "method": "GET",
  "path": "/api/v1/notifications/unread",
  "headers": {
    "Accept": "application/json, text/plain, */*",
    "Authorization": "Bearer ...CRz4",
    "Content-Type": ""
  },
  "status_code": 200,
  "response_body": {
    "data": {
      "count": 0,
      "notifications": []
    },
    "message": "Unread notifications berhasil diambil",
    "success": true
  },
  "duration": "2.6928ms",
  "duration_ms": 2,
  "client_ip": "::1",
  "user_agent": "Mozilla/5.0 (Windows NT 10.0; Win64; x64) AppleWebKit/537.36 (KHTML, like Gecko) Chrome/143.0.0.0 Safari/537.36",
  "user_id": 2,
  "user_email": "codingin19@gmail.com"
}
========================================

{
  "timestamp": "2026-01-15 05:25:56",
  "method": "OPTIONS",
  "path": "/api/v1/notifications/unread",
  "headers": {
    "Accept": "*/*",
    "Authorization": "",
    "Content-Type": ""
  },
  "status_code": 204,
  "duration": "0s",
  "duration_ms": 0,
  "client_ip": "::1",
  "user_agent": "Mozilla/5.0 (Windows NT 10.0; Win64; x64) AppleWebKit/537.36 (KHTML, like Gecko) Chrome/143.0.0.0 Safari/537.36"
}
========================================

{
  "timestamp": "2026-01-15 05:25:56",
  "method": "GET",
  "path": "/api/v1/notifications/unread",
  "headers": {
    "Accept": "application/json, text/plain, */*",
    "Authorization": "Bearer ...CRz4",
    "Content-Type": ""
  },
  "status_code": 200,
  "response_body": {
    "data": {
      "count": 0,
      "notifications": []
    },
    "message": "Unread notifications berhasil diambil",
    "success": true
  },
  "duration": "2.0335ms",
  "duration_ms": 2,
  "client_ip": "::1",
  "user_agent": "Mozilla/5.0 (Windows NT 10.0; Win64; x64) AppleWebKit/537.36 (KHTML, like Gecko) Chrome/143.0.0.0 Safari/537.36",
  "user_id": 2,
  "user_email": "codingin19@gmail.com"
}
========================================

{
  "timestamp": "2026-01-15 05:26:26",
  "method": "OPTIONS",
  "path": "/api/v1/notifications/unread",
  "headers": {
    "Accept": "*/*",
    "Authorization": "",
    "Content-Type": ""
  },
  "status_code": 204,
  "duration": "501µs",
  "duration_ms": 0,
  "client_ip": "::1",
  "user_agent": "Mozilla/5.0 (Windows NT 10.0; Win64; x64) AppleWebKit/537.36 (KHTML, like Gecko) Chrome/143.0.0.0 Safari/537.36"
}
========================================

{
  "timestamp": "2026-01-15 05:26:26",
  "method": "GET",
  "path": "/api/v1/notifications/unread",
  "headers": {
    "Accept": "application/json, text/plain, */*",
    "Authorization": "Bearer ...CRz4",
    "Content-Type": ""
  },
  "status_code": 200,
  "response_body": {
    "data": {
      "count": 0,
      "notifications": []
    },
    "message": "Unread notifications berhasil diambil",
    "success": true
  },
  "duration": "2.0288ms",
  "duration_ms": 2,
  "client_ip": "::1",
  "user_agent": "Mozilla/5.0 (Windows NT 10.0; Win64; x64) AppleWebKit/537.36 (KHTML, like Gecko) Chrome/143.0.0.0 Safari/537.36",
  "user_id": 2,
  "user_email": "codingin19@gmail.com"
}
========================================

{
  "timestamp": "2026-01-15 05:26:56",
  "method": "OPTIONS",
  "path": "/api/v1/notifications/unread",
  "headers": {
    "Accept": "*/*",
    "Authorization": "",
    "Content-Type": ""
  },
  "status_code": 204,
  "duration": "0s",
  "duration_ms": 0,
  "client_ip": "::1",
  "user_agent": "Mozilla/5.0 (Windows NT 10.0; Win64; x64) AppleWebKit/537.36 (KHTML, like Gecko) Chrome/143.0.0.0 Safari/537.36"
}
========================================

{
  "timestamp": "2026-01-15 05:26:56",
  "method": "GET",
  "path": "/api/v1/notifications/unread",
  "headers": {
    "Accept": "application/json, text/plain, */*",
    "Authorization": "Bearer ...CRz4",
    "Content-Type": ""
  },
  "status_code": 200,
  "response_body": {
    "data": {
      "count": 0,
      "notifications": []
    },
    "message": "Unread notifications berhasil diambil",
    "success": true
  },
  "duration": "2.6503ms",
  "duration_ms": 2,
  "client_ip": "::1",
  "user_agent": "Mozilla/5.0 (Windows NT 10.0; Win64; x64) AppleWebKit/537.36 (KHTML, like Gecko) Chrome/143.0.0.0 Safari/537.36",
  "user_id": 2,
  "user_email": "codingin19@gmail.com"
}
========================================

{
  "timestamp": "2026-01-15 05:27:26",
  "method": "OPTIONS",
  "path": "/api/v1/notifications/unread",
  "headers": {
    "Accept": "*/*",
    "Authorization": "",
    "Content-Type": ""
  },
  "status_code": 204,
  "duration": "0s",
  "duration_ms": 0,
  "client_ip": "::1",
  "user_agent": "Mozilla/5.0 (Windows NT 10.0; Win64; x64) AppleWebKit/537.36 (KHTML, like Gecko) Chrome/143.0.0.0 Safari/537.36"
}
========================================

{
  "timestamp": "2026-01-15 05:27:26",
  "method": "GET",
  "path": "/api/v1/notifications/unread",
  "headers": {
    "Accept": "application/json, text/plain, */*",
    "Authorization": "Bearer ...CRz4",
    "Content-Type": ""
  },
  "status_code": 200,
  "response_body": {
    "data": {
      "count": 0,
      "notifications": []
    },
    "message": "Unread notifications berhasil diambil",
    "success": true
  },
  "duration": "1.5224ms",
  "duration_ms": 1,
  "client_ip": "::1",
  "user_agent": "Mozilla/5.0 (Windows NT 10.0; Win64; x64) AppleWebKit/537.36 (KHTML, like Gecko) Chrome/143.0.0.0 Safari/537.36",
  "user_id": 2,
  "user_email": "codingin19@gmail.com"
}
========================================

{
  "timestamp": "2026-01-15 05:27:56",
  "method": "OPTIONS",
  "path": "/api/v1/notifications/unread",
  "headers": {
    "Accept": "*/*",
    "Authorization": "",
    "Content-Type": ""
  },
  "status_code": 204,
  "duration": "0s",
  "duration_ms": 0,
  "client_ip": "::1",
  "user_agent": "Mozilla/5.0 (Windows NT 10.0; Win64; x64) AppleWebKit/537.36 (KHTML, like Gecko) Chrome/143.0.0.0 Safari/537.36"
}
========================================

{
  "timestamp": "2026-01-15 05:27:56",
  "method": "GET",
  "path": "/api/v1/notifications/unread",
  "headers": {
    "Accept": "application/json, text/plain, */*",
    "Authorization": "Bearer ...CRz4",
    "Content-Type": ""
  },
  "status_code": 200,
  "response_body": {
    "data": {
      "count": 0,
      "notifications": []
    },
    "message": "Unread notifications berhasil diambil",
    "success": true
  },
  "duration": "2.5019ms",
  "duration_ms": 2,
  "client_ip": "::1",
  "user_agent": "Mozilla/5.0 (Windows NT 10.0; Win64; x64) AppleWebKit/537.36 (KHTML, like Gecko) Chrome/143.0.0.0 Safari/537.36",
  "user_id": 2,
  "user_email": "codingin19@gmail.com"
}
========================================

{
  "timestamp": "2026-01-15 05:28:26",
  "method": "OPTIONS",
  "path": "/api/v1/notifications/unread",
  "headers": {
    "Accept": "*/*",
    "Authorization": "",
    "Content-Type": ""
  },
  "status_code": 204,
  "duration": "0s",
  "duration_ms": 0,
  "client_ip": "::1",
  "user_agent": "Mozilla/5.0 (Windows NT 10.0; Win64; x64) AppleWebKit/537.36 (KHTML, like Gecko) Chrome/143.0.0.0 Safari/537.36"
}
========================================

{
  "timestamp": "2026-01-15 05:28:26",
  "method": "GET",
  "path": "/api/v1/notifications/unread",
  "headers": {
    "Accept": "application/json, text/plain, */*",
    "Authorization": "Bearer ...CRz4",
    "Content-Type": ""
  },
  "status_code": 200,
  "response_body": {
    "data": {
      "count": 0,
      "notifications": []
    },
    "message": "Unread notifications berhasil diambil",
    "success": true
  },
  "duration": "2.1533ms",
  "duration_ms": 2,
  "client_ip": "::1",
  "user_agent": "Mozilla/5.0 (Windows NT 10.0; Win64; x64) AppleWebKit/537.36 (KHTML, like Gecko) Chrome/143.0.0.0 Safari/537.36",
  "user_id": 2,
  "user_email": "codingin19@gmail.com"
}
========================================

{
  "timestamp": "2026-01-15 05:28:56",
  "method": "OPTIONS",
  "path": "/api/v1/notifications/unread",
  "headers": {
    "Accept": "*/*",
    "Authorization": "",
    "Content-Type": ""
  },
  "status_code": 204,
  "duration": "499.5µs",
  "duration_ms": 0,
  "client_ip": "::1",
  "user_agent": "Mozilla/5.0 (Windows NT 10.0; Win64; x64) AppleWebKit/537.36 (KHTML, like Gecko) Chrome/143.0.0.0 Safari/537.36"
}
========================================

{
  "timestamp": "2026-01-15 05:28:56",
  "method": "GET",
  "path": "/api/v1/notifications/unread",
  "headers": {
    "Accept": "application/json, text/plain, */*",
    "Authorization": "Bearer ...CRz4",
    "Content-Type": ""
  },
  "status_code": 200,
  "response_body": {
    "data": {
      "count": 0,
      "notifications": []
    },
    "message": "Unread notifications berhasil diambil",
    "success": true
  },
  "duration": "2.0075ms",
  "duration_ms": 2,
  "client_ip": "::1",
  "user_agent": "Mozilla/5.0 (Windows NT 10.0; Win64; x64) AppleWebKit/537.36 (KHTML, like Gecko) Chrome/143.0.0.0 Safari/537.36",
  "user_id": 2,
  "user_email": "codingin19@gmail.com"
}
========================================

{
  "timestamp": "2026-01-15 05:29:26",
  "method": "OPTIONS",
  "path": "/api/v1/notifications/unread",
  "headers": {
    "Accept": "*/*",
    "Authorization": "",
    "Content-Type": ""
  },
  "status_code": 204,
  "duration": "0s",
  "duration_ms": 0,
  "client_ip": "::1",
  "user_agent": "Mozilla/5.0 (Windows NT 10.0; Win64; x64) AppleWebKit/537.36 (KHTML, like Gecko) Chrome/143.0.0.0 Safari/537.36"
}
========================================

{
  "timestamp": "2026-01-15 05:29:26",
  "method": "GET",
  "path": "/api/v1/notifications/unread",
  "headers": {
    "Accept": "application/json, text/plain, */*",
    "Authorization": "Bearer ...CRz4",
    "Content-Type": ""
  },
  "status_code": 200,
  "response_body": {
    "data": {
      "count": 0,
      "notifications": []
    },
    "message": "Unread notifications berhasil diambil",
    "success": true
  },
  "duration": "3.0456ms",
  "duration_ms": 3,
  "client_ip": "::1",
  "user_agent": "Mozilla/5.0 (Windows NT 10.0; Win64; x64) AppleWebKit/537.36 (KHTML, like Gecko) Chrome/143.0.0.0 Safari/537.36",
  "user_id": 2,
  "user_email": "codingin19@gmail.com"
}
========================================

{
  "timestamp": "2026-01-15 05:29:56",
  "method": "OPTIONS",
  "path": "/api/v1/notifications/unread",
  "headers": {
    "Accept": "*/*",
    "Authorization": "",
    "Content-Type": ""
  },
  "status_code": 204,
  "duration": "499.9µs",
  "duration_ms": 0,
  "client_ip": "::1",
  "user_agent": "Mozilla/5.0 (Windows NT 10.0; Win64; x64) AppleWebKit/537.36 (KHTML, like Gecko) Chrome/143.0.0.0 Safari/537.36"
}
========================================

{
  "timestamp": "2026-01-15 05:29:56",
  "method": "GET",
  "path": "/api/v1/notifications/unread",
  "headers": {
    "Accept": "application/json, text/plain, */*",
    "Authorization": "Bearer ...CRz4",
    "Content-Type": ""
  },
  "status_code": 200,
  "response_body": {
    "data": {
      "count": 0,
      "notifications": []
    },
    "message": "Unread notifications berhasil diambil",
    "success": true
  },
  "duration": "2.0291ms",
  "duration_ms": 2,
  "client_ip": "::1",
  "user_agent": "Mozilla/5.0 (Windows NT 10.0; Win64; x64) AppleWebKit/537.36 (KHTML, like Gecko) Chrome/143.0.0.0 Safari/537.36",
  "user_id": 2,
  "user_email": "codingin19@gmail.com"
}
========================================

{
  "timestamp": "2026-01-15 05:30:26",
  "method": "OPTIONS",
  "path": "/api/v1/notifications/unread",
  "headers": {
    "Accept": "*/*",
    "Authorization": "",
    "Content-Type": ""
  },
  "status_code": 204,
  "duration": "499.3µs",
  "duration_ms": 0,
  "client_ip": "::1",
  "user_agent": "Mozilla/5.0 (Windows NT 10.0; Win64; x64) AppleWebKit/537.36 (KHTML, like Gecko) Chrome/143.0.0.0 Safari/537.36"
}
========================================

{
  "timestamp": "2026-01-15 05:30:26",
  "method": "GET",
  "path": "/api/v1/notifications/unread",
  "headers": {
    "Accept": "application/json, text/plain, */*",
    "Authorization": "Bearer ...CRz4",
    "Content-Type": ""
  },
  "status_code": 200,
  "response_body": {
    "data": {
      "count": 0,
      "notifications": []
    },
    "message": "Unread notifications berhasil diambil",
    "success": true
  },
  "duration": "2.1728ms",
  "duration_ms": 2,
  "client_ip": "::1",
  "user_agent": "Mozilla/5.0 (Windows NT 10.0; Win64; x64) AppleWebKit/537.36 (KHTML, like Gecko) Chrome/143.0.0.0 Safari/537.36",
  "user_id": 2,
  "user_email": "codingin19@gmail.com"
}
========================================

{
  "timestamp": "2026-01-15 05:30:56",
  "method": "OPTIONS",
  "path": "/api/v1/notifications/unread",
  "headers": {
    "Accept": "*/*",
    "Authorization": "",
    "Content-Type": ""
  },
  "status_code": 204,
  "duration": "0s",
  "duration_ms": 0,
  "client_ip": "::1",
  "user_agent": "Mozilla/5.0 (Windows NT 10.0; Win64; x64) AppleWebKit/537.36 (KHTML, like Gecko) Chrome/143.0.0.0 Safari/537.36"
}
========================================

{
  "timestamp": "2026-01-15 05:30:56",
  "method": "GET",
  "path": "/api/v1/notifications/unread",
  "headers": {
    "Accept": "application/json, text/plain, */*",
    "Authorization": "Bearer ...CRz4",
    "Content-Type": ""
  },
  "status_code": 200,
  "response_body": {
    "data": {
      "count": 0,
      "notifications": []
    },
    "message": "Unread notifications berhasil diambil",
    "success": true
  },
  "duration": "2.0104ms",
  "duration_ms": 2,
  "client_ip": "::1",
  "user_agent": "Mozilla/5.0 (Windows NT 10.0; Win64; x64) AppleWebKit/537.36 (KHTML, like Gecko) Chrome/143.0.0.0 Safari/537.36",
  "user_id": 2,
  "user_email": "codingin19@gmail.com"
}
========================================

{
  "timestamp": "2026-01-15 05:31:26",
  "method": "OPTIONS",
  "path": "/api/v1/notifications/unread",
  "headers": {
    "Accept": "*/*",
    "Authorization": "",
    "Content-Type": ""
  },
  "status_code": 204,
  "duration": "499.5µs",
  "duration_ms": 0,
  "client_ip": "::1",
  "user_agent": "Mozilla/5.0 (Windows NT 10.0; Win64; x64) AppleWebKit/537.36 (KHTML, like Gecko) Chrome/143.0.0.0 Safari/537.36"
}
========================================

{
  "timestamp": "2026-01-15 05:31:26",
  "method": "GET",
  "path": "/api/v1/notifications/unread",
  "headers": {
    "Accept": "application/json, text/plain, */*",
    "Authorization": "Bearer ...CRz4",
    "Content-Type": ""
  },
  "status_code": 200,
  "response_body": {
    "data": {
      "count": 0,
      "notifications": []
    },
    "message": "Unread notifications berhasil diambil",
    "success": true
  },
  "duration": "2.5024ms",
  "duration_ms": 2,
  "client_ip": "::1",
  "user_agent": "Mozilla/5.0 (Windows NT 10.0; Win64; x64) AppleWebKit/537.36 (KHTML, like Gecko) Chrome/143.0.0.0 Safari/537.36",
  "user_id": 2,
  "user_email": "codingin19@gmail.com"
}
========================================

{
  "timestamp": "2026-01-15 05:31:56",
  "method": "OPTIONS",
  "path": "/api/v1/notifications/unread",
  "headers": {
    "Accept": "*/*",
    "Authorization": "",
    "Content-Type": ""
  },
  "status_code": 204,
  "duration": "1.004ms",
  "duration_ms": 1,
  "client_ip": "::1",
  "user_agent": "Mozilla/5.0 (Windows NT 10.0; Win64; x64) AppleWebKit/537.36 (KHTML, like Gecko) Chrome/143.0.0.0 Safari/537.36"
}
========================================

{
  "timestamp": "2026-01-15 05:31:56",
  "method": "GET",
  "path": "/api/v1/notifications/unread",
  "headers": {
    "Accept": "application/json, text/plain, */*",
    "Authorization": "Bearer ...CRz4",
    "Content-Type": ""
  },
  "status_code": 200,
  "response_body": {
    "data": {
      "count": 0,
      "notifications": []
    },
    "message": "Unread notifications berhasil diambil",
    "success": true
  },
  "duration": "2.0887ms",
  "duration_ms": 2,
  "client_ip": "::1",
  "user_agent": "Mozilla/5.0 (Windows NT 10.0; Win64; x64) AppleWebKit/537.36 (KHTML, like Gecko) Chrome/143.0.0.0 Safari/537.36",
  "user_id": 2,
  "user_email": "codingin19@gmail.com"
}
========================================

{
  "timestamp": "2026-01-15 05:32:26",
  "method": "OPTIONS",
  "path": "/api/v1/notifications/unread",
  "headers": {
    "Accept": "*/*",
    "Authorization": "",
    "Content-Type": ""
  },
  "status_code": 204,
  "duration": "501µs",
  "duration_ms": 0,
  "client_ip": "::1",
  "user_agent": "Mozilla/5.0 (Windows NT 10.0; Win64; x64) AppleWebKit/537.36 (KHTML, like Gecko) Chrome/143.0.0.0 Safari/537.36"
}
========================================

{
  "timestamp": "2026-01-15 05:32:26",
  "method": "GET",
  "path": "/api/v1/notifications/unread",
  "headers": {
    "Accept": "application/json, text/plain, */*",
    "Authorization": "Bearer ...CRz4",
    "Content-Type": ""
  },
  "status_code": 200,
  "response_body": {
    "data": {
      "count": 0,
      "notifications": []
    },
    "message": "Unread notifications berhasil diambil",
    "success": true
  },
  "duration": "2.014ms",
  "duration_ms": 2,
  "client_ip": "::1",
  "user_agent": "Mozilla/5.0 (Windows NT 10.0; Win64; x64) AppleWebKit/537.36 (KHTML, like Gecko) Chrome/143.0.0.0 Safari/537.36",
  "user_id": 2,
  "user_email": "codingin19@gmail.com"
}
========================================

{
  "timestamp": "2026-01-15 05:32:56",
  "method": "OPTIONS",
  "path": "/api/v1/notifications/unread",
  "headers": {
    "Accept": "*/*",
    "Authorization": "",
    "Content-Type": ""
  },
  "status_code": 204,
  "duration": "0s",
  "duration_ms": 0,
  "client_ip": "::1",
  "user_agent": "Mozilla/5.0 (Windows NT 10.0; Win64; x64) AppleWebKit/537.36 (KHTML, like Gecko) Chrome/143.0.0.0 Safari/537.36"
}
========================================

{
  "timestamp": "2026-01-15 05:32:56",
  "method": "GET",
  "path": "/api/v1/notifications/unread",
  "headers": {
    "Accept": "application/json, text/plain, */*",
    "Authorization": "Bearer ...CRz4",
    "Content-Type": ""
  },
  "status_code": 200,
  "response_body": {
    "data": {
      "count": 0,
      "notifications": []
    },
    "message": "Unread notifications berhasil diambil",
    "success": true
  },
  "duration": "7.7111ms",
  "duration_ms": 7,
  "client_ip": "::1",
  "user_agent": "Mozilla/5.0 (Windows NT 10.0; Win64; x64) AppleWebKit/537.36 (KHTML, like Gecko) Chrome/143.0.0.0 Safari/537.36",
  "user_id": 2,
  "user_email": "codingin19@gmail.com"
}
========================================

{
  "timestamp": "2026-01-15 05:33:26",
  "method": "OPTIONS",
  "path": "/api/v1/notifications/unread",
  "headers": {
    "Accept": "*/*",
    "Authorization": "",
    "Content-Type": ""
  },
  "status_code": 204,
  "duration": "0s",
  "duration_ms": 0,
  "client_ip": "::1",
  "user_agent": "Mozilla/5.0 (Windows NT 10.0; Win64; x64) AppleWebKit/537.36 (KHTML, like Gecko) Chrome/143.0.0.0 Safari/537.36"
}
========================================

{
  "timestamp": "2026-01-15 05:33:26",
  "method": "GET",
  "path": "/api/v1/notifications/unread",
  "headers": {
    "Accept": "application/json, text/plain, */*",
    "Authorization": "Bearer ...CRz4",
    "Content-Type": ""
  },
  "status_code": 200,
  "response_body": {
    "data": {
      "count": 0,
      "notifications": []
    },
    "message": "Unread notifications berhasil diambil",
    "success": true
  },
  "duration": "2.0141ms",
  "duration_ms": 2,
  "client_ip": "::1",
  "user_agent": "Mozilla/5.0 (Windows NT 10.0; Win64; x64) AppleWebKit/537.36 (KHTML, like Gecko) Chrome/143.0.0.0 Safari/537.36",
  "user_id": 2,
  "user_email": "codingin19@gmail.com"
}
========================================

{
  "timestamp": "2026-01-15 05:33:56",
  "method": "OPTIONS",
  "path": "/api/v1/notifications/unread",
  "headers": {
    "Accept": "*/*",
    "Authorization": "",
    "Content-Type": ""
  },
  "status_code": 204,
  "duration": "0s",
  "duration_ms": 0,
  "client_ip": "::1",
  "user_agent": "Mozilla/5.0 (Windows NT 10.0; Win64; x64) AppleWebKit/537.36 (KHTML, like Gecko) Chrome/143.0.0.0 Safari/537.36"
}
========================================

{
  "timestamp": "2026-01-15 05:33:56",
  "method": "GET",
  "path": "/api/v1/notifications/unread",
  "headers": {
    "Accept": "application/json, text/plain, */*",
    "Authorization": "Bearer ...CRz4",
    "Content-Type": ""
  },
  "status_code": 200,
  "response_body": {
    "data": {
      "count": 0,
      "notifications": []
    },
    "message": "Unread notifications berhasil diambil",
    "success": true
  },
  "duration": "2.2064ms",
  "duration_ms": 2,
  "client_ip": "::1",
  "user_agent": "Mozilla/5.0 (Windows NT 10.0; Win64; x64) AppleWebKit/537.36 (KHTML, like Gecko) Chrome/143.0.0.0 Safari/537.36",
  "user_id": 2,
  "user_email": "codingin19@gmail.com"
}
========================================

{
  "timestamp": "2026-01-15 05:34:26",
  "method": "OPTIONS",
  "path": "/api/v1/notifications/unread",
  "headers": {
    "Accept": "*/*",
    "Authorization": "",
    "Content-Type": ""
  },
  "status_code": 204,
  "duration": "0s",
  "duration_ms": 0,
  "client_ip": "::1",
  "user_agent": "Mozilla/5.0 (Windows NT 10.0; Win64; x64) AppleWebKit/537.36 (KHTML, like Gecko) Chrome/143.0.0.0 Safari/537.36"
}
========================================

{
  "timestamp": "2026-01-15 05:34:26",
  "method": "GET",
  "path": "/api/v1/notifications/unread",
  "headers": {
    "Accept": "application/json, text/plain, */*",
    "Authorization": "Bearer ...CRz4",
    "Content-Type": ""
  },
  "status_code": 200,
  "response_body": {
    "data": {
      "count": 0,
      "notifications": []
    },
    "message": "Unread notifications berhasil diambil",
    "success": true
  },
  "duration": "2.012ms",
  "duration_ms": 2,
  "client_ip": "::1",
  "user_agent": "Mozilla/5.0 (Windows NT 10.0; Win64; x64) AppleWebKit/537.36 (KHTML, like Gecko) Chrome/143.0.0.0 Safari/537.36",
  "user_id": 2,
  "user_email": "codingin19@gmail.com"
}
========================================

{
  "timestamp": "2026-01-15 05:34:56",
  "method": "OPTIONS",
  "path": "/api/v1/notifications/unread",
  "headers": {
    "Accept": "*/*",
    "Authorization": "",
    "Content-Type": ""
  },
  "status_code": 204,
  "duration": "0s",
  "duration_ms": 0,
  "client_ip": "::1",
  "user_agent": "Mozilla/5.0 (Windows NT 10.0; Win64; x64) AppleWebKit/537.36 (KHTML, like Gecko) Chrome/143.0.0.0 Safari/537.36"
}
========================================

{
  "timestamp": "2026-01-15 05:34:56",
  "method": "GET",
  "path": "/api/v1/notifications/unread",
  "headers": {
    "Accept": "application/json, text/plain, */*",
    "Authorization": "Bearer ...CRz4",
    "Content-Type": ""
  },
  "status_code": 200,
  "response_body": {
    "data": {
      "count": 0,
      "notifications": []
    },
    "message": "Unread notifications berhasil diambil",
    "success": true
  },
  "duration": "2.0111ms",
  "duration_ms": 2,
  "client_ip": "::1",
  "user_agent": "Mozilla/5.0 (Windows NT 10.0; Win64; x64) AppleWebKit/537.36 (KHTML, like Gecko) Chrome/143.0.0.0 Safari/537.36",
  "user_id": 2,
  "user_email": "codingin19@gmail.com"
}
========================================

{
  "timestamp": "2026-01-15 05:35:26",
  "method": "OPTIONS",
  "path": "/api/v1/notifications/unread",
  "headers": {
    "Accept": "*/*",
    "Authorization": "",
    "Content-Type": ""
  },
  "status_code": 204,
  "duration": "0s",
  "duration_ms": 0,
  "client_ip": "::1",
  "user_agent": "Mozilla/5.0 (Windows NT 10.0; Win64; x64) AppleWebKit/537.36 (KHTML, like Gecko) Chrome/143.0.0.0 Safari/537.36"
}
========================================

{
  "timestamp": "2026-01-15 05:35:26",
  "method": "GET",
  "path": "/api/v1/notifications/unread",
  "headers": {
    "Accept": "application/json, text/plain, */*",
    "Authorization": "Bearer ...CRz4",
    "Content-Type": ""
  },
  "status_code": 200,
  "response_body": {
    "data": {
      "count": 0,
      "notifications": []
    },
    "message": "Unread notifications berhasil diambil",
    "success": true
  },
  "duration": "2.0465ms",
  "duration_ms": 2,
  "client_ip": "::1",
  "user_agent": "Mozilla/5.0 (Windows NT 10.0; Win64; x64) AppleWebKit/537.36 (KHTML, like Gecko) Chrome/143.0.0.0 Safari/537.36",
  "user_id": 2,
  "user_email": "codingin19@gmail.com"
}
========================================

{
  "timestamp": "2026-01-15 05:35:56",
  "method": "OPTIONS",
  "path": "/api/v1/notifications/unread",
  "headers": {
    "Accept": "*/*",
    "Authorization": "",
    "Content-Type": ""
  },
  "status_code": 204,
  "duration": "0s",
  "duration_ms": 0,
  "client_ip": "::1",
  "user_agent": "Mozilla/5.0 (Windows NT 10.0; Win64; x64) AppleWebKit/537.36 (KHTML, like Gecko) Chrome/143.0.0.0 Safari/537.36"
}
========================================

{
  "timestamp": "2026-01-15 05:35:56",
  "method": "GET",
  "path": "/api/v1/notifications/unread",
  "headers": {
    "Accept": "application/json, text/plain, */*",
    "Authorization": "Bearer ...CRz4",
    "Content-Type": ""
  },
  "status_code": 200,
  "response_body": {
    "data": {
      "count": 0,
      "notifications": []
    },
    "message": "Unread notifications berhasil diambil",
    "success": true
  },
  "duration": "2.1539ms",
  "duration_ms": 2,
  "client_ip": "::1",
  "user_agent": "Mozilla/5.0 (Windows NT 10.0; Win64; x64) AppleWebKit/537.36 (KHTML, like Gecko) Chrome/143.0.0.0 Safari/537.36",
  "user_id": 2,
  "user_email": "codingin19@gmail.com"
}
========================================

{
  "timestamp": "2026-01-15 05:36:26",
  "method": "OPTIONS",
  "path": "/api/v1/notifications/unread",
  "headers": {
    "Accept": "*/*",
    "Authorization": "",
    "Content-Type": ""
  },
  "status_code": 204,
  "duration": "0s",
  "duration_ms": 0,
  "client_ip": "::1",
  "user_agent": "Mozilla/5.0 (Windows NT 10.0; Win64; x64) AppleWebKit/537.36 (KHTML, like Gecko) Chrome/143.0.0.0 Safari/537.36"
}
========================================

{
  "timestamp": "2026-01-15 05:36:26",
  "method": "GET",
  "path": "/api/v1/notifications/unread",
  "headers": {
    "Accept": "application/json, text/plain, */*",
    "Authorization": "Bearer ...CRz4",
    "Content-Type": ""
  },
  "status_code": 200,
  "response_body": {
    "data": {
      "count": 0,
      "notifications": []
    },
    "message": "Unread notifications berhasil diambil",
    "success": true
  },
  "duration": "2.5182ms",
  "duration_ms": 2,
  "client_ip": "::1",
  "user_agent": "Mozilla/5.0 (Windows NT 10.0; Win64; x64) AppleWebKit/537.36 (KHTML, like Gecko) Chrome/143.0.0.0 Safari/537.36",
  "user_id": 2,
  "user_email": "codingin19@gmail.com"
}
========================================

{
  "timestamp": "2026-01-15 05:36:56",
  "method": "OPTIONS",
  "path": "/api/v1/notifications/unread",
  "headers": {
    "Accept": "*/*",
    "Authorization": "",
    "Content-Type": ""
  },
  "status_code": 204,
  "duration": "0s",
  "duration_ms": 0,
  "client_ip": "::1",
  "user_agent": "Mozilla/5.0 (Windows NT 10.0; Win64; x64) AppleWebKit/537.36 (KHTML, like Gecko) Chrome/143.0.0.0 Safari/537.36"
}
========================================

{
  "timestamp": "2026-01-15 05:36:56",
  "method": "GET",
  "path": "/api/v1/notifications/unread",
  "headers": {
    "Accept": "application/json, text/plain, */*",
    "Authorization": "Bearer ...CRz4",
    "Content-Type": ""
  },
  "status_code": 200,
  "response_body": {
    "data": {
      "count": 0,
      "notifications": []
    },
    "message": "Unread notifications berhasil diambil",
    "success": true
  },
  "duration": "2.0214ms",
  "duration_ms": 2,
  "client_ip": "::1",
  "user_agent": "Mozilla/5.0 (Windows NT 10.0; Win64; x64) AppleWebKit/537.36 (KHTML, like Gecko) Chrome/143.0.0.0 Safari/537.36",
  "user_id": 2,
  "user_email": "codingin19@gmail.com"
}
========================================

{
  "timestamp": "2026-01-15 05:37:26",
  "method": "OPTIONS",
  "path": "/api/v1/notifications/unread",
  "headers": {
    "Accept": "*/*",
    "Authorization": "",
    "Content-Type": ""
  },
  "status_code": 204,
  "duration": "0s",
  "duration_ms": 0,
  "client_ip": "::1",
  "user_agent": "Mozilla/5.0 (Windows NT 10.0; Win64; x64) AppleWebKit/537.36 (KHTML, like Gecko) Chrome/143.0.0.0 Safari/537.36"
}
========================================

{
  "timestamp": "2026-01-15 05:37:26",
  "method": "GET",
  "path": "/api/v1/notifications/unread",
  "headers": {
    "Accept": "application/json, text/plain, */*",
    "Authorization": "Bearer ...CRz4",
    "Content-Type": ""
  },
  "status_code": 200,
  "response_body": {
    "data": {
      "count": 0,
      "notifications": []
    },
    "message": "Unread notifications berhasil diambil",
    "success": true
  },
  "duration": "2.013ms",
  "duration_ms": 2,
  "client_ip": "::1",
  "user_agent": "Mozilla/5.0 (Windows NT 10.0; Win64; x64) AppleWebKit/537.36 (KHTML, like Gecko) Chrome/143.0.0.0 Safari/537.36",
  "user_id": 2,
  "user_email": "codingin19@gmail.com"
}
========================================

{
  "timestamp": "2026-01-15 05:37:56",
  "method": "OPTIONS",
  "path": "/api/v1/notifications/unread",
  "headers": {
    "Accept": "*/*",
    "Authorization": "",
    "Content-Type": ""
  },
  "status_code": 204,
  "duration": "0s",
  "duration_ms": 0,
  "client_ip": "::1",
  "user_agent": "Mozilla/5.0 (Windows NT 10.0; Win64; x64) AppleWebKit/537.36 (KHTML, like Gecko) Chrome/143.0.0.0 Safari/537.36"
}
========================================

{
  "timestamp": "2026-01-15 05:37:56",
  "method": "GET",
  "path": "/api/v1/notifications/unread",
  "headers": {
    "Accept": "application/json, text/plain, */*",
    "Authorization": "Bearer ...CRz4",
    "Content-Type": ""
  },
  "status_code": 200,
  "response_body": {
    "data": {
      "count": 0,
      "notifications": []
    },
    "message": "Unread notifications berhasil diambil",
    "success": true
  },
  "duration": "2.0076ms",
  "duration_ms": 2,
  "client_ip": "::1",
  "user_agent": "Mozilla/5.0 (Windows NT 10.0; Win64; x64) AppleWebKit/537.36 (KHTML, like Gecko) Chrome/143.0.0.0 Safari/537.36",
  "user_id": 2,
  "user_email": "codingin19@gmail.com"
}
========================================

{
  "timestamp": "2026-01-15 05:38:26",
  "method": "OPTIONS",
  "path": "/api/v1/notifications/unread",
  "headers": {
    "Accept": "*/*",
    "Authorization": "",
    "Content-Type": ""
  },
  "status_code": 204,
  "duration": "0s",
  "duration_ms": 0,
  "client_ip": "::1",
  "user_agent": "Mozilla/5.0 (Windows NT 10.0; Win64; x64) AppleWebKit/537.36 (KHTML, like Gecko) Chrome/143.0.0.0 Safari/537.36"
}
========================================

{
  "timestamp": "2026-01-15 05:38:26",
  "method": "GET",
  "path": "/api/v1/notifications/unread",
  "headers": {
    "Accept": "application/json, text/plain, */*",
    "Authorization": "Bearer ...CRz4",
    "Content-Type": ""
  },
  "status_code": 200,
  "response_body": {
    "data": {
      "count": 0,
      "notifications": []
    },
    "message": "Unread notifications berhasil diambil",
    "success": true
  },
  "duration": "2.0012ms",
  "duration_ms": 2,
  "client_ip": "::1",
  "user_agent": "Mozilla/5.0 (Windows NT 10.0; Win64; x64) AppleWebKit/537.36 (KHTML, like Gecko) Chrome/143.0.0.0 Safari/537.36",
  "user_id": 2,
  "user_email": "codingin19@gmail.com"
}
========================================

{
  "timestamp": "2026-01-15 05:38:56",
  "method": "OPTIONS",
  "path": "/api/v1/notifications/unread",
  "headers": {
    "Accept": "*/*",
    "Authorization": "",
    "Content-Type": ""
  },
  "status_code": 204,
  "duration": "503.2µs",
  "duration_ms": 0,
  "client_ip": "::1",
  "user_agent": "Mozilla/5.0 (Windows NT 10.0; Win64; x64) AppleWebKit/537.36 (KHTML, like Gecko) Chrome/143.0.0.0 Safari/537.36"
}
========================================

{
  "timestamp": "2026-01-15 05:38:56",
  "method": "GET",
  "path": "/api/v1/notifications/unread",
  "headers": {
    "Accept": "application/json, text/plain, */*",
    "Authorization": "Bearer ...CRz4",
    "Content-Type": ""
  },
  "status_code": 200,
  "response_body": {
    "data": {
      "count": 0,
      "notifications": []
    },
    "message": "Unread notifications berhasil diambil",
    "success": true
  },
  "duration": "2.7119ms",
  "duration_ms": 2,
  "client_ip": "::1",
  "user_agent": "Mozilla/5.0 (Windows NT 10.0; Win64; x64) AppleWebKit/537.36 (KHTML, like Gecko) Chrome/143.0.0.0 Safari/537.36",
  "user_id": 2,
  "user_email": "codingin19@gmail.com"
}
========================================

{
  "timestamp": "2026-01-15 05:39:26",
  "method": "OPTIONS",
  "path": "/api/v1/notifications/unread",
  "headers": {
    "Accept": "*/*",
    "Authorization": "",
    "Content-Type": ""
  },
  "status_code": 204,
  "duration": "0s",
  "duration_ms": 0,
  "client_ip": "::1",
  "user_agent": "Mozilla/5.0 (Windows NT 10.0; Win64; x64) AppleWebKit/537.36 (KHTML, like Gecko) Chrome/143.0.0.0 Safari/537.36"
}
========================================

{
  "timestamp": "2026-01-15 05:39:26",
  "method": "GET",
  "path": "/api/v1/notifications/unread",
  "headers": {
    "Accept": "application/json, text/plain, */*",
    "Authorization": "Bearer ...CRz4",
    "Content-Type": ""
  },
  "status_code": 200,
  "response_body": {
    "data": {
      "count": 0,
      "notifications": []
    },
    "message": "Unread notifications berhasil diambil",
    "success": true
  },
  "duration": "2.5172ms",
  "duration_ms": 2,
  "client_ip": "::1",
  "user_agent": "Mozilla/5.0 (Windows NT 10.0; Win64; x64) AppleWebKit/537.36 (KHTML, like Gecko) Chrome/143.0.0.0 Safari/537.36",
  "user_id": 2,
  "user_email": "codingin19@gmail.com"
}
========================================

{
  "timestamp": "2026-01-15 05:39:56",
  "method": "OPTIONS",
  "path": "/api/v1/notifications/unread",
  "headers": {
    "Accept": "*/*",
    "Authorization": "",
    "Content-Type": ""
  },
  "status_code": 204,
  "duration": "0s",
  "duration_ms": 0,
  "client_ip": "::1",
  "user_agent": "Mozilla/5.0 (Windows NT 10.0; Win64; x64) AppleWebKit/537.36 (KHTML, like Gecko) Chrome/143.0.0.0 Safari/537.36"
}
========================================

{
  "timestamp": "2026-01-15 05:39:56",
  "method": "GET",
  "path": "/api/v1/notifications/unread",
  "headers": {
    "Accept": "application/json, text/plain, */*",
    "Authorization": "Bearer ...CRz4",
    "Content-Type": ""
  },
  "status_code": 200,
  "response_body": {
    "data": {
      "count": 0,
      "notifications": []
    },
    "message": "Unread notifications berhasil diambil",
    "success": true
  },
  "duration": "2.1961ms",
  "duration_ms": 2,
  "client_ip": "::1",
  "user_agent": "Mozilla/5.0 (Windows NT 10.0; Win64; x64) AppleWebKit/537.36 (KHTML, like Gecko) Chrome/143.0.0.0 Safari/537.36",
  "user_id": 2,
  "user_email": "codingin19@gmail.com"
}
========================================

{
  "timestamp": "2026-01-15 05:40:26",
  "method": "OPTIONS",
  "path": "/api/v1/notifications/unread",
  "headers": {
    "Accept": "*/*",
    "Authorization": "",
    "Content-Type": ""
  },
  "status_code": 204,
  "duration": "1.0051ms",
  "duration_ms": 1,
  "client_ip": "::1",
  "user_agent": "Mozilla/5.0 (Windows NT 10.0; Win64; x64) AppleWebKit/537.36 (KHTML, like Gecko) Chrome/143.0.0.0 Safari/537.36"
}
========================================

{
  "timestamp": "2026-01-15 05:40:26",
  "method": "GET",
  "path": "/api/v1/notifications/unread",
  "headers": {
    "Accept": "application/json, text/plain, */*",
    "Authorization": "Bearer ...CRz4",
    "Content-Type": ""
  },
  "status_code": 200,
  "response_body": {
    "data": {
      "count": 0,
      "notifications": []
    },
    "message": "Unread notifications berhasil diambil",
    "success": true
  },
  "duration": "2.0956ms",
  "duration_ms": 2,
  "client_ip": "::1",
  "user_agent": "Mozilla/5.0 (Windows NT 10.0; Win64; x64) AppleWebKit/537.36 (KHTML, like Gecko) Chrome/143.0.0.0 Safari/537.36",
  "user_id": 2,
  "user_email": "codingin19@gmail.com"
}
========================================

{
  "timestamp": "2026-01-15 05:40:56",
  "method": "OPTIONS",
  "path": "/api/v1/notifications/unread",
  "headers": {
    "Accept": "*/*",
    "Authorization": "",
    "Content-Type": ""
  },
  "status_code": 204,
  "duration": "0s",
  "duration_ms": 0,
  "client_ip": "::1",
  "user_agent": "Mozilla/5.0 (Windows NT 10.0; Win64; x64) AppleWebKit/537.36 (KHTML, like Gecko) Chrome/143.0.0.0 Safari/537.36"
}
========================================

{
  "timestamp": "2026-01-15 05:40:56",
  "method": "GET",
  "path": "/api/v1/notifications/unread",
  "headers": {
    "Accept": "application/json, text/plain, */*",
    "Authorization": "Bearer ...CRz4",
    "Content-Type": ""
  },
  "status_code": 200,
  "response_body": {
    "data": {
      "count": 0,
      "notifications": []
    },
    "message": "Unread notifications berhasil diambil",
    "success": true
  },
  "duration": "3.0764ms",
  "duration_ms": 3,
  "client_ip": "::1",
  "user_agent": "Mozilla/5.0 (Windows NT 10.0; Win64; x64) AppleWebKit/537.36 (KHTML, like Gecko) Chrome/143.0.0.0 Safari/537.36",
  "user_id": 2,
  "user_email": "codingin19@gmail.com"
}
========================================

{
  "timestamp": "2026-01-15 05:41:26",
  "method": "OPTIONS",
  "path": "/api/v1/notifications/unread",
  "headers": {
    "Accept": "*/*",
    "Authorization": "",
    "Content-Type": ""
  },
  "status_code": 204,
  "duration": "0s",
  "duration_ms": 0,
  "client_ip": "::1",
  "user_agent": "Mozilla/5.0 (Windows NT 10.0; Win64; x64) AppleWebKit/537.36 (KHTML, like Gecko) Chrome/143.0.0.0 Safari/537.36"
}
========================================

{
  "timestamp": "2026-01-15 05:41:26",
  "method": "GET",
  "path": "/api/v1/notifications/unread",
  "headers": {
    "Accept": "application/json, text/plain, */*",
    "Authorization": "Bearer ...CRz4",
    "Content-Type": ""
  },
  "status_code": 200,
  "response_body": {
    "data": {
      "count": 0,
      "notifications": []
    },
    "message": "Unread notifications berhasil diambil",
    "success": true
  },
  "duration": "3.0072ms",
  "duration_ms": 3,
  "client_ip": "::1",
  "user_agent": "Mozilla/5.0 (Windows NT 10.0; Win64; x64) AppleWebKit/537.36 (KHTML, like Gecko) Chrome/143.0.0.0 Safari/537.36",
  "user_id": 2,
  "user_email": "codingin19@gmail.com"
}
========================================

{
  "timestamp": "2026-01-15 05:41:56",
  "method": "OPTIONS",
  "path": "/api/v1/notifications/unread",
  "headers": {
    "Accept": "*/*",
    "Authorization": "",
    "Content-Type": ""
  },
  "status_code": 204,
  "duration": "0s",
  "duration_ms": 0,
  "client_ip": "::1",
  "user_agent": "Mozilla/5.0 (Windows NT 10.0; Win64; x64) AppleWebKit/537.36 (KHTML, like Gecko) Chrome/143.0.0.0 Safari/537.36"
}
========================================

{
  "timestamp": "2026-01-15 05:41:56",
  "method": "GET",
  "path": "/api/v1/notifications/unread",
  "headers": {
    "Accept": "application/json, text/plain, */*",
    "Authorization": "Bearer ...CRz4",
    "Content-Type": ""
  },
  "status_code": 200,
  "response_body": {
    "data": {
      "count": 0,
      "notifications": []
    },
    "message": "Unread notifications berhasil diambil",
    "success": true
  },
  "duration": "2.6623ms",
  "duration_ms": 2,
  "client_ip": "::1",
  "user_agent": "Mozilla/5.0 (Windows NT 10.0; Win64; x64) AppleWebKit/537.36 (KHTML, like Gecko) Chrome/143.0.0.0 Safari/537.36",
  "user_id": 2,
  "user_email": "codingin19@gmail.com"
}
========================================

{
  "timestamp": "2026-01-15 05:42:26",
  "method": "OPTIONS",
  "path": "/api/v1/notifications/unread",
  "headers": {
    "Accept": "*/*",
    "Authorization": "",
    "Content-Type": ""
  },
  "status_code": 204,
  "duration": "0s",
  "duration_ms": 0,
  "client_ip": "::1",
  "user_agent": "Mozilla/5.0 (Windows NT 10.0; Win64; x64) AppleWebKit/537.36 (KHTML, like Gecko) Chrome/143.0.0.0 Safari/537.36"
}
========================================

{
  "timestamp": "2026-01-15 05:42:26",
  "method": "GET",
  "path": "/api/v1/notifications/unread",
  "headers": {
    "Accept": "application/json, text/plain, */*",
    "Authorization": "Bearer ...CRz4",
    "Content-Type": ""
  },
  "status_code": 200,
  "response_body": {
    "data": {
      "count": 0,
      "notifications": []
    },
    "message": "Unread notifications berhasil diambil",
    "success": true
  },
  "duration": "2.0202ms",
  "duration_ms": 2,
  "client_ip": "::1",
  "user_agent": "Mozilla/5.0 (Windows NT 10.0; Win64; x64) AppleWebKit/537.36 (KHTML, like Gecko) Chrome/143.0.0.0 Safari/537.36",
  "user_id": 2,
  "user_email": "codingin19@gmail.com"
}
========================================

{
  "timestamp": "2026-01-15 05:42:56",
  "method": "OPTIONS",
  "path": "/api/v1/notifications/unread",
  "headers": {
    "Accept": "*/*",
    "Authorization": "",
    "Content-Type": ""
  },
  "status_code": 204,
  "duration": "0s",
  "duration_ms": 0,
  "client_ip": "::1",
  "user_agent": "Mozilla/5.0 (Windows NT 10.0; Win64; x64) AppleWebKit/537.36 (KHTML, like Gecko) Chrome/143.0.0.0 Safari/537.36"
}
========================================

{
  "timestamp": "2026-01-15 05:42:56",
  "method": "GET",
  "path": "/api/v1/notifications/unread",
  "headers": {
    "Accept": "application/json, text/plain, */*",
    "Authorization": "Bearer ...CRz4",
    "Content-Type": ""
  },
  "status_code": 200,
  "response_body": {
    "data": {
      "count": 0,
      "notifications": []
    },
    "message": "Unread notifications berhasil diambil",
    "success": true
  },
  "duration": "2.0103ms",
  "duration_ms": 2,
  "client_ip": "::1",
  "user_agent": "Mozilla/5.0 (Windows NT 10.0; Win64; x64) AppleWebKit/537.36 (KHTML, like Gecko) Chrome/143.0.0.0 Safari/537.36",
  "user_id": 2,
  "user_email": "codingin19@gmail.com"
}
========================================

{
  "timestamp": "2026-01-15 05:43:26",
  "method": "OPTIONS",
  "path": "/api/v1/notifications/unread",
  "headers": {
    "Accept": "*/*",
    "Authorization": "",
    "Content-Type": ""
  },
  "status_code": 204,
  "duration": "0s",
  "duration_ms": 0,
  "client_ip": "::1",
  "user_agent": "Mozilla/5.0 (Windows NT 10.0; Win64; x64) AppleWebKit/537.36 (KHTML, like Gecko) Chrome/143.0.0.0 Safari/537.36"
}
========================================

{
  "timestamp": "2026-01-15 05:43:26",
  "method": "GET",
  "path": "/api/v1/notifications/unread",
  "headers": {
    "Accept": "application/json, text/plain, */*",
    "Authorization": "Bearer ...CRz4",
    "Content-Type": ""
  },
  "status_code": 200,
  "response_body": {
    "data": {
      "count": 0,
      "notifications": []
    },
    "message": "Unread notifications berhasil diambil",
    "success": true
  },
  "duration": "3.0139ms",
  "duration_ms": 3,
  "client_ip": "::1",
  "user_agent": "Mozilla/5.0 (Windows NT 10.0; Win64; x64) AppleWebKit/537.36 (KHTML, like Gecko) Chrome/143.0.0.0 Safari/537.36",
  "user_id": 2,
  "user_email": "codingin19@gmail.com"
}
========================================

{
  "timestamp": "2026-01-15 05:43:56",
  "method": "OPTIONS",
  "path": "/api/v1/notifications/unread",
  "headers": {
    "Accept": "*/*",
    "Authorization": "",
    "Content-Type": ""
  },
  "status_code": 204,
  "duration": "0s",
  "duration_ms": 0,
  "client_ip": "::1",
  "user_agent": "Mozilla/5.0 (Windows NT 10.0; Win64; x64) AppleWebKit/537.36 (KHTML, like Gecko) Chrome/143.0.0.0 Safari/537.36"
}
========================================

{
  "timestamp": "2026-01-15 05:43:56",
  "method": "GET",
  "path": "/api/v1/notifications/unread",
  "headers": {
    "Accept": "application/json, text/plain, */*",
    "Authorization": "Bearer ...CRz4",
    "Content-Type": ""
  },
  "status_code": 200,
  "response_body": {
    "data": {
      "count": 0,
      "notifications": []
    },
    "message": "Unread notifications berhasil diambil",
    "success": true
  },
  "duration": "2.5256ms",
  "duration_ms": 2,
  "client_ip": "::1",
  "user_agent": "Mozilla/5.0 (Windows NT 10.0; Win64; x64) AppleWebKit/537.36 (KHTML, like Gecko) Chrome/143.0.0.0 Safari/537.36",
  "user_id": 2,
  "user_email": "codingin19@gmail.com"
}
========================================

{
  "timestamp": "2026-01-15 05:44:26",
  "method": "OPTIONS",
  "path": "/api/v1/notifications/unread",
  "headers": {
    "Accept": "*/*",
    "Authorization": "",
    "Content-Type": ""
  },
  "status_code": 204,
  "duration": "1.0039ms",
  "duration_ms": 1,
  "client_ip": "::1",
  "user_agent": "Mozilla/5.0 (Windows NT 10.0; Win64; x64) AppleWebKit/537.36 (KHTML, like Gecko) Chrome/143.0.0.0 Safari/537.36"
}
========================================

{
  "timestamp": "2026-01-15 05:44:26",
  "method": "GET",
  "path": "/api/v1/notifications/unread",
  "headers": {
    "Accept": "application/json, text/plain, */*",
    "Authorization": "Bearer ...CRz4",
    "Content-Type": ""
  },
  "status_code": 200,
  "response_body": {
    "data": {
      "count": 0,
      "notifications": []
    },
    "message": "Unread notifications berhasil diambil",
    "success": true
  },
  "duration": "3.0257ms",
  "duration_ms": 3,
  "client_ip": "::1",
  "user_agent": "Mozilla/5.0 (Windows NT 10.0; Win64; x64) AppleWebKit/537.36 (KHTML, like Gecko) Chrome/143.0.0.0 Safari/537.36",
  "user_id": 2,
  "user_email": "codingin19@gmail.com"
}
========================================

{
  "timestamp": "2026-01-15 05:44:35",
  "method": "OPTIONS",
  "path": "/api/v1/products",
  "query": {
    "limit": "20"
  },
  "headers": {
    "Accept": "*/*",
    "Authorization": "",
    "Content-Type": ""
  },
  "status_code": 204,
  "duration": "0s",
  "duration_ms": 0,
  "client_ip": "::1",
  "user_agent": "Mozilla/5.0 (Windows NT 10.0; Win64; x64) AppleWebKit/537.36 (KHTML, like Gecko) Chrome/143.0.0.0 Safari/537.36"
}
========================================

{
  "timestamp": "2026-01-15 05:44:35",
  "method": "GET",
  "path": "/api/v1/products",
  "query": {
    "limit": "20"
  },
  "headers": {
    "Accept": "application/json, text/plain, */*",
    "Authorization": "Bearer ...CRz4",
    "Content-Type": ""
  },
  "status_code": 200,
  "response_body": {
    "data": {
      "limit": 20,
      "page": 1,
      "products": [
        {
          "category": {
            "created_at": "2026-01-08T21:55:42.326209+07:00",
            "description": "Python, PHP, and JS utility scripts",
            "icon": "terminal",
            "id": 4,
            "is_active": true,
            "name": "Scripts",
            "order": 4,
            "slug": "scripts",
            "updated_at": "2026-01-08T21:55:42.326209+07:00"
          },
          "category_id": 4,
          "created_at": "2026-01-13T02:20:25.212431+07:00",
          "created_by": 1,
          "description": "Python script to automate likes, follows, and comments. Includes safety limits to prevent account bans.",
          "downloads_count": 0,
          "features": "[\"Auto Like\", \"Auto Follow\", \"Targeting by Hashtag\"]",
          "id": 5,
          "is_active": true,
          "preview_images": "[\"https://images.unsplash.com/photo-1611162617474-5b21e879e113?auto=format\u0026fit=crop\u0026q=80\u0026w=1000\"]",
          "price": 150000,
          "rating_average": 0,
          "requirements": "[]",
          "slug": "instagram-automation-bot",
          "tech_stack": "[\"Python\", \"Selenium\"]",
          "title": "Instagram Automation Bot",
          "type": "scripts",
          "updated_at": "2026-01-13T02:20:25.212431+07:00",
          "views_count": 0
        },
        {
          "category": {
            "created_at": "2026-01-08T21:55:42.322557+07:00",
            "description": "UI kits and website templates",
            "icon": "layout",
            "id": 2,
            "is_active": true,
            "name": "Templates",
            "order": 2,
            "slug": "templates",
            "updated_at": "2026-01-08T21:55:42.322557+07:00"
          },
          "category_id": 2,
          "created_at": "2026-01-13T02:20:25.211149+07:00",
          "created_by": 1,
          "description": "Clean, responsive, and customizable admin dashboard template built with Vue 3 and Tailwind CSS.",
          "downloads_count": 0,
          "features": "[\"Dark Mode Support\", \"Responsive Layout\", \"Chart.js Integration\", \"Form Components\"]",
          "id": 4,
          "is_active": true,
          "preview_images": "[\"https://images.unsplash.com/photo-1551288049-bebda4e38f71?auto=format\u0026fit=crop\u0026q=80\u0026w=1000\"]",
          "price": 250000,
          "rating_average": 0,
          "requirements": "[]",
          "slug": "modern-admin-dashboard",
          "tech_stack": "[\"Vue 3\", \"Tailwind CSS\", \"Vite\"]",
          "title": "Modern Admin Dashboard UI",
          "type": "template",
          "updated_at": "2026-01-13T02:20:25.211149+07:00",
          "views_count": 0
        },
        {
          "category": {
            "created_at": "2026-01-08T21:55:42.325061+07:00",
            "description": "Flutter, React Native, and native apps",
            "icon": "smartphone",
            "id": 3,
            "is_active": true,
            "name": "Mobile Apps",
            "order": 3,
            "slug": "mobile-apps",
            "updated_at": "2026-01-08T21:55:42.325061+07:00"
          },
          "category_id": 3,
          "created_at": "2026-01-13T02:20:25.210572+07:00",
          "created_by": 1,
          "description": "Uber Eats clone made with Flutter. Beautiful animations, real-time tracking, and vendor dashboard included. Works on both iOS and Android.",
          "downloads_count": 0,
          "features": "[\"Real-time Tracking\", \"Push Notifications\", \"Vendor App\", \"Dark Mode\"]",
          "id": 3,
          "is_active": true,
          "preview_images": "[\"https://images.unsplash.com/photo-1512941937669-90a1b58e7e9c?auto=format\u0026fit=crop\u0026q=80\u0026w=1000\"]",
          "price": 500000,
          "rating_average": 0,
          "requirements": "[]",
          "slug": "flutter-delivery-app",
          "tech_stack": "[\"Flutter\", \"Firebase\", \"Google Maps API\"]",
          "title": "Flutter Delivery App",
          "type": "mobile_apps",
          "updated_at": "2026-01-13T02:20:25.210572+07:00",
          "views_count": 0
        },
        {
          "category": {
            "created_at": "2026-01-08T21:55:42.314623+07:00",
            "description": "Full application source codes",
            "icon": "code",
            "id": 1,
            "is_active": true,
            "name": "Source Code",
            "order": 1,
            "slug": "source-code",
            "updated_at": "2026-01-08T21:55:42.314623+07:00"
          },
          "category_id": 1,
          "created_at": "2026-01-13T02:20:25.20936+07:00",
          "created_by": 1,
          "description": "Launch your SaaS in days with this comprehensive Next.js boilerplate. Includes Stripe integration, Authentication, Database setup with Prisma, and tailwind UI components.",
          "downloads_count": 0,
          "features": "[\"Authentication\", \"Subscription Payments\", \"Admin Dashboard\", \"SEO Optimized\"]",
          "id": 2,
          "is_active": true,
          "preview_images": "[\"https://images.unsplash.com/photo-1618477247222-ac591245363d?auto=format\u0026fit=crop\u0026q=80\u0026w=1000\"]",
          "price": 750000,
          "rating_average": 0,
          "requirements": "[]",
          "slug": "nextjs-saas-boilerplate",
          "tech_stack": "[\"Next.js\", \"TypeScript\", \"Tailwind CSS\", \"Prisma\", \"Stripe\"]",
          "title": "NextJS SaaS Boilerplate",
          "type": "source_code",
          "updated_at": "2026-01-13T02:20:25.20936+07:00",
          "views_count": 0
        },
        {
          "category": {
            "created_at": "2026-01-08T21:55:42.314623+07:00",
            "description": "Full application source codes",
            "icon": "code",
            "id": 1,
            "is_active": true,
            "name": "Source Code",
            "order": 1,
            "slug": "source-code",
            "updated_at": "2026-01-08T21:55:42.314623+07:00"
          },
          "category_id": 1,
          "created_at": "2026-01-13T02:20:25.197105+07:00",
          "created_by": 1,
          "description": "A complete microservices-based e-commerce backend written in Go (Golang). Includes services for products, orders, users, and payments. Features gRPC communication, Kafka event bus, and Docker compose setup.",
          "downloads_count": 0,
          "features": "[\"Microservices Architecture\", \"gRPC Communication\", \"Event-Driven\", \"Scalable\"]",
          "id": 1,
          "is_active": true,
          "preview_images": "[\"https://images.unsplash.com/photo-1555949963-aa79dcee981c?auto=format\u0026fit=crop\u0026q=80\u0026w=1000\", \"https://images.unsplash.com/photo-1555066931-4365d14bab8c?auto=format\u0026fit=crop\u0026q=80\u0026w=1000\"]",
          "price": 1500000,
          "rating_average": 0,
          "requirements": "[]",
          "slug": "ecommerce-microservices-go",
          "tech_stack": "[\"Golang\", \"gRPC\", \"Kafka\", \"PostgreSQL\", \"Docker\"]",
          "title": "E-Commerce Microservices Go",
          "type": "source_code",
          "updated_at": "2026-01-13T02:20:25.197105+07:00",
          "views_count": 0
        }
      ],
      "total": 5
    },
    "message": "Products retrieved successfully",
    "success": true
  },
  "duration": "7.7096ms",
  "duration_ms": 7,
  "client_ip": "::1",
  "user_agent": "Mozilla/5.0 (Windows NT 10.0; Win64; x64) AppleWebKit/537.36 (KHTML, like Gecko) Chrome/143.0.0.0 Safari/537.36"
}
========================================

{
  "timestamp": "2026-01-15 05:44:38",
  "method": "OPTIONS",
  "path": "/api/v1/products/slug/5",
  "headers": {
    "Accept": "*/*",
    "Authorization": "",
    "Content-Type": ""
  },
  "status_code": 204,
  "duration": "500.2µs",
  "duration_ms": 0,
  "client_ip": "::1",
  "user_agent": "Mozilla/5.0 (Windows NT 10.0; Win64; x64) AppleWebKit/537.36 (KHTML, like Gecko) Chrome/143.0.0.0 Safari/537.36"
}
========================================

{
  "timestamp": "2026-01-15 05:44:38",
  "method": "GET",
  "path": "/api/v1/products/slug/5",
  "headers": {
    "Accept": "application/json, text/plain, */*",
    "Authorization": "Bearer ...CRz4",
    "Content-Type": ""
  },
  "status_code": 404,
  "response_body": {
    "message": "product not found",
    "success": false
  },
  "duration": "5.5285ms",
  "duration_ms": 5,
  "client_ip": "::1",
  "user_agent": "Mozilla/5.0 (Windows NT 10.0; Win64; x64) AppleWebKit/537.36 (KHTML, like Gecko) Chrome/143.0.0.0 Safari/537.36"
}
========================================

{
  "timestamp": "2026-01-15 05:44:40",
  "method": "GET",
  "path": "/api/v1/products",
  "query": {
    "limit": "20"
  },
  "headers": {
    "Accept": "application/json, text/plain, */*",
    "Authorization": "Bearer ...CRz4",
    "Content-Type": ""
  },
  "status_code": 200,
  "response_body": {
    "data": {
      "limit": 20,
      "page": 1,
      "products": [
        {
          "category": {
            "created_at": "2026-01-08T21:55:42.326209+07:00",
            "description": "Python, PHP, and JS utility scripts",
            "icon": "terminal",
            "id": 4,
            "is_active": true,
            "name": "Scripts",
            "order": 4,
            "slug": "scripts",
            "updated_at": "2026-01-08T21:55:42.326209+07:00"
          },
          "category_id": 4,
          "created_at": "2026-01-13T02:20:25.212431+07:00",
          "created_by": 1,
          "description": "Python script to automate likes, follows, and comments. Includes safety limits to prevent account bans.",
          "downloads_count": 0,
          "features": "[\"Auto Like\", \"Auto Follow\", \"Targeting by Hashtag\"]",
          "id": 5,
          "is_active": true,
          "preview_images": "[\"https://images.unsplash.com/photo-1611162617474-5b21e879e113?auto=format\u0026fit=crop\u0026q=80\u0026w=1000\"]",
          "price": 150000,
          "rating_average": 0,
          "requirements": "[]",
          "slug": "instagram-automation-bot",
          "tech_stack": "[\"Python\", \"Selenium\"]",
          "title": "Instagram Automation Bot",
          "type": "scripts",
          "updated_at": "2026-01-13T02:20:25.212431+07:00",
          "views_count": 0
        },
        {
          "category": {
            "created_at": "2026-01-08T21:55:42.322557+07:00",
            "description": "UI kits and website templates",
            "icon": "layout",
            "id": 2,
            "is_active": true,
            "name": "Templates",
            "order": 2,
            "slug": "templates",
            "updated_at": "2026-01-08T21:55:42.322557+07:00"
          },
          "category_id": 2,
          "created_at": "2026-01-13T02:20:25.211149+07:00",
          "created_by": 1,
          "description": "Clean, responsive, and customizable admin dashboard template built with Vue 3 and Tailwind CSS.",
          "downloads_count": 0,
          "features": "[\"Dark Mode Support\", \"Responsive Layout\", \"Chart.js Integration\", \"Form Components\"]",
          "id": 4,
          "is_active": true,
          "preview_images": "[\"https://images.unsplash.com/photo-1551288049-bebda4e38f71?auto=format\u0026fit=crop\u0026q=80\u0026w=1000\"]",
          "price": 250000,
          "rating_average": 0,
          "requirements": "[]",
          "slug": "modern-admin-dashboard",
          "tech_stack": "[\"Vue 3\", \"Tailwind CSS\", \"Vite\"]",
          "title": "Modern Admin Dashboard UI",
          "type": "template",
          "updated_at": "2026-01-13T02:20:25.211149+07:00",
          "views_count": 0
        },
        {
          "category": {
            "created_at": "2026-01-08T21:55:42.325061+07:00",
            "description": "Flutter, React Native, and native apps",
            "icon": "smartphone",
            "id": 3,
            "is_active": true,
            "name": "Mobile Apps",
            "order": 3,
            "slug": "mobile-apps",
            "updated_at": "2026-01-08T21:55:42.325061+07:00"
          },
          "category_id": 3,
          "created_at": "2026-01-13T02:20:25.210572+07:00",
          "created_by": 1,
          "description": "Uber Eats clone made with Flutter. Beautiful animations, real-time tracking, and vendor dashboard included. Works on both iOS and Android.",
          "downloads_count": 0,
          "features": "[\"Real-time Tracking\", \"Push Notifications\", \"Vendor App\", \"Dark Mode\"]",
          "id": 3,
          "is_active": true,
          "preview_images": "[\"https://images.unsplash.com/photo-1512941937669-90a1b58e7e9c?auto=format\u0026fit=crop\u0026q=80\u0026w=1000\"]",
          "price": 500000,
          "rating_average": 0,
          "requirements": "[]",
          "slug": "flutter-delivery-app",
          "tech_stack": "[\"Flutter\", \"Firebase\", \"Google Maps API\"]",
          "title": "Flutter Delivery App",
          "type": "mobile_apps",
          "updated_at": "2026-01-13T02:20:25.210572+07:00",
          "views_count": 0
        },
        {
          "category": {
            "created_at": "2026-01-08T21:55:42.314623+07:00",
            "description": "Full application source codes",
            "icon": "code",
            "id": 1,
            "is_active": true,
            "name": "Source Code",
            "order": 1,
            "slug": "source-code",
            "updated_at": "2026-01-08T21:55:42.314623+07:00"
          },
          "category_id": 1,
          "created_at": "2026-01-13T02:20:25.20936+07:00",
          "created_by": 1,
          "description": "Launch your SaaS in days with this comprehensive Next.js boilerplate. Includes Stripe integration, Authentication, Database setup with Prisma, and tailwind UI components.",
          "downloads_count": 0,
          "features": "[\"Authentication\", \"Subscription Payments\", \"Admin Dashboard\", \"SEO Optimized\"]",
          "id": 2,
          "is_active": true,
          "preview_images": "[\"https://images.unsplash.com/photo-1618477247222-ac591245363d?auto=format\u0026fit=crop\u0026q=80\u0026w=1000\"]",
          "price": 750000,
          "rating_average": 0,
          "requirements": "[]",
          "slug": "nextjs-saas-boilerplate",
          "tech_stack": "[\"Next.js\", \"TypeScript\", \"Tailwind CSS\", \"Prisma\", \"Stripe\"]",
          "title": "NextJS SaaS Boilerplate",
          "type": "source_code",
          "updated_at": "2026-01-13T02:20:25.20936+07:00",
          "views_count": 0
        },
        {
          "category": {
            "created_at": "2026-01-08T21:55:42.314623+07:00",
            "description": "Full application source codes",
            "icon": "code",
            "id": 1,
            "is_active": true,
            "name": "Source Code",
            "order": 1,
            "slug": "source-code",
            "updated_at": "2026-01-08T21:55:42.314623+07:00"
          },
          "category_id": 1,
          "created_at": "2026-01-13T02:20:25.197105+07:00",
          "created_by": 1,
          "description": "A complete microservices-based e-commerce backend written in Go (Golang). Includes services for products, orders, users, and payments. Features gRPC communication, Kafka event bus, and Docker compose setup.",
          "downloads_count": 0,
          "features": "[\"Microservices Architecture\", \"gRPC Communication\", \"Event-Driven\", \"Scalable\"]",
          "id": 1,
          "is_active": true,
          "preview_images": "[\"https://images.unsplash.com/photo-1555949963-aa79dcee981c?auto=format\u0026fit=crop\u0026q=80\u0026w=1000\", \"https://images.unsplash.com/photo-1555066931-4365d14bab8c?auto=format\u0026fit=crop\u0026q=80\u0026w=1000\"]",
          "price": 1500000,
          "rating_average": 0,
          "requirements": "[]",
          "slug": "ecommerce-microservices-go",
          "tech_stack": "[\"Golang\", \"gRPC\", \"Kafka\", \"PostgreSQL\", \"Docker\"]",
          "title": "E-Commerce Microservices Go",
          "type": "source_code",
          "updated_at": "2026-01-13T02:20:25.197105+07:00",
          "views_count": 0
        }
      ],
      "total": 5
    },
    "message": "Products retrieved successfully",
    "success": true
  },
  "duration": "7.0675ms",
  "duration_ms": 7,
  "client_ip": "::1",
  "user_agent": "Mozilla/5.0 (Windows NT 10.0; Win64; x64) AppleWebKit/537.36 (KHTML, like Gecko) Chrome/143.0.0.0 Safari/537.36"
}
========================================

{
  "timestamp": "2026-01-15 05:44:43",
  "method": "OPTIONS",
  "path": "/api/v1/cart",
  "headers": {
    "Accept": "*/*",
    "Authorization": "",
    "Content-Type": ""
  },
  "status_code": 204,
  "duration": "500.2µs",
  "duration_ms": 0,
  "client_ip": "::1",
  "user_agent": "Mozilla/5.0 (Windows NT 10.0; Win64; x64) AppleWebKit/537.36 (KHTML, like Gecko) Chrome/143.0.0.0 Safari/537.36"
}
========================================

{
  "timestamp": "2026-01-15 05:44:43",
  "method": "POST",
  "path": "/api/v1/cart",
  "headers": {
    "Accept": "application/json, text/plain, */*",
    "Authorization": "Bearer ...CRz4",
    "Content-Type": "application/json"
  },
  "request_body": {
    "product_id": 5,
    "quantity": 1
  },
  "status_code": 201,
  "response_body": {
    "data": {
      "created_at": "2026-01-15T05:44:43.6295149+07:00",
      "id": 7,
      "product_id": 5,
      "quantity": 1,
      "updated_at": "2026-01-15T05:44:43.6295149+07:00",
      "user_id": 2
    },
    "message": "Item added to cart",
    "success": true
  },
  "duration": "33.2331ms",
  "duration_ms": 33,
  "client_ip": "::1",
  "user_agent": "Mozilla/5.0 (Windows NT 10.0; Win64; x64) AppleWebKit/537.36 (KHTML, like Gecko) Chrome/143.0.0.0 Safari/537.36",
  "user_id": 2,
  "user_email": "codingin19@gmail.com"
}
========================================

{
  "timestamp": "2026-01-15 05:44:43",
  "method": "GET",
  "path": "/api/v1/cart",
  "headers": {
    "Accept": "application/json, text/plain, */*",
    "Authorization": "Bearer ...CRz4",
    "Content-Type": ""
  },
  "status_code": 200,
  "response_body": {
    "data": {
      "items": [
        {
          "created_at": "2026-01-15T05:44:43.629514+07:00",
          "id": 7,
          "product": {
            "category": {
              "created_at": "2026-01-08T21:55:42.326209+07:00",
              "description": "Python, PHP, and JS utility scripts",
              "icon": "terminal",
              "id": 4,
              "is_active": true,
              "name": "Scripts",
              "order": 4,
              "slug": "scripts",
              "updated_at": "2026-01-08T21:55:42.326209+07:00"
            },
            "category_id": 4,
            "created_at": "2026-01-13T02:20:25.212431+07:00",
            "created_by": 1,
            "description": "Python script to automate likes, follows, and comments. Includes safety limits to prevent account bans.",
            "downloads_count": 0,
            "features": "[\"Auto Like\", \"Auto Follow\", \"Targeting by Hashtag\"]",
            "id": 5,
            "is_active": true,
            "preview_images": "[\"https://images.unsplash.com/photo-1611162617474-5b21e879e113?auto=format\u0026fit=crop\u0026q=80\u0026w=1000\"]",
            "price": 150000,
            "rating_average": 0,
            "requirements": "[]",
            "slug": "instagram-automation-bot",
            "tech_stack": "[\"Python\", \"Selenium\"]",
            "title": "Instagram Automation Bot",
            "type": "scripts",
            "updated_at": "2026-01-13T02:20:25.212431+07:00",
            "views_count": 0
          },
          "product_id": 5,
          "quantity": 1,
          "updated_at": "2026-01-15T05:44:43.629514+07:00",
          "user_id": 2
        }
      ],
      "total": 150000
    },
    "message": "Cart retrieved successfully",
    "success": true
  },
  "duration": "3.5032ms",
  "duration_ms": 3,
  "client_ip": "::1",
  "user_agent": "Mozilla/5.0 (Windows NT 10.0; Win64; x64) AppleWebKit/537.36 (KHTML, like Gecko) Chrome/143.0.0.0 Safari/537.36",
  "user_id": 2,
  "user_email": "codingin19@gmail.com"
}
========================================

{
  "timestamp": "2026-01-15 05:44:46",
  "method": "GET",
  "path": "/api/v1/cart",
  "headers": {
    "Accept": "application/json, text/plain, */*",
    "Authorization": "Bearer ...CRz4",
    "Content-Type": ""
  },
  "status_code": 200,
  "response_body": {
    "data": {
      "items": [
        {
          "created_at": "2026-01-15T05:44:43.629514+07:00",
          "id": 7,
          "product": {
            "category": {
              "created_at": "2026-01-08T21:55:42.326209+07:00",
              "description": "Python, PHP, and JS utility scripts",
              "icon": "terminal",
              "id": 4,
              "is_active": true,
              "name": "Scripts",
              "order": 4,
              "slug": "scripts",
              "updated_at": "2026-01-08T21:55:42.326209+07:00"
            },
            "category_id": 4,
            "created_at": "2026-01-13T02:20:25.212431+07:00",
            "created_by": 1,
            "description": "Python script to automate likes, follows, and comments. Includes safety limits to prevent account bans.",
            "downloads_count": 0,
            "features": "[\"Auto Like\", \"Auto Follow\", \"Targeting by Hashtag\"]",
            "id": 5,
            "is_active": true,
            "preview_images": "[\"https://images.unsplash.com/photo-1611162617474-5b21e879e113?auto=format\u0026fit=crop\u0026q=80\u0026w=1000\"]",
            "price": 150000,
            "rating_average": 0,
            "requirements": "[]",
            "slug": "instagram-automation-bot",
            "tech_stack": "[\"Python\", \"Selenium\"]",
            "title": "Instagram Automation Bot",
            "type": "scripts",
            "updated_at": "2026-01-13T02:20:25.212431+07:00",
            "views_count": 0
          },
          "product_id": 5,
          "quantity": 1,
          "updated_at": "2026-01-15T05:44:43.629514+07:00",
          "user_id": 2
        }
      ],
      "total": 150000
    },
    "message": "Cart retrieved successfully",
    "success": true
  },
  "duration": "10.5267ms",
  "duration_ms": 10,
  "client_ip": "::1",
  "user_agent": "Mozilla/5.0 (Windows NT 10.0; Win64; x64) AppleWebKit/537.36 (KHTML, like Gecko) Chrome/143.0.0.0 Safari/537.36",
  "user_id": 2,
  "user_email": "codingin19@gmail.com"
}
========================================

{
  "timestamp": "2026-01-15 05:44:56",
  "method": "OPTIONS",
  "path": "/api/v1/notifications/unread",
  "headers": {
    "Accept": "*/*",
    "Authorization": "",
    "Content-Type": ""
  },
  "status_code": 204,
  "duration": "500.4µs",
  "duration_ms": 0,
  "client_ip": "::1",
  "user_agent": "Mozilla/5.0 (Windows NT 10.0; Win64; x64) AppleWebKit/537.36 (KHTML, like Gecko) Chrome/143.0.0.0 Safari/537.36"
}
========================================

{
  "timestamp": "2026-01-15 05:44:56",
  "method": "GET",
  "path": "/api/v1/notifications/unread",
  "headers": {
    "Accept": "application/json, text/plain, */*",
    "Authorization": "Bearer ...CRz4",
    "Content-Type": ""
  },
  "status_code": 200,
  "response_body": {
    "data": {
      "count": 0,
      "notifications": []
    },
    "message": "Unread notifications berhasil diambil",
    "success": true
  },
  "duration": "2.038ms",
  "duration_ms": 2,
  "client_ip": "::1",
  "user_agent": "Mozilla/5.0 (Windows NT 10.0; Win64; x64) AppleWebKit/537.36 (KHTML, like Gecko) Chrome/143.0.0.0 Safari/537.36",
  "user_id": 2,
  "user_email": "codingin19@gmail.com"
}
========================================

{
  "timestamp": "2026-01-15 05:45:03",
  "method": "OPTIONS",
  "path": "/api/v1/products",
  "query": {
    "limit": "6"
  },
  "headers": {
    "Accept": "*/*",
    "Authorization": "",
    "Content-Type": ""
  },
  "status_code": 204,
  "duration": "0s",
  "duration_ms": 0,
  "client_ip": "::1",
  "user_agent": "Mozilla/5.0 (Windows NT 10.0; Win64; x64) AppleWebKit/537.36 (KHTML, like Gecko) Chrome/143.0.0.0 Safari/537.36"
}
========================================

{
  "timestamp": "2026-01-15 05:45:03",
  "method": "GET",
  "path": "/api/v1/products",
  "query": {
    "limit": "6"
  },
  "headers": {
    "Accept": "application/json, text/plain, */*",
    "Authorization": "Bearer ...CRz4",
    "Content-Type": ""
  },
  "status_code": 200,
  "response_body": {
    "data": {
      "limit": 6,
      "page": 1,
      "products": [
        {
          "category": {
            "created_at": "2026-01-08T21:55:42.326209+07:00",
            "description": "Python, PHP, and JS utility scripts",
            "icon": "terminal",
            "id": 4,
            "is_active": true,
            "name": "Scripts",
            "order": 4,
            "slug": "scripts",
            "updated_at": "2026-01-08T21:55:42.326209+07:00"
          },
          "category_id": 4,
          "created_at": "2026-01-13T02:20:25.212431+07:00",
          "created_by": 1,
          "description": "Python script to automate likes, follows, and comments. Includes safety limits to prevent account bans.",
          "downloads_count": 0,
          "features": "[\"Auto Like\", \"Auto Follow\", \"Targeting by Hashtag\"]",
          "id": 5,
          "is_active": true,
          "preview_images": "[\"https://images.unsplash.com/photo-1611162617474-5b21e879e113?auto=format\u0026fit=crop\u0026q=80\u0026w=1000\"]",
          "price": 150000,
          "rating_average": 0,
          "requirements": "[]",
          "slug": "instagram-automation-bot",
          "tech_stack": "[\"Python\", \"Selenium\"]",
          "title": "Instagram Automation Bot",
          "type": "scripts",
          "updated_at": "2026-01-13T02:20:25.212431+07:00",
          "views_count": 0
        },
        {
          "category": {
            "created_at": "2026-01-08T21:55:42.322557+07:00",
            "description": "UI kits and website templates",
            "icon": "layout",
            "id": 2,
            "is_active": true,
            "name": "Templates",
            "order": 2,
            "slug": "templates",
            "updated_at": "2026-01-08T21:55:42.322557+07:00"
          },
          "category_id": 2,
          "created_at": "2026-01-13T02:20:25.211149+07:00",
          "created_by": 1,
          "description": "Clean, responsive, and customizable admin dashboard template built with Vue 3 and Tailwind CSS.",
          "downloads_count": 0,
          "features": "[\"Dark Mode Support\", \"Responsive Layout\", \"Chart.js Integration\", \"Form Components\"]",
          "id": 4,
          "is_active": true,
          "preview_images": "[\"https://images.unsplash.com/photo-1551288049-bebda4e38f71?auto=format\u0026fit=crop\u0026q=80\u0026w=1000\"]",
          "price": 250000,
          "rating_average": 0,
          "requirements": "[]",
          "slug": "modern-admin-dashboard",
          "tech_stack": "[\"Vue 3\", \"Tailwind CSS\", \"Vite\"]",
          "title": "Modern Admin Dashboard UI",
          "type": "template",
          "updated_at": "2026-01-13T02:20:25.211149+07:00",
          "views_count": 0
        },
        {
          "category": {
            "created_at": "2026-01-08T21:55:42.325061+07:00",
            "description": "Flutter, React Native, and native apps",
            "icon": "smartphone",
            "id": 3,
            "is_active": true,
            "name": "Mobile Apps",
            "order": 3,
            "slug": "mobile-apps",
            "updated_at": "2026-01-08T21:55:42.325061+07:00"
          },
          "category_id": 3,
          "created_at": "2026-01-13T02:20:25.210572+07:00",
          "created_by": 1,
          "description": "Uber Eats clone made with Flutter. Beautiful animations, real-time tracking, and vendor dashboard included. Works on both iOS and Android.",
          "downloads_count": 0,
          "features": "[\"Real-time Tracking\", \"Push Notifications\", \"Vendor App\", \"Dark Mode\"]",
          "id": 3,
          "is_active": true,
          "preview_images": "[\"https://images.unsplash.com/photo-1512941937669-90a1b58e7e9c?auto=format\u0026fit=crop\u0026q=80\u0026w=1000\"]",
          "price": 500000,
          "rating_average": 0,
          "requirements": "[]",
          "slug": "flutter-delivery-app",
          "tech_stack": "[\"Flutter\", \"Firebase\", \"Google Maps API\"]",
          "title": "Flutter Delivery App",
          "type": "mobile_apps",
          "updated_at": "2026-01-13T02:20:25.210572+07:00",
          "views_count": 0
        },
        {
          "category": {
            "created_at": "2026-01-08T21:55:42.314623+07:00",
            "description": "Full application source codes",
            "icon": "code",
            "id": 1,
            "is_active": true,
            "name": "Source Code",
            "order": 1,
            "slug": "source-code",
            "updated_at": "2026-01-08T21:55:42.314623+07:00"
          },
          "category_id": 1,
          "created_at": "2026-01-13T02:20:25.20936+07:00",
          "created_by": 1,
          "description": "Launch your SaaS in days with this comprehensive Next.js boilerplate. Includes Stripe integration, Authentication, Database setup with Prisma, and tailwind UI components.",
          "downloads_count": 0,
          "features": "[\"Authentication\", \"Subscription Payments\", \"Admin Dashboard\", \"SEO Optimized\"]",
          "id": 2,
          "is_active": true,
          "preview_images": "[\"https://images.unsplash.com/photo-1618477247222-ac591245363d?auto=format\u0026fit=crop\u0026q=80\u0026w=1000\"]",
          "price": 750000,
          "rating_average": 0,
          "requirements": "[]",
          "slug": "nextjs-saas-boilerplate",
          "tech_stack": "[\"Next.js\", \"TypeScript\", \"Tailwind CSS\", \"Prisma\", \"Stripe\"]",
          "title": "NextJS SaaS Boilerplate",
          "type": "source_code",
          "updated_at": "2026-01-13T02:20:25.20936+07:00",
          "views_count": 0
        },
        {
          "category": {
            "created_at": "2026-01-08T21:55:42.314623+07:00",
            "description": "Full application source codes",
            "icon": "code",
            "id": 1,
            "is_active": true,
            "name": "Source Code",
            "order": 1,
            "slug": "source-code",
            "updated_at": "2026-01-08T21:55:42.314623+07:00"
          },
          "category_id": 1,
          "created_at": "2026-01-13T02:20:25.197105+07:00",
          "created_by": 1,
          "description": "A complete microservices-based e-commerce backend written in Go (Golang). Includes services for products, orders, users, and payments. Features gRPC communication, Kafka event bus, and Docker compose setup.",
          "downloads_count": 0,
          "features": "[\"Microservices Architecture\", \"gRPC Communication\", \"Event-Driven\", \"Scalable\"]",
          "id": 1,
          "is_active": true,
          "preview_images": "[\"https://images.unsplash.com/photo-1555949963-aa79dcee981c?auto=format\u0026fit=crop\u0026q=80\u0026w=1000\", \"https://images.unsplash.com/photo-1555066931-4365d14bab8c?auto=format\u0026fit=crop\u0026q=80\u0026w=1000\"]",
          "price": 1500000,
          "rating_average": 0,
          "requirements": "[]",
          "slug": "ecommerce-microservices-go",
          "tech_stack": "[\"Golang\", \"gRPC\", \"Kafka\", \"PostgreSQL\", \"Docker\"]",
          "title": "E-Commerce Microservices Go",
          "type": "source_code",
          "updated_at": "2026-01-13T02:20:25.197105+07:00",
          "views_count": 0
        }
      ],
      "total": 5
    },
    "message": "Products retrieved successfully",
    "success": true
  },
  "duration": "5.0175ms",
  "duration_ms": 5,
  "client_ip": "::1",
  "user_agent": "Mozilla/5.0 (Windows NT 10.0; Win64; x64) AppleWebKit/537.36 (KHTML, like Gecko) Chrome/143.0.0.0 Safari/537.36"
}
========================================

{
  "timestamp": "2026-01-15 05:45:26",
  "method": "OPTIONS",
  "path": "/api/v1/notifications/unread",
  "headers": {
    "Accept": "*/*",
    "Authorization": "",
    "Content-Type": ""
  },
  "status_code": 204,
  "duration": "0s",
  "duration_ms": 0,
  "client_ip": "::1",
  "user_agent": "Mozilla/5.0 (Windows NT 10.0; Win64; x64) AppleWebKit/537.36 (KHTML, like Gecko) Chrome/143.0.0.0 Safari/537.36"
}
========================================

{
  "timestamp": "2026-01-15 05:45:26",
  "method": "GET",
  "path": "/api/v1/notifications/unread",
  "headers": {
    "Accept": "application/json, text/plain, */*",
    "Authorization": "Bearer ...CRz4",
    "Content-Type": ""
  },
  "status_code": 200,
  "response_body": {
    "data": {
      "count": 0,
      "notifications": []
    },
    "message": "Unread notifications berhasil diambil",
    "success": true
  },
  "duration": "2.0672ms",
  "duration_ms": 2,
  "client_ip": "::1",
  "user_agent": "Mozilla/5.0 (Windows NT 10.0; Win64; x64) AppleWebKit/537.36 (KHTML, like Gecko) Chrome/143.0.0.0 Safari/537.36",
  "user_id": 2,
  "user_email": "codingin19@gmail.com"
}
========================================

{
  "timestamp": "2026-01-15 05:45:56",
  "method": "OPTIONS",
  "path": "/api/v1/notifications/unread",
  "headers": {
    "Accept": "*/*",
    "Authorization": "",
    "Content-Type": ""
  },
  "status_code": 204,
  "duration": "0s",
  "duration_ms": 0,
  "client_ip": "::1",
  "user_agent": "Mozilla/5.0 (Windows NT 10.0; Win64; x64) AppleWebKit/537.36 (KHTML, like Gecko) Chrome/143.0.0.0 Safari/537.36"
}
========================================

{
  "timestamp": "2026-01-15 05:45:56",
  "method": "GET",
  "path": "/api/v1/notifications/unread",
  "headers": {
    "Accept": "application/json, text/plain, */*",
    "Authorization": "Bearer ...CRz4",
    "Content-Type": ""
  },
  "status_code": 200,
  "response_body": {
    "data": {
      "count": 0,
      "notifications": []
    },
    "message": "Unread notifications berhasil diambil",
    "success": true
  },
  "duration": "2.5059ms",
  "duration_ms": 2,
  "client_ip": "::1",
  "user_agent": "Mozilla/5.0 (Windows NT 10.0; Win64; x64) AppleWebKit/537.36 (KHTML, like Gecko) Chrome/143.0.0.0 Safari/537.36",
  "user_id": 2,
  "user_email": "codingin19@gmail.com"
}
========================================

{
  "timestamp": "2026-01-15 05:46:26",
  "method": "OPTIONS",
  "path": "/api/v1/notifications/unread",
  "headers": {
    "Accept": "*/*",
    "Authorization": "",
    "Content-Type": ""
  },
  "status_code": 204,
  "duration": "0s",
  "duration_ms": 0,
  "client_ip": "::1",
  "user_agent": "Mozilla/5.0 (Windows NT 10.0; Win64; x64) AppleWebKit/537.36 (KHTML, like Gecko) Chrome/143.0.0.0 Safari/537.36"
}
========================================

{
  "timestamp": "2026-01-15 05:46:26",
  "method": "GET",
  "path": "/api/v1/notifications/unread",
  "headers": {
    "Accept": "application/json, text/plain, */*",
    "Authorization": "Bearer ...CRz4",
    "Content-Type": ""
  },
  "status_code": 200,
  "response_body": {
    "data": {
      "count": 0,
      "notifications": []
    },
    "message": "Unread notifications berhasil diambil",
    "success": true
  },
  "duration": "2.7075ms",
  "duration_ms": 2,
  "client_ip": "::1",
  "user_agent": "Mozilla/5.0 (Windows NT 10.0; Win64; x64) AppleWebKit/537.36 (KHTML, like Gecko) Chrome/143.0.0.0 Safari/537.36",
  "user_id": 2,
  "user_email": "codingin19@gmail.com"
}
========================================

{
  "timestamp": "2026-01-15 05:46:54",
  "method": "OPTIONS",
  "path": "/api/v1/cart",
  "headers": {
    "Accept": "*/*",
    "Authorization": "",
    "Content-Type": ""
  },
  "status_code": 204,
  "duration": "0s",
  "duration_ms": 0,
  "client_ip": "::1",
  "user_agent": "Mozilla/5.0 (Windows NT 10.0; Win64; x64) AppleWebKit/537.36 (KHTML, like Gecko) Chrome/143.0.0.0 Safari/537.36"
}
========================================

{
  "timestamp": "2026-01-15 05:46:54",
  "method": "GET",
  "path": "/api/v1/cart",
  "headers": {
    "Accept": "application/json, text/plain, */*",
    "Authorization": "Bearer ...CRz4",
    "Content-Type": ""
  },
  "status_code": 200,
  "response_body": {
    "data": {
      "items": [
        {
          "created_at": "2026-01-15T05:44:43.629514+07:00",
          "id": 7,
          "product": {
            "category": {
              "created_at": "2026-01-08T21:55:42.326209+07:00",
              "description": "Python, PHP, and JS utility scripts",
              "icon": "terminal",
              "id": 4,
              "is_active": true,
              "name": "Scripts",
              "order": 4,
              "slug": "scripts",
              "updated_at": "2026-01-08T21:55:42.326209+07:00"
            },
            "category_id": 4,
            "created_at": "2026-01-13T02:20:25.212431+07:00",
            "created_by": 1,
            "description": "Python script to automate likes, follows, and comments. Includes safety limits to prevent account bans.",
            "downloads_count": 0,
            "features": "[\"Auto Like\", \"Auto Follow\", \"Targeting by Hashtag\"]",
            "id": 5,
            "is_active": true,
            "preview_images": "[\"https://images.unsplash.com/photo-1611162617474-5b21e879e113?auto=format\u0026fit=crop\u0026q=80\u0026w=1000\"]",
            "price": 150000,
            "rating_average": 0,
            "requirements": "[]",
            "slug": "instagram-automation-bot",
            "tech_stack": "[\"Python\", \"Selenium\"]",
            "title": "Instagram Automation Bot",
            "type": "scripts",
            "updated_at": "2026-01-13T02:20:25.212431+07:00",
            "views_count": 0
          },
          "product_id": 5,
          "quantity": 1,
          "updated_at": "2026-01-15T05:44:43.629514+07:00",
          "user_id": 2
        }
      ],
      "total": 150000
    },
    "message": "Cart retrieved successfully",
    "success": true
  },
  "duration": "3.1383ms",
  "duration_ms": 3,
  "client_ip": "::1",
  "user_agent": "Mozilla/5.0 (Windows NT 10.0; Win64; x64) AppleWebKit/537.36 (KHTML, like Gecko) Chrome/143.0.0.0 Safari/537.36",
  "user_id": 2,
  "user_email": "codingin19@gmail.com"
}
========================================

{
  "timestamp": "2026-01-15 05:46:56",
  "method": "OPTIONS",
  "path": "/api/v1/notifications/unread",
  "headers": {
    "Accept": "*/*",
    "Authorization": "",
    "Content-Type": ""
  },
  "status_code": 204,
  "duration": "0s",
  "duration_ms": 0,
  "client_ip": "::1",
  "user_agent": "Mozilla/5.0 (Windows NT 10.0; Win64; x64) AppleWebKit/537.36 (KHTML, like Gecko) Chrome/143.0.0.0 Safari/537.36"
}
========================================

{
  "timestamp": "2026-01-15 05:46:56",
  "method": "GET",
  "path": "/api/v1/notifications/unread",
  "headers": {
    "Accept": "application/json, text/plain, */*",
    "Authorization": "Bearer ...CRz4",
    "Content-Type": ""
  },
  "status_code": 200,
  "response_body": {
    "data": {
      "count": 0,
      "notifications": []
    },
    "message": "Unread notifications berhasil diambil",
    "success": true
  },
  "duration": "2.5192ms",
  "duration_ms": 2,
  "client_ip": "::1",
  "user_agent": "Mozilla/5.0 (Windows NT 10.0; Win64; x64) AppleWebKit/537.36 (KHTML, like Gecko) Chrome/143.0.0.0 Safari/537.36",
  "user_id": 2,
  "user_email": "codingin19@gmail.com"
}
========================================

{
  "timestamp": "2026-01-15 05:47:11",
  "method": "OPTIONS",
  "path": "/api/v1/notifications",
  "query": {
    "limit": "20",
    "page": "1"
  },
  "headers": {
    "Accept": "*/*",
    "Authorization": "",
    "Content-Type": ""
  },
  "status_code": 204,
  "duration": "499µs",
  "duration_ms": 0,
  "client_ip": "::1",
  "user_agent": "Mozilla/5.0 (Windows NT 10.0; Win64; x64) AppleWebKit/537.36 (KHTML, like Gecko) Chrome/143.0.0.0 Safari/537.36"
}
========================================

{
  "timestamp": "2026-01-15 05:47:11",
  "method": "GET",
  "path": "/api/v1/notifications",
  "query": {
    "limit": "20",
    "page": "1"
  },
  "headers": {
    "Accept": "application/json, text/plain, */*",
    "Authorization": "Bearer ...CRz4",
    "Content-Type": ""
  },
  "status_code": 200,
  "response_body": {
    "data": {
      "limit": 20,
      "notifications": [],
      "page": 1,
      "total": 0
    },
    "message": "Notifications berhasil diambil",
    "success": true
  },
  "duration": "6.0459ms",
  "duration_ms": 6,
  "client_ip": "::1",
  "user_agent": "Mozilla/5.0 (Windows NT 10.0; Win64; x64) AppleWebKit/537.36 (KHTML, like Gecko) Chrome/143.0.0.0 Safari/537.36",
  "user_id": 2,
  "user_email": "codingin19@gmail.com"
}
========================================

{
  "timestamp": "2026-01-15 05:47:16",
  "method": "OPTIONS",
  "path": "/api/v1/orders",
  "headers": {
    "Accept": "*/*",
    "Authorization": "",
    "Content-Type": ""
  },
  "status_code": 204,
  "duration": "0s",
  "duration_ms": 0,
  "client_ip": "::1",
  "user_agent": "Mozilla/5.0 (Windows NT 10.0; Win64; x64) AppleWebKit/537.36 (KHTML, like Gecko) Chrome/143.0.0.0 Safari/537.36"
}
========================================

{
  "timestamp": "2026-01-15 05:47:16",
  "method": "GET",
  "path": "/api/v1/orders",
  "headers": {
    "Accept": "application/json, text/plain, */*",
    "Authorization": "Bearer ...CRz4",
    "Content-Type": ""
  },
  "status_code": 200,
  "response_body": {
    "data": {
      "limit": 10,
      "orders": [],
      "page": 1,
      "total": 0
    },
    "message": "Orders retrieved successfully",
    "success": true
  },
  "duration": "7.0187ms",
  "duration_ms": 7,
  "client_ip": "::1",
  "user_agent": "Mozilla/5.0 (Windows NT 10.0; Win64; x64) AppleWebKit/537.36 (KHTML, like Gecko) Chrome/143.0.0.0 Safari/537.36",
  "user_id": 2,
  "user_email": "codingin19@gmail.com"
}
========================================

{
  "timestamp": "2026-01-15 05:47:23",
  "method": "OPTIONS",
  "path": "/api/v1/cart",
  "headers": {
    "Accept": "*/*",
    "Authorization": "",
    "Content-Type": ""
  },
  "status_code": 204,
  "duration": "0s",
  "duration_ms": 0,
  "client_ip": "::1",
  "user_agent": "Mozilla/5.0 (Windows NT 10.0; Win64; x64) AppleWebKit/537.36 (KHTML, like Gecko) Chrome/143.0.0.0 Safari/537.36"
}
========================================

{
  "timestamp": "2026-01-15 05:47:23",
  "method": "GET",
  "path": "/api/v1/cart",
  "headers": {
    "Accept": "application/json, text/plain, */*",
    "Authorization": "Bearer ...CRz4",
    "Content-Type": ""
  },
  "status_code": 200,
  "response_body": {
    "data": {
      "items": [
        {
          "created_at": "2026-01-15T05:44:43.629514+07:00",
          "id": 7,
          "product": {
            "category": {
              "created_at": "2026-01-08T21:55:42.326209+07:00",
              "description": "Python, PHP, and JS utility scripts",
              "icon": "terminal",
              "id": 4,
              "is_active": true,
              "name": "Scripts",
              "order": 4,
              "slug": "scripts",
              "updated_at": "2026-01-08T21:55:42.326209+07:00"
            },
            "category_id": 4,
            "created_at": "2026-01-13T02:20:25.212431+07:00",
            "created_by": 1,
            "description": "Python script to automate likes, follows, and comments. Includes safety limits to prevent account bans.",
            "downloads_count": 0,
            "features": "[\"Auto Like\", \"Auto Follow\", \"Targeting by Hashtag\"]",
            "id": 5,
            "is_active": true,
            "preview_images": "[\"https://images.unsplash.com/photo-1611162617474-5b21e879e113?auto=format\u0026fit=crop\u0026q=80\u0026w=1000\"]",
            "price": 150000,
            "rating_average": 0,
            "requirements": "[]",
            "slug": "instagram-automation-bot",
            "tech_stack": "[\"Python\", \"Selenium\"]",
            "title": "Instagram Automation Bot",
            "type": "scripts",
            "updated_at": "2026-01-13T02:20:25.212431+07:00",
            "views_count": 0
          },
          "product_id": 5,
          "quantity": 1,
          "updated_at": "2026-01-15T05:44:43.629514+07:00",
          "user_id": 2
        }
      ],
      "total": 150000
    },
    "message": "Cart retrieved successfully",
    "success": true
  },
  "duration": "6.5363ms",
  "duration_ms": 6,
  "client_ip": "::1",
  "user_agent": "Mozilla/5.0 (Windows NT 10.0; Win64; x64) AppleWebKit/537.36 (KHTML, like Gecko) Chrome/143.0.0.0 Safari/537.36",
  "user_id": 2,
  "user_email": "codingin19@gmail.com"
}
========================================

{
  "timestamp": "2026-01-15 05:47:26",
  "method": "OPTIONS",
  "path": "/api/v1/notifications/unread",
  "headers": {
    "Accept": "*/*",
    "Authorization": "",
    "Content-Type": ""
  },
  "status_code": 204,
  "duration": "500µs",
  "duration_ms": 0,
  "client_ip": "::1",
  "user_agent": "Mozilla/5.0 (Windows NT 10.0; Win64; x64) AppleWebKit/537.36 (KHTML, like Gecko) Chrome/143.0.0.0 Safari/537.36"
}
========================================

{
  "timestamp": "2026-01-15 05:47:26",
  "method": "GET",
  "path": "/api/v1/notifications/unread",
  "headers": {
    "Accept": "application/json, text/plain, */*",
    "Authorization": "Bearer ...CRz4",
    "Content-Type": ""
  },
  "status_code": 200,
  "response_body": {
    "data": {
      "count": 0,
      "notifications": []
    },
    "message": "Unread notifications berhasil diambil",
    "success": true
  },
  "duration": "2.0095ms",
  "duration_ms": 2,
  "client_ip": "::1",
  "user_agent": "Mozilla/5.0 (Windows NT 10.0; Win64; x64) AppleWebKit/537.36 (KHTML, like Gecko) Chrome/143.0.0.0 Safari/537.36",
  "user_id": 2,
  "user_email": "codingin19@gmail.com"
}
========================================

{
  "timestamp": "2026-01-15 05:47:40",
  "method": "OPTIONS",
  "path": "/api/v1/downloads",
  "headers": {
    "Accept": "*/*",
    "Authorization": "",
    "Content-Type": ""
  },
  "status_code": 204,
  "duration": "503.8µs",
  "duration_ms": 0,
  "client_ip": "::1",
  "user_agent": "Mozilla/5.0 (Windows NT 10.0; Win64; x64) AppleWebKit/537.36 (KHTML, like Gecko) Chrome/143.0.0.0 Safari/537.36"
}
========================================

{
  "timestamp": "2026-01-15 05:47:40",
  "method": "GET",
  "path": "/api/v1/downloads",
  "headers": {
    "Accept": "application/json, text/plain, */*",
    "Authorization": "Bearer ...CRz4",
    "Content-Type": ""
  },
  "status_code": 200,
  "response_body": {
    "data": {
      "downloads": [],
      "limit": 10,
      "page": 1,
      "total": 0
    },
    "message": "Downloads retrieved successfully",
    "success": true
  },
  "duration": "3.0144ms",
  "duration_ms": 3,
  "client_ip": "::1",
  "user_agent": "Mozilla/5.0 (Windows NT 10.0; Win64; x64) AppleWebKit/537.36 (KHTML, like Gecko) Chrome/143.0.0.0 Safari/537.36",
  "user_id": 2,
  "user_email": "codingin19@gmail.com"
}
========================================

{
  "timestamp": "2026-01-15 05:47:43",
  "method": "OPTIONS",
  "path": "/api/v1/products",
  "query": {
    "limit": "6"
  },
  "headers": {
    "Accept": "*/*",
    "Authorization": "",
    "Content-Type": ""
  },
  "status_code": 204,
  "duration": "359µs",
  "duration_ms": 0,
  "client_ip": "::1",
  "user_agent": "Mozilla/5.0 (Windows NT 10.0; Win64; x64) AppleWebKit/537.36 (KHTML, like Gecko) Chrome/143.0.0.0 Safari/537.36"
}
========================================

{
  "timestamp": "2026-01-15 05:47:43",
  "method": "GET",
  "path": "/api/v1/products",
  "query": {
    "limit": "6"
  },
  "headers": {
    "Accept": "application/json, text/plain, */*",
    "Authorization": "Bearer ...CRz4",
    "Content-Type": ""
  },
  "status_code": 200,
  "response_body": {
    "data": {
      "limit": 6,
      "page": 1,
      "products": [
        {
          "category": {
            "created_at": "2026-01-08T21:55:42.326209+07:00",
            "description": "Python, PHP, and JS utility scripts",
            "icon": "terminal",
            "id": 4,
            "is_active": true,
            "name": "Scripts",
            "order": 4,
            "slug": "scripts",
            "updated_at": "2026-01-08T21:55:42.326209+07:00"
          },
          "category_id": 4,
          "created_at": "2026-01-13T02:20:25.212431+07:00",
          "created_by": 1,
          "description": "Python script to automate likes, follows, and comments. Includes safety limits to prevent account bans.",
          "downloads_count": 0,
          "features": "[\"Auto Like\", \"Auto Follow\", \"Targeting by Hashtag\"]",
          "id": 5,
          "is_active": true,
          "preview_images": "[\"https://images.unsplash.com/photo-1611162617474-5b21e879e113?auto=format\u0026fit=crop\u0026q=80\u0026w=1000\"]",
          "price": 150000,
          "rating_average": 0,
          "requirements": "[]",
          "slug": "instagram-automation-bot",
          "tech_stack": "[\"Python\", \"Selenium\"]",
          "title": "Instagram Automation Bot",
          "type": "scripts",
          "updated_at": "2026-01-13T02:20:25.212431+07:00",
          "views_count": 0
        },
        {
          "category": {
            "created_at": "2026-01-08T21:55:42.322557+07:00",
            "description": "UI kits and website templates",
            "icon": "layout",
            "id": 2,
            "is_active": true,
            "name": "Templates",
            "order": 2,
            "slug": "templates",
            "updated_at": "2026-01-08T21:55:42.322557+07:00"
          },
          "category_id": 2,
          "created_at": "2026-01-13T02:20:25.211149+07:00",
          "created_by": 1,
          "description": "Clean, responsive, and customizable admin dashboard template built with Vue 3 and Tailwind CSS.",
          "downloads_count": 0,
          "features": "[\"Dark Mode Support\", \"Responsive Layout\", \"Chart.js Integration\", \"Form Components\"]",
          "id": 4,
          "is_active": true,
          "preview_images": "[\"https://images.unsplash.com/photo-1551288049-bebda4e38f71?auto=format\u0026fit=crop\u0026q=80\u0026w=1000\"]",
          "price": 250000,
          "rating_average": 0,
          "requirements": "[]",
          "slug": "modern-admin-dashboard",
          "tech_stack": "[\"Vue 3\", \"Tailwind CSS\", \"Vite\"]",
          "title": "Modern Admin Dashboard UI",
          "type": "template",
          "updated_at": "2026-01-13T02:20:25.211149+07:00",
          "views_count": 0
        },
        {
          "category": {
            "created_at": "2026-01-08T21:55:42.325061+07:00",
            "description": "Flutter, React Native, and native apps",
            "icon": "smartphone",
            "id": 3,
            "is_active": true,
            "name": "Mobile Apps",
            "order": 3,
            "slug": "mobile-apps",
            "updated_at": "2026-01-08T21:55:42.325061+07:00"
          },
          "category_id": 3,
          "created_at": "2026-01-13T02:20:25.210572+07:00",
          "created_by": 1,
          "description": "Uber Eats clone made with Flutter. Beautiful animations, real-time tracking, and vendor dashboard included. Works on both iOS and Android.",
          "downloads_count": 0,
          "features": "[\"Real-time Tracking\", \"Push Notifications\", \"Vendor App\", \"Dark Mode\"]",
          "id": 3,
          "is_active": true,
          "preview_images": "[\"https://images.unsplash.com/photo-1512941937669-90a1b58e7e9c?auto=format\u0026fit=crop\u0026q=80\u0026w=1000\"]",
          "price": 500000,
          "rating_average": 0,
          "requirements": "[]",
          "slug": "flutter-delivery-app",
          "tech_stack": "[\"Flutter\", \"Firebase\", \"Google Maps API\"]",
          "title": "Flutter Delivery App",
          "type": "mobile_apps",
          "updated_at": "2026-01-13T02:20:25.210572+07:00",
          "views_count": 0
        },
        {
          "category": {
            "created_at": "2026-01-08T21:55:42.314623+07:00",
            "description": "Full application source codes",
            "icon": "code",
            "id": 1,
            "is_active": true,
            "name": "Source Code",
            "order": 1,
            "slug": "source-code",
            "updated_at": "2026-01-08T21:55:42.314623+07:00"
          },
          "category_id": 1,
          "created_at": "2026-01-13T02:20:25.20936+07:00",
          "created_by": 1,
          "description": "Launch your SaaS in days with this comprehensive Next.js boilerplate. Includes Stripe integration, Authentication, Database setup with Prisma, and tailwind UI components.",
          "downloads_count": 0,
          "features": "[\"Authentication\", \"Subscription Payments\", \"Admin Dashboard\", \"SEO Optimized\"]",
          "id": 2,
          "is_active": true,
          "preview_images": "[\"https://images.unsplash.com/photo-1618477247222-ac591245363d?auto=format\u0026fit=crop\u0026q=80\u0026w=1000\"]",
          "price": 750000,
          "rating_average": 0,
          "requirements": "[]",
          "slug": "nextjs-saas-boilerplate",
          "tech_stack": "[\"Next.js\", \"TypeScript\", \"Tailwind CSS\", \"Prisma\", \"Stripe\"]",
          "title": "NextJS SaaS Boilerplate",
          "type": "source_code",
          "updated_at": "2026-01-13T02:20:25.20936+07:00",
          "views_count": 0
        },
        {
          "category": {
            "created_at": "2026-01-08T21:55:42.314623+07:00",
            "description": "Full application source codes",
            "icon": "code",
            "id": 1,
            "is_active": true,
            "name": "Source Code",
            "order": 1,
            "slug": "source-code",
            "updated_at": "2026-01-08T21:55:42.314623+07:00"
          },
          "category_id": 1,
          "created_at": "2026-01-13T02:20:25.197105+07:00",
          "created_by": 1,
          "description": "A complete microservices-based e-commerce backend written in Go (Golang). Includes services for products, orders, users, and payments. Features gRPC communication, Kafka event bus, and Docker compose setup.",
          "downloads_count": 0,
          "features": "[\"Microservices Architecture\", \"gRPC Communication\", \"Event-Driven\", \"Scalable\"]",
          "id": 1,
          "is_active": true,
          "preview_images": "[\"https://images.unsplash.com/photo-1555949963-aa79dcee981c?auto=format\u0026fit=crop\u0026q=80\u0026w=1000\", \"https://images.unsplash.com/photo-1555066931-4365d14bab8c?auto=format\u0026fit=crop\u0026q=80\u0026w=1000\"]",
          "price": 1500000,
          "rating_average": 0,
          "requirements": "[]",
          "slug": "ecommerce-microservices-go",
          "tech_stack": "[\"Golang\", \"gRPC\", \"Kafka\", \"PostgreSQL\", \"Docker\"]",
          "title": "E-Commerce Microservices Go",
          "type": "source_code",
          "updated_at": "2026-01-13T02:20:25.197105+07:00",
          "views_count": 0
        }
      ],
      "total": 5
    },
    "message": "Products retrieved successfully",
    "success": true
  },
  "duration": "6.0115ms",
  "duration_ms": 6,
  "client_ip": "::1",
  "user_agent": "Mozilla/5.0 (Windows NT 10.0; Win64; x64) AppleWebKit/537.36 (KHTML, like Gecko) Chrome/143.0.0.0 Safari/537.36"
}
========================================

{
  "timestamp": "2026-01-15 05:47:56",
  "method": "OPTIONS",
  "path": "/api/v1/notifications/unread",
  "headers": {
    "Accept": "*/*",
    "Authorization": "",
    "Content-Type": ""
  },
  "status_code": 204,
  "duration": "0s",
  "duration_ms": 0,
  "client_ip": "::1",
  "user_agent": "Mozilla/5.0 (Windows NT 10.0; Win64; x64) AppleWebKit/537.36 (KHTML, like Gecko) Chrome/143.0.0.0 Safari/537.36"
}
========================================

{
  "timestamp": "2026-01-15 05:47:56",
  "method": "GET",
  "path": "/api/v1/notifications/unread",
  "headers": {
    "Accept": "application/json, text/plain, */*",
    "Authorization": "Bearer ...CRz4",
    "Content-Type": ""
  },
  "status_code": 200,
  "response_body": {
    "data": {
      "count": 0,
      "notifications": []
    },
    "message": "Unread notifications berhasil diambil",
    "success": true
  },
  "duration": "1.5035ms",
  "duration_ms": 1,
  "client_ip": "::1",
  "user_agent": "Mozilla/5.0 (Windows NT 10.0; Win64; x64) AppleWebKit/537.36 (KHTML, like Gecko) Chrome/143.0.0.0 Safari/537.36",
  "user_id": 2,
  "user_email": "codingin19@gmail.com"
}
========================================

{
  "timestamp": "2026-01-15 05:48:26",
  "method": "OPTIONS",
  "path": "/api/v1/notifications/unread",
  "headers": {
    "Accept": "*/*",
    "Authorization": "",
    "Content-Type": ""
  },
  "status_code": 204,
  "duration": "501µs",
  "duration_ms": 0,
  "client_ip": "::1",
  "user_agent": "Mozilla/5.0 (Windows NT 10.0; Win64; x64) AppleWebKit/537.36 (KHTML, like Gecko) Chrome/143.0.0.0 Safari/537.36"
}
========================================

{
  "timestamp": "2026-01-15 05:48:26",
  "method": "GET",
  "path": "/api/v1/notifications/unread",
  "headers": {
    "Accept": "application/json, text/plain, */*",
    "Authorization": "Bearer ...CRz4",
    "Content-Type": ""
  },
  "status_code": 200,
  "response_body": {
    "data": {
      "count": 0,
      "notifications": []
    },
    "message": "Unread notifications berhasil diambil",
    "success": true
  },
  "duration": "4.5654ms",
  "duration_ms": 4,
  "client_ip": "::1",
  "user_agent": "Mozilla/5.0 (Windows NT 10.0; Win64; x64) AppleWebKit/537.36 (KHTML, like Gecko) Chrome/143.0.0.0 Safari/537.36",
  "user_id": 2,
  "user_email": "codingin19@gmail.com"
}
========================================

{
  "timestamp": "2026-01-15 05:48:56",
  "method": "OPTIONS",
  "path": "/api/v1/cart",
  "headers": {
    "Accept": "*/*",
    "Authorization": "",
    "Content-Type": ""
  },
  "status_code": 204,
  "duration": "500.4µs",
  "duration_ms": 0,
  "client_ip": "::1",
  "user_agent": "Mozilla/5.0 (Windows NT 10.0; Win64; x64) AppleWebKit/537.36 (KHTML, like Gecko) Chrome/143.0.0.0 Safari/537.36"
}
========================================

{
  "timestamp": "2026-01-15 05:48:56",
  "method": "OPTIONS",
  "path": "/api/v1/notifications/unread",
  "headers": {
    "Accept": "*/*",
    "Authorization": "",
    "Content-Type": ""
  },
  "status_code": 204,
  "duration": "500.5µs",
  "duration_ms": 0,
  "client_ip": "::1",
  "user_agent": "Mozilla/5.0 (Windows NT 10.0; Win64; x64) AppleWebKit/537.36 (KHTML, like Gecko) Chrome/143.0.0.0 Safari/537.36"
}
========================================

{
  "timestamp": "2026-01-15 05:48:56",
  "method": "GET",
  "path": "/api/v1/cart",
  "headers": {
    "Accept": "application/json, text/plain, */*",
    "Authorization": "Bearer ...CRz4",
    "Content-Type": ""
  },
  "status_code": 200,
  "response_body": {
    "data": {
      "items": [
        {
          "created_at": "2026-01-15T05:44:43.629514+07:00",
          "id": 7,
          "product": {
            "category": {
              "created_at": "2026-01-08T21:55:42.326209+07:00",
              "description": "Python, PHP, and JS utility scripts",
              "icon": "terminal",
              "id": 4,
              "is_active": true,
              "name": "Scripts",
              "order": 4,
              "slug": "scripts",
              "updated_at": "2026-01-08T21:55:42.326209+07:00"
            },
            "category_id": 4,
            "created_at": "2026-01-13T02:20:25.212431+07:00",
            "created_by": 1,
            "description": "Python script to automate likes, follows, and comments. Includes safety limits to prevent account bans.",
            "downloads_count": 0,
            "features": "[\"Auto Like\", \"Auto Follow\", \"Targeting by Hashtag\"]",
            "id": 5,
            "is_active": true,
            "preview_images": "[\"https://images.unsplash.com/photo-1611162617474-5b21e879e113?auto=format\u0026fit=crop\u0026q=80\u0026w=1000\"]",
            "price": 150000,
            "rating_average": 0,
            "requirements": "[]",
            "slug": "instagram-automation-bot",
            "tech_stack": "[\"Python\", \"Selenium\"]",
            "title": "Instagram Automation Bot",
            "type": "scripts",
            "updated_at": "2026-01-13T02:20:25.212431+07:00",
            "views_count": 0
          },
          "product_id": 5,
          "quantity": 1,
          "updated_at": "2026-01-15T05:44:43.629514+07:00",
          "user_id": 2
        }
      ],
      "total": 150000
    },
    "message": "Cart retrieved successfully",
    "success": true
  },
  "duration": "3.0032ms",
  "duration_ms": 3,
  "client_ip": "::1",
  "user_agent": "Mozilla/5.0 (Windows NT 10.0; Win64; x64) AppleWebKit/537.36 (KHTML, like Gecko) Chrome/143.0.0.0 Safari/537.36",
  "user_id": 2,
  "user_email": "codingin19@gmail.com"
}
========================================

{
  "timestamp": "2026-01-15 05:48:56",
  "method": "GET",
  "path": "/api/v1/notifications/unread",
  "headers": {
    "Accept": "application/json, text/plain, */*",
    "Authorization": "Bearer ...CRz4",
    "Content-Type": ""
  },
  "status_code": 200,
  "response_body": {
    "data": {
      "count": 0,
      "notifications": []
    },
    "message": "Unread notifications berhasil diambil",
    "success": true
  },
  "duration": "694.1µs",
  "duration_ms": 0,
  "client_ip": "::1",
  "user_agent": "Mozilla/5.0 (Windows NT 10.0; Win64; x64) AppleWebKit/537.36 (KHTML, like Gecko) Chrome/143.0.0.0 Safari/537.36",
  "user_id": 2,
  "user_email": "codingin19@gmail.com"
}
========================================

{
  "timestamp": "2026-01-15 05:49:02",
  "method": "OPTIONS",
  "path": "/api/v1/orders",
  "headers": {
    "Accept": "*/*",
    "Authorization": "",
    "Content-Type": ""
  },
  "status_code": 204,
  "duration": "0s",
  "duration_ms": 0,
  "client_ip": "::1",
  "user_agent": "Mozilla/5.0 (Windows NT 10.0; Win64; x64) AppleWebKit/537.36 (KHTML, like Gecko) Chrome/143.0.0.0 Safari/537.36"
}
========================================

{
  "timestamp": "2026-01-15 05:49:02",
  "method": "GET",
  "path": "/api/v1/orders",
  "headers": {
    "Accept": "application/json, text/plain, */*",
    "Authorization": "Bearer ...CRz4",
    "Content-Type": ""
  },
  "status_code": 200,
  "response_body": {
    "data": {
      "limit": 10,
      "orders": [],
      "page": 1,
      "total": 0
    },
    "message": "Orders retrieved successfully",
    "success": true
  },
  "duration": "2.6108ms",
  "duration_ms": 2,
  "client_ip": "::1",
  "user_agent": "Mozilla/5.0 (Windows NT 10.0; Win64; x64) AppleWebKit/537.36 (KHTML, like Gecko) Chrome/143.0.0.0 Safari/537.36",
  "user_id": 2,
  "user_email": "codingin19@gmail.com"
}
========================================

{
  "timestamp": "2026-01-15 05:49:05",
  "method": "OPTIONS",
  "path": "/api/v1/downloads",
  "headers": {
    "Accept": "*/*",
    "Authorization": "",
    "Content-Type": ""
  },
  "status_code": 204,
  "duration": "500.8µs",
  "duration_ms": 0,
  "client_ip": "::1",
  "user_agent": "Mozilla/5.0 (Windows NT 10.0; Win64; x64) AppleWebKit/537.36 (KHTML, like Gecko) Chrome/143.0.0.0 Safari/537.36"
}
========================================

{
  "timestamp": "2026-01-15 05:49:05",
  "method": "GET",
  "path": "/api/v1/downloads",
  "headers": {
    "Accept": "application/json, text/plain, */*",
    "Authorization": "Bearer ...CRz4",
    "Content-Type": ""
  },
  "status_code": 200,
  "response_body": {
    "data": {
      "downloads": [],
      "limit": 10,
      "page": 1,
      "total": 0
    },
    "message": "Downloads retrieved successfully",
    "success": true
  },
  "duration": "4.0089ms",
  "duration_ms": 4,
  "client_ip": "::1",
  "user_agent": "Mozilla/5.0 (Windows NT 10.0; Win64; x64) AppleWebKit/537.36 (KHTML, like Gecko) Chrome/143.0.0.0 Safari/537.36",
  "user_id": 2,
  "user_email": "codingin19@gmail.com"
}
========================================

{
  "timestamp": "2026-01-15 05:49:08",
  "method": "OPTIONS",
  "path": "/api/v1/wishlist",
  "headers": {
    "Accept": "*/*",
    "Authorization": "",
    "Content-Type": ""
  },
  "status_code": 204,
  "duration": "1.0048ms",
  "duration_ms": 1,
  "client_ip": "::1",
  "user_agent": "Mozilla/5.0 (Windows NT 10.0; Win64; x64) AppleWebKit/537.36 (KHTML, like Gecko) Chrome/143.0.0.0 Safari/537.36"
}
========================================

{
  "timestamp": "2026-01-15 05:49:08",
  "method": "GET",
  "path": "/api/v1/wishlist",
  "headers": {
    "Accept": "application/json, text/plain, */*",
    "Authorization": "Bearer ...CRz4",
    "Content-Type": ""
  },
  "status_code": 200,
  "response_body": {
    "data": [
      {
        "created_at": "2026-01-14T22:13:48.734726+07:00",
        "id": 1,
        "product": {
          "category": {
            "created_at": "2026-01-08T21:55:42.326209+07:00",
            "description": "Python, PHP, and JS utility scripts",
            "icon": "terminal",
            "id": 4,
            "is_active": true,
            "name": "Scripts",
            "order": 4,
            "slug": "scripts",
            "updated_at": "2026-01-08T21:55:42.326209+07:00"
          },
          "category_id": 4,
          "created_at": "2026-01-13T02:20:25.212431+07:00",
          "created_by": 1,
          "description": "Python script to automate likes, follows, and comments. Includes safety limits to prevent account bans.",
          "downloads_count": 0,
          "features": "[\"Auto Like\", \"Auto Follow\", \"Targeting by Hashtag\"]",
          "id": 5,
          "is_active": true,
          "preview_images": "[\"https://images.unsplash.com/photo-1611162617474-5b21e879e113?auto=format\u0026fit=crop\u0026q=80\u0026w=1000\"]",
          "price": 150000,
          "rating_average": 0,
          "requirements": "[]",
          "slug": "instagram-automation-bot",
          "tech_stack": "[\"Python\", \"Selenium\"]",
          "title": "Instagram Automation Bot",
          "type": "scripts",
          "updated_at": "2026-01-13T02:20:25.212431+07:00",
          "views_count": 0
        },
        "product_id": 5,
        "user_id": 2
      }
    ],
    "message": "Wishlist retrieved successfully",
    "success": true
  },
  "duration": "3.0658ms",
  "duration_ms": 3,
  "client_ip": "::1",
  "user_agent": "Mozilla/5.0 (Windows NT 10.0; Win64; x64) AppleWebKit/537.36 (KHTML, like Gecko) Chrome/143.0.0.0 Safari/537.36",
  "user_id": 2,
  "user_email": "codingin19@gmail.com"
}
========================================

{
  "timestamp": "2026-01-15 05:49:10",
  "method": "OPTIONS",
  "path": "/api/v1/wishlist/1",
  "headers": {
    "Accept": "*/*",
    "Authorization": "",
    "Content-Type": ""
  },
  "status_code": 204,
  "duration": "0s",
  "duration_ms": 0,
  "client_ip": "::1",
  "user_agent": "Mozilla/5.0 (Windows NT 10.0; Win64; x64) AppleWebKit/537.36 (KHTML, like Gecko) Chrome/143.0.0.0 Safari/537.36"
}
========================================

{
  "timestamp": "2026-01-15 05:49:10",
  "method": "DELETE",
  "path": "/api/v1/wishlist/1",
  "headers": {
    "Accept": "application/json, text/plain, */*",
    "Authorization": "Bearer ...CRz4",
    "Content-Type": ""
  },
  "status_code": 200,
  "response_body": {
    "message": "Item removed from wishlist",
    "success": true
  },
  "duration": "8.0694ms",
  "duration_ms": 8,
  "client_ip": "::1",
  "user_agent": "Mozilla/5.0 (Windows NT 10.0; Win64; x64) AppleWebKit/537.36 (KHTML, like Gecko) Chrome/143.0.0.0 Safari/537.36",
  "user_id": 2,
  "user_email": "codingin19@gmail.com"
}
========================================

{
  "timestamp": "2026-01-15 05:49:10",
  "method": "GET",
  "path": "/api/v1/wishlist",
  "headers": {
    "Accept": "application/json, text/plain, */*",
    "Authorization": "Bearer ...CRz4",
    "Content-Type": ""
  },
  "status_code": 200,
  "response_body": {
    "data": [],
    "message": "Wishlist retrieved successfully",
    "success": true
  },
  "duration": "500.2µs",
  "duration_ms": 0,
  "client_ip": "::1",
  "user_agent": "Mozilla/5.0 (Windows NT 10.0; Win64; x64) AppleWebKit/537.36 (KHTML, like Gecko) Chrome/143.0.0.0 Safari/537.36",
  "user_id": 2,
  "user_email": "codingin19@gmail.com"
}
========================================

{
  "timestamp": "2026-01-15 05:49:12",
  "method": "OPTIONS",
  "path": "/api/v1/products",
  "query": {
    "limit": "6"
  },
  "headers": {
    "Accept": "*/*",
    "Authorization": "",
    "Content-Type": ""
  },
  "status_code": 204,
  "duration": "5.0046ms",
  "duration_ms": 5,
  "client_ip": "::1",
  "user_agent": "Mozilla/5.0 (Windows NT 10.0; Win64; x64) AppleWebKit/537.36 (KHTML, like Gecko) Chrome/143.0.0.0 Safari/537.36"
}
========================================

{
  "timestamp": "2026-01-15 05:49:12",
  "method": "GET",
  "path": "/api/v1/products",
  "query": {
    "limit": "6"
  },
  "headers": {
    "Accept": "application/json, text/plain, */*",
    "Authorization": "Bearer ...CRz4",
    "Content-Type": ""
  },
  "status_code": 200,
  "response_body": {
    "data": {
      "limit": 6,
      "page": 1,
      "products": [
        {
          "category": {
            "created_at": "2026-01-08T21:55:42.326209+07:00",
            "description": "Python, PHP, and JS utility scripts",
            "icon": "terminal",
            "id": 4,
            "is_active": true,
            "name": "Scripts",
            "order": 4,
            "slug": "scripts",
            "updated_at": "2026-01-08T21:55:42.326209+07:00"
          },
          "category_id": 4,
          "created_at": "2026-01-13T02:20:25.212431+07:00",
          "created_by": 1,
          "description": "Python script to automate likes, follows, and comments. Includes safety limits to prevent account bans.",
          "downloads_count": 0,
          "features": "[\"Auto Like\", \"Auto Follow\", \"Targeting by Hashtag\"]",
          "id": 5,
          "is_active": true,
          "preview_images": "[\"https://images.unsplash.com/photo-1611162617474-5b21e879e113?auto=format\u0026fit=crop\u0026q=80\u0026w=1000\"]",
          "price": 150000,
          "rating_average": 0,
          "requirements": "[]",
          "slug": "instagram-automation-bot",
          "tech_stack": "[\"Python\", \"Selenium\"]",
          "title": "Instagram Automation Bot",
          "type": "scripts",
          "updated_at": "2026-01-13T02:20:25.212431+07:00",
          "views_count": 0
        },
        {
          "category": {
            "created_at": "2026-01-08T21:55:42.322557+07:00",
            "description": "UI kits and website templates",
            "icon": "layout",
            "id": 2,
            "is_active": true,
            "name": "Templates",
            "order": 2,
            "slug": "templates",
            "updated_at": "2026-01-08T21:55:42.322557+07:00"
          },
          "category_id": 2,
          "created_at": "2026-01-13T02:20:25.211149+07:00",
          "created_by": 1,
          "description": "Clean, responsive, and customizable admin dashboard template built with Vue 3 and Tailwind CSS.",
          "downloads_count": 0,
          "features": "[\"Dark Mode Support\", \"Responsive Layout\", \"Chart.js Integration\", \"Form Components\"]",
          "id": 4,
          "is_active": true,
          "preview_images": "[\"https://images.unsplash.com/photo-1551288049-bebda4e38f71?auto=format\u0026fit=crop\u0026q=80\u0026w=1000\"]",
          "price": 250000,
          "rating_average": 0,
          "requirements": "[]",
          "slug": "modern-admin-dashboard",
          "tech_stack": "[\"Vue 3\", \"Tailwind CSS\", \"Vite\"]",
          "title": "Modern Admin Dashboard UI",
          "type": "template",
          "updated_at": "2026-01-13T02:20:25.211149+07:00",
          "views_count": 0
        },
        {
          "category": {
            "created_at": "2026-01-08T21:55:42.325061+07:00",
            "description": "Flutter, React Native, and native apps",
            "icon": "smartphone",
            "id": 3,
            "is_active": true,
            "name": "Mobile Apps",
            "order": 3,
            "slug": "mobile-apps",
            "updated_at": "2026-01-08T21:55:42.325061+07:00"
          },
          "category_id": 3,
          "created_at": "2026-01-13T02:20:25.210572+07:00",
          "created_by": 1,
          "description": "Uber Eats clone made with Flutter. Beautiful animations, real-time tracking, and vendor dashboard included. Works on both iOS and Android.",
          "downloads_count": 0,
          "features": "[\"Real-time Tracking\", \"Push Notifications\", \"Vendor App\", \"Dark Mode\"]",
          "id": 3,
          "is_active": true,
          "preview_images": "[\"https://images.unsplash.com/photo-1512941937669-90a1b58e7e9c?auto=format\u0026fit=crop\u0026q=80\u0026w=1000\"]",
          "price": 500000,
          "rating_average": 0,
          "requirements": "[]",
          "slug": "flutter-delivery-app",
          "tech_stack": "[\"Flutter\", \"Firebase\", \"Google Maps API\"]",
          "title": "Flutter Delivery App",
          "type": "mobile_apps",
          "updated_at": "2026-01-13T02:20:25.210572+07:00",
          "views_count": 0
        },
        {
          "category": {
            "created_at": "2026-01-08T21:55:42.314623+07:00",
            "description": "Full application source codes",
            "icon": "code",
            "id": 1,
            "is_active": true,
            "name": "Source Code",
            "order": 1,
            "slug": "source-code",
            "updated_at": "2026-01-08T21:55:42.314623+07:00"
          },
          "category_id": 1,
          "created_at": "2026-01-13T02:20:25.20936+07:00",
          "created_by": 1,
          "description": "Launch your SaaS in days with this comprehensive Next.js boilerplate. Includes Stripe integration, Authentication, Database setup with Prisma, and tailwind UI components.",
          "downloads_count": 0,
          "features": "[\"Authentication\", \"Subscription Payments\", \"Admin Dashboard\", \"SEO Optimized\"]",
          "id": 2,
          "is_active": true,
          "preview_images": "[\"https://images.unsplash.com/photo-1618477247222-ac591245363d?auto=format\u0026fit=crop\u0026q=80\u0026w=1000\"]",
          "price": 750000,
          "rating_average": 0,
          "requirements": "[]",
          "slug": "nextjs-saas-boilerplate",
          "tech_stack": "[\"Next.js\", \"TypeScript\", \"Tailwind CSS\", \"Prisma\", \"Stripe\"]",
          "title": "NextJS SaaS Boilerplate",
          "type": "source_code",
          "updated_at": "2026-01-13T02:20:25.20936+07:00",
          "views_count": 0
        },
        {
          "category": {
            "created_at": "2026-01-08T21:55:42.314623+07:00",
            "description": "Full application source codes",
            "icon": "code",
            "id": 1,
            "is_active": true,
            "name": "Source Code",
            "order": 1,
            "slug": "source-code",
            "updated_at": "2026-01-08T21:55:42.314623+07:00"
          },
          "category_id": 1,
          "created_at": "2026-01-13T02:20:25.197105+07:00",
          "created_by": 1,
          "description": "A complete microservices-based e-commerce backend written in Go (Golang). Includes services for products, orders, users, and payments. Features gRPC communication, Kafka event bus, and Docker compose setup.",
          "downloads_count": 0,
          "features": "[\"Microservices Architecture\", \"gRPC Communication\", \"Event-Driven\", \"Scalable\"]",
          "id": 1,
          "is_active": true,
          "preview_images": "[\"https://images.unsplash.com/photo-1555949963-aa79dcee981c?auto=format\u0026fit=crop\u0026q=80\u0026w=1000\", \"https://images.unsplash.com/photo-1555066931-4365d14bab8c?auto=format\u0026fit=crop\u0026q=80\u0026w=1000\"]",
          "price": 1500000,
          "rating_average": 0,
          "requirements": "[]",
          "slug": "ecommerce-microservices-go",
          "tech_stack": "[\"Golang\", \"gRPC\", \"Kafka\", \"PostgreSQL\", \"Docker\"]",
          "title": "E-Commerce Microservices Go",
          "type": "source_code",
          "updated_at": "2026-01-13T02:20:25.197105+07:00",
          "views_count": 0
        }
      ],
      "total": 5
    },
    "message": "Products retrieved successfully",
    "success": true
  },
  "duration": "5.5605ms",
  "duration_ms": 5,
  "client_ip": "::1",
  "user_agent": "Mozilla/5.0 (Windows NT 10.0; Win64; x64) AppleWebKit/537.36 (KHTML, like Gecko) Chrome/143.0.0.0 Safari/537.36"
}
========================================

{
  "timestamp": "2026-01-15 05:49:18",
  "method": "OPTIONS",
  "path": "/api/v1/products",
  "query": {
    "limit": "20"
  },
  "headers": {
    "Accept": "*/*",
    "Authorization": "",
    "Content-Type": ""
  },
  "status_code": 204,
  "duration": "660µs",
  "duration_ms": 0,
  "client_ip": "::1",
  "user_agent": "Mozilla/5.0 (Windows NT 10.0; Win64; x64) AppleWebKit/537.36 (KHTML, like Gecko) Chrome/143.0.0.0 Safari/537.36"
}
========================================

{
  "timestamp": "2026-01-15 05:49:18",
  "method": "GET",
  "path": "/api/v1/products",
  "query": {
    "limit": "20"
  },
  "headers": {
    "Accept": "application/json, text/plain, */*",
    "Authorization": "Bearer ...CRz4",
    "Content-Type": ""
  },
  "status_code": 200,
  "response_body": {
    "data": {
      "limit": 20,
      "page": 1,
      "products": [
        {
          "category": {
            "created_at": "2026-01-08T21:55:42.326209+07:00",
            "description": "Python, PHP, and JS utility scripts",
            "icon": "terminal",
            "id": 4,
            "is_active": true,
            "name": "Scripts",
            "order": 4,
            "slug": "scripts",
            "updated_at": "2026-01-08T21:55:42.326209+07:00"
          },
          "category_id": 4,
          "created_at": "2026-01-13T02:20:25.212431+07:00",
          "created_by": 1,
          "description": "Python script to automate likes, follows, and comments. Includes safety limits to prevent account bans.",
          "downloads_count": 0,
          "features": "[\"Auto Like\", \"Auto Follow\", \"Targeting by Hashtag\"]",
          "id": 5,
          "is_active": true,
          "preview_images": "[\"https://images.unsplash.com/photo-1611162617474-5b21e879e113?auto=format\u0026fit=crop\u0026q=80\u0026w=1000\"]",
          "price": 150000,
          "rating_average": 0,
          "requirements": "[]",
          "slug": "instagram-automation-bot",
          "tech_stack": "[\"Python\", \"Selenium\"]",
          "title": "Instagram Automation Bot",
          "type": "scripts",
          "updated_at": "2026-01-13T02:20:25.212431+07:00",
          "views_count": 0
        },
        {
          "category": {
            "created_at": "2026-01-08T21:55:42.322557+07:00",
            "description": "UI kits and website templates",
            "icon": "layout",
            "id": 2,
            "is_active": true,
            "name": "Templates",
            "order": 2,
            "slug": "templates",
            "updated_at": "2026-01-08T21:55:42.322557+07:00"
          },
          "category_id": 2,
          "created_at": "2026-01-13T02:20:25.211149+07:00",
          "created_by": 1,
          "description": "Clean, responsive, and customizable admin dashboard template built with Vue 3 and Tailwind CSS.",
          "downloads_count": 0,
          "features": "[\"Dark Mode Support\", \"Responsive Layout\", \"Chart.js Integration\", \"Form Components\"]",
          "id": 4,
          "is_active": true,
          "preview_images": "[\"https://images.unsplash.com/photo-1551288049-bebda4e38f71?auto=format\u0026fit=crop\u0026q=80\u0026w=1000\"]",
          "price": 250000,
          "rating_average": 0,
          "requirements": "[]",
          "slug": "modern-admin-dashboard",
          "tech_stack": "[\"Vue 3\", \"Tailwind CSS\", \"Vite\"]",
          "title": "Modern Admin Dashboard UI",
          "type": "template",
          "updated_at": "2026-01-13T02:20:25.211149+07:00",
          "views_count": 0
        },
        {
          "category": {
            "created_at": "2026-01-08T21:55:42.325061+07:00",
            "description": "Flutter, React Native, and native apps",
            "icon": "smartphone",
            "id": 3,
            "is_active": true,
            "name": "Mobile Apps",
            "order": 3,
            "slug": "mobile-apps",
            "updated_at": "2026-01-08T21:55:42.325061+07:00"
          },
          "category_id": 3,
          "created_at": "2026-01-13T02:20:25.210572+07:00",
          "created_by": 1,
          "description": "Uber Eats clone made with Flutter. Beautiful animations, real-time tracking, and vendor dashboard included. Works on both iOS and Android.",
          "downloads_count": 0,
          "features": "[\"Real-time Tracking\", \"Push Notifications\", \"Vendor App\", \"Dark Mode\"]",
          "id": 3,
          "is_active": true,
          "preview_images": "[\"https://images.unsplash.com/photo-1512941937669-90a1b58e7e9c?auto=format\u0026fit=crop\u0026q=80\u0026w=1000\"]",
          "price": 500000,
          "rating_average": 0,
          "requirements": "[]",
          "slug": "flutter-delivery-app",
          "tech_stack": "[\"Flutter\", \"Firebase\", \"Google Maps API\"]",
          "title": "Flutter Delivery App",
          "type": "mobile_apps",
          "updated_at": "2026-01-13T02:20:25.210572+07:00",
          "views_count": 0
        },
        {
          "category": {
            "created_at": "2026-01-08T21:55:42.314623+07:00",
            "description": "Full application source codes",
            "icon": "code",
            "id": 1,
            "is_active": true,
            "name": "Source Code",
            "order": 1,
            "slug": "source-code",
            "updated_at": "2026-01-08T21:55:42.314623+07:00"
          },
          "category_id": 1,
          "created_at": "2026-01-13T02:20:25.20936+07:00",
          "created_by": 1,
          "description": "Launch your SaaS in days with this comprehensive Next.js boilerplate. Includes Stripe integration, Authentication, Database setup with Prisma, and tailwind UI components.",
          "downloads_count": 0,
          "features": "[\"Authentication\", \"Subscription Payments\", \"Admin Dashboard\", \"SEO Optimized\"]",
          "id": 2,
          "is_active": true,
          "preview_images": "[\"https://images.unsplash.com/photo-1618477247222-ac591245363d?auto=format\u0026fit=crop\u0026q=80\u0026w=1000\"]",
          "price": 750000,
          "rating_average": 0,
          "requirements": "[]",
          "slug": "nextjs-saas-boilerplate",
          "tech_stack": "[\"Next.js\", \"TypeScript\", \"Tailwind CSS\", \"Prisma\", \"Stripe\"]",
          "title": "NextJS SaaS Boilerplate",
          "type": "source_code",
          "updated_at": "2026-01-13T02:20:25.20936+07:00",
          "views_count": 0
        },
        {
          "category": {
            "created_at": "2026-01-08T21:55:42.314623+07:00",
            "description": "Full application source codes",
            "icon": "code",
            "id": 1,
            "is_active": true,
            "name": "Source Code",
            "order": 1,
            "slug": "source-code",
            "updated_at": "2026-01-08T21:55:42.314623+07:00"
          },
          "category_id": 1,
          "created_at": "2026-01-13T02:20:25.197105+07:00",
          "created_by": 1,
          "description": "A complete microservices-based e-commerce backend written in Go (Golang). Includes services for products, orders, users, and payments. Features gRPC communication, Kafka event bus, and Docker compose setup.",
          "downloads_count": 0,
          "features": "[\"Microservices Architecture\", \"gRPC Communication\", \"Event-Driven\", \"Scalable\"]",
          "id": 1,
          "is_active": true,
          "preview_images": "[\"https://images.unsplash.com/photo-1555949963-aa79dcee981c?auto=format\u0026fit=crop\u0026q=80\u0026w=1000\", \"https://images.unsplash.com/photo-1555066931-4365d14bab8c?auto=format\u0026fit=crop\u0026q=80\u0026w=1000\"]",
          "price": 1500000,
          "rating_average": 0,
          "requirements": "[]",
          "slug": "ecommerce-microservices-go",
          "tech_stack": "[\"Golang\", \"gRPC\", \"Kafka\", \"PostgreSQL\", \"Docker\"]",
          "title": "E-Commerce Microservices Go",
          "type": "source_code",
          "updated_at": "2026-01-13T02:20:25.197105+07:00",
          "views_count": 0
        }
      ],
      "total": 5
    },
    "message": "Products retrieved successfully",
    "success": true
  },
  "duration": "9.5266ms",
  "duration_ms": 9,
  "client_ip": "::1",
  "user_agent": "Mozilla/5.0 (Windows NT 10.0; Win64; x64) AppleWebKit/537.36 (KHTML, like Gecko) Chrome/143.0.0.0 Safari/537.36"
}
========================================

{
  "timestamp": "2026-01-15 05:49:20",
  "method": "OPTIONS",
  "path": "/api/v1/wishlist",
  "headers": {
    "Accept": "*/*",
    "Authorization": "",
    "Content-Type": ""
  },
  "status_code": 204,
  "duration": "0s",
  "duration_ms": 0,
  "client_ip": "::1",
  "user_agent": "Mozilla/5.0 (Windows NT 10.0; Win64; x64) AppleWebKit/537.36 (KHTML, like Gecko) Chrome/143.0.0.0 Safari/537.36"
}
========================================

{
  "timestamp": "2026-01-15 05:49:20",
  "method": "POST",
  "path": "/api/v1/wishlist",
  "headers": {
    "Accept": "application/json, text/plain, */*",
    "Authorization": "Bearer ...CRz4",
    "Content-Type": "application/json"
  },
  "request_body": {
    "product_id": 5
  },
  "status_code": 201,
  "response_body": {
    "data": {
      "created_at": "2026-01-15T05:49:20.2882872+07:00",
      "id": 10,
      "product_id": 5,
      "user_id": 2
    },
    "message": "Item added to wishlist",
    "success": true
  },
  "duration": "8.1844ms",
  "duration_ms": 8,
  "client_ip": "::1",
  "user_agent": "Mozilla/5.0 (Windows NT 10.0; Win64; x64) AppleWebKit/537.36 (KHTML, like Gecko) Chrome/143.0.0.0 Safari/537.36",
  "user_id": 2,
  "user_email": "codingin19@gmail.com"
}
========================================

{
  "timestamp": "2026-01-15 05:49:20",
  "method": "GET",
  "path": "/api/v1/wishlist",
  "headers": {
    "Accept": "application/json, text/plain, */*",
    "Authorization": "Bearer ...CRz4",
    "Content-Type": ""
  },
  "status_code": 200,
  "response_body": {
    "data": [
      {
        "created_at": "2026-01-15T05:49:20.288287+07:00",
        "id": 10,
        "product": {
          "category": {
            "created_at": "2026-01-08T21:55:42.326209+07:00",
            "description": "Python, PHP, and JS utility scripts",
            "icon": "terminal",
            "id": 4,
            "is_active": true,
            "name": "Scripts",
            "order": 4,
            "slug": "scripts",
            "updated_at": "2026-01-08T21:55:42.326209+07:00"
          },
          "category_id": 4,
          "created_at": "2026-01-13T02:20:25.212431+07:00",
          "created_by": 1,
          "description": "Python script to automate likes, follows, and comments. Includes safety limits to prevent account bans.",
          "downloads_count": 0,
          "features": "[\"Auto Like\", \"Auto Follow\", \"Targeting by Hashtag\"]",
          "id": 5,
          "is_active": true,
          "preview_images": "[\"https://images.unsplash.com/photo-1611162617474-5b21e879e113?auto=format\u0026fit=crop\u0026q=80\u0026w=1000\"]",
          "price": 150000,
          "rating_average": 0,
          "requirements": "[]",
          "slug": "instagram-automation-bot",
          "tech_stack": "[\"Python\", \"Selenium\"]",
          "title": "Instagram Automation Bot",
          "type": "scripts",
          "updated_at": "2026-01-13T02:20:25.212431+07:00",
          "views_count": 0
        },
        "product_id": 5,
        "user_id": 2
      }
    ],
    "message": "Wishlist retrieved successfully",
    "success": true
  },
  "duration": "1.0013ms",
  "duration_ms": 1,
  "client_ip": "::1",
  "user_agent": "Mozilla/5.0 (Windows NT 10.0; Win64; x64) AppleWebKit/537.36 (KHTML, like Gecko) Chrome/143.0.0.0 Safari/537.36",
  "user_id": 2,
  "user_email": "codingin19@gmail.com"
}
========================================

{
  "timestamp": "2026-01-15 05:49:26",
  "method": "OPTIONS",
  "path": "/api/v1/notifications/unread",
  "headers": {
    "Accept": "*/*",
    "Authorization": "",
    "Content-Type": ""
  },
  "status_code": 204,
  "duration": "0s",
  "duration_ms": 0,
  "client_ip": "::1",
  "user_agent": "Mozilla/5.0 (Windows NT 10.0; Win64; x64) AppleWebKit/537.36 (KHTML, like Gecko) Chrome/143.0.0.0 Safari/537.36"
}
========================================

{
  "timestamp": "2026-01-15 05:49:26",
  "method": "GET",
  "path": "/api/v1/notifications/unread",
  "headers": {
    "Accept": "application/json, text/plain, */*",
    "Authorization": "Bearer ...CRz4",
    "Content-Type": ""
  },
  "status_code": 200,
  "response_body": {
    "data": {
      "count": 0,
      "notifications": []
    },
    "message": "Unread notifications berhasil diambil",
    "success": true
  },
  "duration": "2.0039ms",
  "duration_ms": 2,
  "client_ip": "::1",
  "user_agent": "Mozilla/5.0 (Windows NT 10.0; Win64; x64) AppleWebKit/537.36 (KHTML, like Gecko) Chrome/143.0.0.0 Safari/537.36",
  "user_id": 2,
  "user_email": "codingin19@gmail.com"
}
========================================

{
  "timestamp": "2026-01-15 05:49:26",
  "method": "OPTIONS",
  "path": "/api/v1/wishlist",
  "headers": {
    "Accept": "*/*",
    "Authorization": "",
    "Content-Type": ""
  },
  "status_code": 204,
  "duration": "0s",
  "duration_ms": 0,
  "client_ip": "::1",
  "user_agent": "Mozilla/5.0 (Windows NT 10.0; Win64; x64) AppleWebKit/537.36 (KHTML, like Gecko) Chrome/143.0.0.0 Safari/537.36"
}
========================================

{
  "timestamp": "2026-01-15 05:49:26",
  "method": "GET",
  "path": "/api/v1/wishlist",
  "headers": {
    "Accept": "application/json, text/plain, */*",
    "Authorization": "Bearer ...CRz4",
    "Content-Type": ""
  },
  "status_code": 200,
  "response_body": {
    "data": [
      {
        "created_at": "2026-01-15T05:49:20.288287+07:00",
        "id": 10,
        "product": {
          "category": {
            "created_at": "2026-01-08T21:55:42.326209+07:00",
            "description": "Python, PHP, and JS utility scripts",
            "icon": "terminal",
            "id": 4,
            "is_active": true,
            "name": "Scripts",
            "order": 4,
            "slug": "scripts",
            "updated_at": "2026-01-08T21:55:42.326209+07:00"
          },
          "category_id": 4,
          "created_at": "2026-01-13T02:20:25.212431+07:00",
          "created_by": 1,
          "description": "Python script to automate likes, follows, and comments. Includes safety limits to prevent account bans.",
          "downloads_count": 0,
          "features": "[\"Auto Like\", \"Auto Follow\", \"Targeting by Hashtag\"]",
          "id": 5,
          "is_active": true,
          "preview_images": "[\"https://images.unsplash.com/photo-1611162617474-5b21e879e113?auto=format\u0026fit=crop\u0026q=80\u0026w=1000\"]",
          "price": 150000,
          "rating_average": 0,
          "requirements": "[]",
          "slug": "instagram-automation-bot",
          "tech_stack": "[\"Python\", \"Selenium\"]",
          "title": "Instagram Automation Bot",
          "type": "scripts",
          "updated_at": "2026-01-13T02:20:25.212431+07:00",
          "views_count": 0
        },
        "product_id": 5,
        "user_id": 2
      }
    ],
    "message": "Wishlist retrieved successfully",
    "success": true
  },
  "duration": "2.66ms",
  "duration_ms": 2,
  "client_ip": "::1",
  "user_agent": "Mozilla/5.0 (Windows NT 10.0; Win64; x64) AppleWebKit/537.36 (KHTML, like Gecko) Chrome/143.0.0.0 Safari/537.36",
  "user_id": 2,
  "user_email": "codingin19@gmail.com"
}
========================================

{
  "timestamp": "2026-01-15 05:49:37",
  "method": "OPTIONS",
  "path": "/api/v1/products",
  "query": {
    "limit": "6"
  },
  "headers": {
    "Accept": "*/*",
    "Authorization": "",
    "Content-Type": ""
  },
  "status_code": 204,
  "duration": "525.6µs",
  "duration_ms": 0,
  "client_ip": "::1",
  "user_agent": "Mozilla/5.0 (Windows NT 10.0; Win64; x64) AppleWebKit/537.36 (KHTML, like Gecko) Chrome/143.0.0.0 Safari/537.36"
}
========================================

{
  "timestamp": "2026-01-15 05:49:37",
  "method": "GET",
  "path": "/api/v1/products",
  "query": {
    "limit": "6"
  },
  "headers": {
    "Accept": "application/json, text/plain, */*",
    "Authorization": "Bearer ...CRz4",
    "Content-Type": ""
  },
  "status_code": 200,
  "response_body": {
    "data": {
      "limit": 6,
      "page": 1,
      "products": [
        {
          "category": {
            "created_at": "2026-01-08T21:55:42.326209+07:00",
            "description": "Python, PHP, and JS utility scripts",
            "icon": "terminal",
            "id": 4,
            "is_active": true,
            "name": "Scripts",
            "order": 4,
            "slug": "scripts",
            "updated_at": "2026-01-08T21:55:42.326209+07:00"
          },
          "category_id": 4,
          "created_at": "2026-01-13T02:20:25.212431+07:00",
          "created_by": 1,
          "description": "Python script to automate likes, follows, and comments. Includes safety limits to prevent account bans.",
          "downloads_count": 0,
          "features": "[\"Auto Like\", \"Auto Follow\", \"Targeting by Hashtag\"]",
          "id": 5,
          "is_active": true,
          "preview_images": "[\"https://images.unsplash.com/photo-1611162617474-5b21e879e113?auto=format\u0026fit=crop\u0026q=80\u0026w=1000\"]",
          "price": 150000,
          "rating_average": 0,
          "requirements": "[]",
          "slug": "instagram-automation-bot",
          "tech_stack": "[\"Python\", \"Selenium\"]",
          "title": "Instagram Automation Bot",
          "type": "scripts",
          "updated_at": "2026-01-13T02:20:25.212431+07:00",
          "views_count": 0
        },
        {
          "category": {
            "created_at": "2026-01-08T21:55:42.322557+07:00",
            "description": "UI kits and website templates",
            "icon": "layout",
            "id": 2,
            "is_active": true,
            "name": "Templates",
            "order": 2,
            "slug": "templates",
            "updated_at": "2026-01-08T21:55:42.322557+07:00"
          },
          "category_id": 2,
          "created_at": "2026-01-13T02:20:25.211149+07:00",
          "created_by": 1,
          "description": "Clean, responsive, and customizable admin dashboard template built with Vue 3 and Tailwind CSS.",
          "downloads_count": 0,
          "features": "[\"Dark Mode Support\", \"Responsive Layout\", \"Chart.js Integration\", \"Form Components\"]",
          "id": 4,
          "is_active": true,
          "preview_images": "[\"https://images.unsplash.com/photo-1551288049-bebda4e38f71?auto=format\u0026fit=crop\u0026q=80\u0026w=1000\"]",
          "price": 250000,
          "rating_average": 0,
          "requirements": "[]",
          "slug": "modern-admin-dashboard",
          "tech_stack": "[\"Vue 3\", \"Tailwind CSS\", \"Vite\"]",
          "title": "Modern Admin Dashboard UI",
          "type": "template",
          "updated_at": "2026-01-13T02:20:25.211149+07:00",
          "views_count": 0
        },
        {
          "category": {
            "created_at": "2026-01-08T21:55:42.325061+07:00",
            "description": "Flutter, React Native, and native apps",
            "icon": "smartphone",
            "id": 3,
            "is_active": true,
            "name": "Mobile Apps",
            "order": 3,
            "slug": "mobile-apps",
            "updated_at": "2026-01-08T21:55:42.325061+07:00"
          },
          "category_id": 3,
          "created_at": "2026-01-13T02:20:25.210572+07:00",
          "created_by": 1,
          "description": "Uber Eats clone made with Flutter. Beautiful animations, real-time tracking, and vendor dashboard included. Works on both iOS and Android.",
          "downloads_count": 0,
          "features": "[\"Real-time Tracking\", \"Push Notifications\", \"Vendor App\", \"Dark Mode\"]",
          "id": 3,
          "is_active": true,
          "preview_images": "[\"https://images.unsplash.com/photo-1512941937669-90a1b58e7e9c?auto=format\u0026fit=crop\u0026q=80\u0026w=1000\"]",
          "price": 500000,
          "rating_average": 0,
          "requirements": "[]",
          "slug": "flutter-delivery-app",
          "tech_stack": "[\"Flutter\", \"Firebase\", \"Google Maps API\"]",
          "title": "Flutter Delivery App",
          "type": "mobile_apps",
          "updated_at": "2026-01-13T02:20:25.210572+07:00",
          "views_count": 0
        },
        {
          "category": {
            "created_at": "2026-01-08T21:55:42.314623+07:00",
            "description": "Full application source codes",
            "icon": "code",
            "id": 1,
            "is_active": true,
            "name": "Source Code",
            "order": 1,
            "slug": "source-code",
            "updated_at": "2026-01-08T21:55:42.314623+07:00"
          },
          "category_id": 1,
          "created_at": "2026-01-13T02:20:25.20936+07:00",
          "created_by": 1,
          "description": "Launch your SaaS in days with this comprehensive Next.js boilerplate. Includes Stripe integration, Authentication, Database setup with Prisma, and tailwind UI components.",
          "downloads_count": 0,
          "features": "[\"Authentication\", \"Subscription Payments\", \"Admin Dashboard\", \"SEO Optimized\"]",
          "id": 2,
          "is_active": true,
          "preview_images": "[\"https://images.unsplash.com/photo-1618477247222-ac591245363d?auto=format\u0026fit=crop\u0026q=80\u0026w=1000\"]",
          "price": 750000,
          "rating_average": 0,
          "requirements": "[]",
          "slug": "nextjs-saas-boilerplate",
          "tech_stack": "[\"Next.js\", \"TypeScript\", \"Tailwind CSS\", \"Prisma\", \"Stripe\"]",
          "title": "NextJS SaaS Boilerplate",
          "type": "source_code",
          "updated_at": "2026-01-13T02:20:25.20936+07:00",
          "views_count": 0
        },
        {
          "category": {
            "created_at": "2026-01-08T21:55:42.314623+07:00",
            "description": "Full application source codes",
            "icon": "code",
            "id": 1,
            "is_active": true,
            "name": "Source Code",
            "order": 1,
            "slug": "source-code",
            "updated_at": "2026-01-08T21:55:42.314623+07:00"
          },
          "category_id": 1,
          "created_at": "2026-01-13T02:20:25.197105+07:00",
          "created_by": 1,
          "description": "A complete microservices-based e-commerce backend written in Go (Golang). Includes services for products, orders, users, and payments. Features gRPC communication, Kafka event bus, and Docker compose setup.",
          "downloads_count": 0,
          "features": "[\"Microservices Architecture\", \"gRPC Communication\", \"Event-Driven\", \"Scalable\"]",
          "id": 1,
          "is_active": true,
          "preview_images": "[\"https://images.unsplash.com/photo-1555949963-aa79dcee981c?auto=format\u0026fit=crop\u0026q=80\u0026w=1000\", \"https://images.unsplash.com/photo-1555066931-4365d14bab8c?auto=format\u0026fit=crop\u0026q=80\u0026w=1000\"]",
          "price": 1500000,
          "rating_average": 0,
          "requirements": "[]",
          "slug": "ecommerce-microservices-go",
          "tech_stack": "[\"Golang\", \"gRPC\", \"Kafka\", \"PostgreSQL\", \"Docker\"]",
          "title": "E-Commerce Microservices Go",
          "type": "source_code",
          "updated_at": "2026-01-13T02:20:25.197105+07:00",
          "views_count": 0
        }
      ],
      "total": 5
    },
    "message": "Products retrieved successfully",
    "success": true
  },
  "duration": "3.0262ms",
  "duration_ms": 3,
  "client_ip": "::1",
  "user_agent": "Mozilla/5.0 (Windows NT 10.0; Win64; x64) AppleWebKit/537.36 (KHTML, like Gecko) Chrome/143.0.0.0 Safari/537.36"
}
========================================

{
  "timestamp": "2026-01-15 05:49:56",
  "method": "OPTIONS",
  "path": "/api/v1/notifications/unread",
  "headers": {
    "Accept": "*/*",
    "Authorization": "",
    "Content-Type": ""
  },
  "status_code": 204,
  "duration": "512.6µs",
  "duration_ms": 0,
  "client_ip": "::1",
  "user_agent": "Mozilla/5.0 (Windows NT 10.0; Win64; x64) AppleWebKit/537.36 (KHTML, like Gecko) Chrome/143.0.0.0 Safari/537.36"
}
========================================

{
  "timestamp": "2026-01-15 05:49:56",
  "method": "GET",
  "path": "/api/v1/notifications/unread",
  "headers": {
    "Accept": "application/json, text/plain, */*",
    "Authorization": "Bearer ...CRz4",
    "Content-Type": ""
  },
  "status_code": 200,
  "response_body": {
    "data": {
      "count": 0,
      "notifications": []
    },
    "message": "Unread notifications berhasil diambil",
    "success": true
  },
  "duration": "2.0089ms",
  "duration_ms": 2,
  "client_ip": "::1",
  "user_agent": "Mozilla/5.0 (Windows NT 10.0; Win64; x64) AppleWebKit/537.36 (KHTML, like Gecko) Chrome/143.0.0.0 Safari/537.36",
  "user_id": 2,
  "user_email": "codingin19@gmail.com"
}
========================================

{
  "timestamp": "2026-01-15 05:50:26",
  "method": "OPTIONS",
  "path": "/api/v1/notifications/unread",
  "headers": {
    "Accept": "*/*",
    "Authorization": "",
    "Content-Type": ""
  },
  "status_code": 204,
  "duration": "0s",
  "duration_ms": 0,
  "client_ip": "::1",
  "user_agent": "Mozilla/5.0 (Windows NT 10.0; Win64; x64) AppleWebKit/537.36 (KHTML, like Gecko) Chrome/143.0.0.0 Safari/537.36"
}
========================================

{
  "timestamp": "2026-01-15 05:50:26",
  "method": "GET",
  "path": "/api/v1/notifications/unread",
  "headers": {
    "Accept": "application/json, text/plain, */*",
    "Authorization": "Bearer ...CRz4",
    "Content-Type": ""
  },
  "status_code": 200,
  "response_body": {
    "data": {
      "count": 0,
      "notifications": []
    },
    "message": "Unread notifications berhasil diambil",
    "success": true
  },
  "duration": "2.0117ms",
  "duration_ms": 2,
  "client_ip": "::1",
  "user_agent": "Mozilla/5.0 (Windows NT 10.0; Win64; x64) AppleWebKit/537.36 (KHTML, like Gecko) Chrome/143.0.0.0 Safari/537.36",
  "user_id": 2,
  "user_email": "codingin19@gmail.com"
}
========================================

{
  "timestamp": "2026-01-15 05:50:56",
  "method": "OPTIONS",
  "path": "/api/v1/notifications/unread",
  "headers": {
    "Accept": "*/*",
    "Authorization": "",
    "Content-Type": ""
  },
  "status_code": 204,
  "duration": "0s",
  "duration_ms": 0,
  "client_ip": "::1",
  "user_agent": "Mozilla/5.0 (Windows NT 10.0; Win64; x64) AppleWebKit/537.36 (KHTML, like Gecko) Chrome/143.0.0.0 Safari/537.36"
}
========================================

{
  "timestamp": "2026-01-15 05:50:56",
  "method": "GET",
  "path": "/api/v1/notifications/unread",
  "headers": {
    "Accept": "application/json, text/plain, */*",
    "Authorization": "Bearer ...CRz4",
    "Content-Type": ""
  },
  "status_code": 200,
  "response_body": {
    "data": {
      "count": 0,
      "notifications": []
    },
    "message": "Unread notifications berhasil diambil",
    "success": true
  },
  "duration": "2.0108ms",
  "duration_ms": 2,
  "client_ip": "::1",
  "user_agent": "Mozilla/5.0 (Windows NT 10.0; Win64; x64) AppleWebKit/537.36 (KHTML, like Gecko) Chrome/143.0.0.0 Safari/537.36",
  "user_id": 2,
  "user_email": "codingin19@gmail.com"
}
========================================

{
  "timestamp": "2026-01-15 05:51:26",
  "method": "OPTIONS",
  "path": "/api/v1/notifications/unread",
  "headers": {
    "Accept": "*/*",
    "Authorization": "",
    "Content-Type": ""
  },
  "status_code": 204,
  "duration": "0s",
  "duration_ms": 0,
  "client_ip": "::1",
  "user_agent": "Mozilla/5.0 (Windows NT 10.0; Win64; x64) AppleWebKit/537.36 (KHTML, like Gecko) Chrome/143.0.0.0 Safari/537.36"
}
========================================

{
  "timestamp": "2026-01-15 05:51:26",
  "method": "GET",
  "path": "/api/v1/notifications/unread",
  "headers": {
    "Accept": "application/json, text/plain, */*",
    "Authorization": "Bearer ...CRz4",
    "Content-Type": ""
  },
  "status_code": 200,
  "response_body": {
    "data": {
      "count": 0,
      "notifications": []
    },
    "message": "Unread notifications berhasil diambil",
    "success": true
  },
  "duration": "2.0131ms",
  "duration_ms": 2,
  "client_ip": "::1",
  "user_agent": "Mozilla/5.0 (Windows NT 10.0; Win64; x64) AppleWebKit/537.36 (KHTML, like Gecko) Chrome/143.0.0.0 Safari/537.36",
  "user_id": 2,
  "user_email": "codingin19@gmail.com"
}
========================================

{
  "timestamp": "2026-01-15 05:51:56",
  "method": "OPTIONS",
  "path": "/api/v1/notifications/unread",
  "headers": {
    "Accept": "*/*",
    "Authorization": "",
    "Content-Type": ""
  },
  "status_code": 204,
  "duration": "0s",
  "duration_ms": 0,
  "client_ip": "::1",
  "user_agent": "Mozilla/5.0 (Windows NT 10.0; Win64; x64) AppleWebKit/537.36 (KHTML, like Gecko) Chrome/143.0.0.0 Safari/537.36"
}
========================================

{
  "timestamp": "2026-01-15 05:51:56",
  "method": "GET",
  "path": "/api/v1/notifications/unread",
  "headers": {
    "Accept": "application/json, text/plain, */*",
    "Authorization": "Bearer ...CRz4",
    "Content-Type": ""
  },
  "status_code": 200,
  "response_body": {
    "data": {
      "count": 0,
      "notifications": []
    },
    "message": "Unread notifications berhasil diambil",
    "success": true
  },
  "duration": "2.0356ms",
  "duration_ms": 2,
  "client_ip": "::1",
  "user_agent": "Mozilla/5.0 (Windows NT 10.0; Win64; x64) AppleWebKit/537.36 (KHTML, like Gecko) Chrome/143.0.0.0 Safari/537.36",
  "user_id": 2,
  "user_email": "codingin19@gmail.com"
}
========================================

{
  "timestamp": "2026-01-15 05:52:26",
  "method": "OPTIONS",
  "path": "/api/v1/notifications/unread",
  "headers": {
    "Accept": "*/*",
    "Authorization": "",
    "Content-Type": ""
  },
  "status_code": 204,
  "duration": "500.3µs",
  "duration_ms": 0,
  "client_ip": "::1",
  "user_agent": "Mozilla/5.0 (Windows NT 10.0; Win64; x64) AppleWebKit/537.36 (KHTML, like Gecko) Chrome/143.0.0.0 Safari/537.36"
}
========================================

{
  "timestamp": "2026-01-15 05:52:26",
  "method": "GET",
  "path": "/api/v1/notifications/unread",
  "headers": {
    "Accept": "application/json, text/plain, */*",
    "Authorization": "Bearer ...CRz4",
    "Content-Type": ""
  },
  "status_code": 200,
  "response_body": {
    "data": {
      "count": 0,
      "notifications": []
    },
    "message": "Unread notifications berhasil diambil",
    "success": true
  },
  "duration": "2.0067ms",
  "duration_ms": 2,
  "client_ip": "::1",
  "user_agent": "Mozilla/5.0 (Windows NT 10.0; Win64; x64) AppleWebKit/537.36 (KHTML, like Gecko) Chrome/143.0.0.0 Safari/537.36",
  "user_id": 2,
  "user_email": "codingin19@gmail.com"
}
========================================

{
  "timestamp": "2026-01-15 05:52:56",
  "method": "OPTIONS",
  "path": "/api/v1/notifications/unread",
  "headers": {
    "Accept": "*/*",
    "Authorization": "",
    "Content-Type": ""
  },
  "status_code": 204,
  "duration": "0s",
  "duration_ms": 0,
  "client_ip": "::1",
  "user_agent": "Mozilla/5.0 (Windows NT 10.0; Win64; x64) AppleWebKit/537.36 (KHTML, like Gecko) Chrome/143.0.0.0 Safari/537.36"
}
========================================

{
  "timestamp": "2026-01-15 05:52:56",
  "method": "GET",
  "path": "/api/v1/notifications/unread",
  "headers": {
    "Accept": "application/json, text/plain, */*",
    "Authorization": "Bearer ...CRz4",
    "Content-Type": ""
  },
  "status_code": 200,
  "response_body": {
    "data": {
      "count": 0,
      "notifications": []
    },
    "message": "Unread notifications berhasil diambil",
    "success": true
  },
  "duration": "2.0187ms",
  "duration_ms": 2,
  "client_ip": "::1",
  "user_agent": "Mozilla/5.0 (Windows NT 10.0; Win64; x64) AppleWebKit/537.36 (KHTML, like Gecko) Chrome/143.0.0.0 Safari/537.36",
  "user_id": 2,
  "user_email": "codingin19@gmail.com"
}
========================================

{
  "timestamp": "2026-01-15 05:53:26",
  "method": "OPTIONS",
  "path": "/api/v1/notifications/unread",
  "headers": {
    "Accept": "*/*",
    "Authorization": "",
    "Content-Type": ""
  },
  "status_code": 204,
  "duration": "500.4µs",
  "duration_ms": 0,
  "client_ip": "::1",
  "user_agent": "Mozilla/5.0 (Windows NT 10.0; Win64; x64) AppleWebKit/537.36 (KHTML, like Gecko) Chrome/143.0.0.0 Safari/537.36"
}
========================================

{
  "timestamp": "2026-01-15 05:53:26",
  "method": "GET",
  "path": "/api/v1/notifications/unread",
  "headers": {
    "Accept": "application/json, text/plain, */*",
    "Authorization": "Bearer ...CRz4",
    "Content-Type": ""
  },
  "status_code": 200,
  "response_body": {
    "data": {
      "count": 0,
      "notifications": []
    },
    "message": "Unread notifications berhasil diambil",
    "success": true
  },
  "duration": "1.5017ms",
  "duration_ms": 1,
  "client_ip": "::1",
  "user_agent": "Mozilla/5.0 (Windows NT 10.0; Win64; x64) AppleWebKit/537.36 (KHTML, like Gecko) Chrome/143.0.0.0 Safari/537.36",
  "user_id": 2,
  "user_email": "codingin19@gmail.com"
}
========================================

{
  "timestamp": "2026-01-15 05:54:08",
  "method": "OPTIONS",
  "path": "/api/v1/notifications/unread",
  "headers": {
    "Accept": "*/*",
    "Authorization": "",
    "Content-Type": ""
  },
  "status_code": 204,
  "duration": "0s",
  "duration_ms": 0,
  "client_ip": "::1",
  "user_agent": "Mozilla/5.0 (Windows NT 10.0; Win64; x64) AppleWebKit/537.36 (KHTML, like Gecko) Chrome/143.0.0.0 Safari/537.36"
}
========================================

{
  "timestamp": "2026-01-15 05:54:08",
  "method": "GET",
  "path": "/api/v1/notifications/unread",
  "headers": {
    "Accept": "application/json, text/plain, */*",
    "Authorization": "Bearer ...CRz4",
    "Content-Type": ""
  },
  "status_code": 200,
  "response_body": {
    "data": {
      "count": 0,
      "notifications": []
    },
    "message": "Unread notifications berhasil diambil",
    "success": true
  },
  "duration": "2.0259ms",
  "duration_ms": 2,
  "client_ip": "::1",
  "user_agent": "Mozilla/5.0 (Windows NT 10.0; Win64; x64) AppleWebKit/537.36 (KHTML, like Gecko) Chrome/143.0.0.0 Safari/537.36",
  "user_id": 2,
  "user_email": "codingin19@gmail.com"
}
========================================

{
  "timestamp": "2026-01-15 05:55:08",
  "method": "OPTIONS",
  "path": "/api/v1/notifications/unread",
  "headers": {
    "Accept": "*/*",
    "Authorization": "",
    "Content-Type": ""
  },
  "status_code": 204,
  "duration": "0s",
  "duration_ms": 0,
  "client_ip": "::1",
  "user_agent": "Mozilla/5.0 (Windows NT 10.0; Win64; x64) AppleWebKit/537.36 (KHTML, like Gecko) Chrome/143.0.0.0 Safari/537.36"
}
========================================

{
  "timestamp": "2026-01-15 05:55:08",
  "method": "GET",
  "path": "/api/v1/notifications/unread",
  "headers": {
    "Accept": "application/json, text/plain, */*",
    "Authorization": "Bearer ...CRz4",
    "Content-Type": ""
  },
  "status_code": 200,
  "response_body": {
    "data": {
      "count": 0,
      "notifications": []
    },
    "message": "Unread notifications berhasil diambil",
    "success": true
  },
  "duration": "2.1059ms",
  "duration_ms": 2,
  "client_ip": "::1",
  "user_agent": "Mozilla/5.0 (Windows NT 10.0; Win64; x64) AppleWebKit/537.36 (KHTML, like Gecko) Chrome/143.0.0.0 Safari/537.36",
  "user_id": 2,
  "user_email": "codingin19@gmail.com"
}
========================================

{
  "timestamp": "2026-01-15 05:56:08",
  "method": "OPTIONS",
  "path": "/api/v1/notifications/unread",
  "headers": {
    "Accept": "*/*",
    "Authorization": "",
    "Content-Type": ""
  },
  "status_code": 204,
  "duration": "0s",
  "duration_ms": 0,
  "client_ip": "::1",
  "user_agent": "Mozilla/5.0 (Windows NT 10.0; Win64; x64) AppleWebKit/537.36 (KHTML, like Gecko) Chrome/143.0.0.0 Safari/537.36"
}
========================================

{
  "timestamp": "2026-01-15 05:56:08",
  "method": "GET",
  "path": "/api/v1/notifications/unread",
  "headers": {
    "Accept": "application/json, text/plain, */*",
    "Authorization": "Bearer ...CRz4",
    "Content-Type": ""
  },
  "status_code": 200,
  "response_body": {
    "data": {
      "count": 0,
      "notifications": []
    },
    "message": "Unread notifications berhasil diambil",
    "success": true
  },
  "duration": "2.0688ms",
  "duration_ms": 2,
  "client_ip": "::1",
  "user_agent": "Mozilla/5.0 (Windows NT 10.0; Win64; x64) AppleWebKit/537.36 (KHTML, like Gecko) Chrome/143.0.0.0 Safari/537.36",
  "user_id": 2,
  "user_email": "codingin19@gmail.com"
}
========================================

{
  "timestamp": "2026-01-15 05:57:08",
  "method": "OPTIONS",
  "path": "/api/v1/notifications/unread",
  "headers": {
    "Accept": "*/*",
    "Authorization": "",
    "Content-Type": ""
  },
  "status_code": 204,
  "duration": "0s",
  "duration_ms": 0,
  "client_ip": "::1",
  "user_agent": "Mozilla/5.0 (Windows NT 10.0; Win64; x64) AppleWebKit/537.36 (KHTML, like Gecko) Chrome/143.0.0.0 Safari/537.36"
}
========================================

{
  "timestamp": "2026-01-15 05:57:08",
  "method": "GET",
  "path": "/api/v1/notifications/unread",
  "headers": {
    "Accept": "application/json, text/plain, */*",
    "Authorization": "Bearer ...CRz4",
    "Content-Type": ""
  },
  "status_code": 200,
  "response_body": {
    "data": {
      "count": 0,
      "notifications": []
    },
    "message": "Unread notifications berhasil diambil",
    "success": true
  },
  "duration": "6.6175ms",
  "duration_ms": 6,
  "client_ip": "::1",
  "user_agent": "Mozilla/5.0 (Windows NT 10.0; Win64; x64) AppleWebKit/537.36 (KHTML, like Gecko) Chrome/143.0.0.0 Safari/537.36",
  "user_id": 2,
  "user_email": "codingin19@gmail.com"
}
========================================

{
  "timestamp": "2026-01-15 05:58:08",
  "method": "OPTIONS",
  "path": "/api/v1/notifications/unread",
  "headers": {
    "Accept": "*/*",
    "Authorization": "",
    "Content-Type": ""
  },
  "status_code": 204,
  "duration": "4.5029ms",
  "duration_ms": 4,
  "client_ip": "::1",
  "user_agent": "Mozilla/5.0 (Windows NT 10.0; Win64; x64) AppleWebKit/537.36 (KHTML, like Gecko) Chrome/143.0.0.0 Safari/537.36"
}
========================================

{
  "timestamp": "2026-01-15 05:58:08",
  "method": "GET",
  "path": "/api/v1/notifications/unread",
  "headers": {
    "Accept": "application/json, text/plain, */*",
    "Authorization": "Bearer ...CRz4",
    "Content-Type": ""
  },
  "status_code": 200,
  "response_body": {
    "data": {
      "count": 0,
      "notifications": []
    },
    "message": "Unread notifications berhasil diambil",
    "success": true
  },
  "duration": "2.5207ms",
  "duration_ms": 2,
  "client_ip": "::1",
  "user_agent": "Mozilla/5.0 (Windows NT 10.0; Win64; x64) AppleWebKit/537.36 (KHTML, like Gecko) Chrome/143.0.0.0 Safari/537.36",
  "user_id": 2,
  "user_email": "codingin19@gmail.com"
}
========================================

{
  "timestamp": "2026-01-15 05:58:26",
  "method": "OPTIONS",
  "path": "/api/v1/notifications/unread",
  "headers": {
    "Accept": "*/*",
    "Authorization": "",
    "Content-Type": ""
  },
  "status_code": 204,
  "duration": "0s",
  "duration_ms": 0,
  "client_ip": "::1",
  "user_agent": "Mozilla/5.0 (Windows NT 10.0; Win64; x64) AppleWebKit/537.36 (KHTML, like Gecko) Chrome/143.0.0.0 Safari/537.36"
}
========================================

{
  "timestamp": "2026-01-15 05:58:26",
  "method": "GET",
  "path": "/api/v1/notifications/unread",
  "headers": {
    "Accept": "application/json, text/plain, */*",
    "Authorization": "Bearer ...CRz4",
    "Content-Type": ""
  },
  "status_code": 200,
  "response_body": {
    "data": {
      "count": 0,
      "notifications": []
    },
    "message": "Unread notifications berhasil diambil",
    "success": true
  },
  "duration": "2.2036ms",
  "duration_ms": 2,
  "client_ip": "::1",
  "user_agent": "Mozilla/5.0 (Windows NT 10.0; Win64; x64) AppleWebKit/537.36 (KHTML, like Gecko) Chrome/143.0.0.0 Safari/537.36",
  "user_id": 2,
  "user_email": "codingin19@gmail.com"
}
========================================

{
  "timestamp": "2026-01-15 05:58:56",
  "method": "OPTIONS",
  "path": "/api/v1/notifications/unread",
  "headers": {
    "Accept": "*/*",
    "Authorization": "",
    "Content-Type": ""
  },
  "status_code": 204,
  "duration": "0s",
  "duration_ms": 0,
  "client_ip": "::1",
  "user_agent": "Mozilla/5.0 (Windows NT 10.0; Win64; x64) AppleWebKit/537.36 (KHTML, like Gecko) Chrome/143.0.0.0 Safari/537.36"
}
========================================

{
  "timestamp": "2026-01-15 05:58:56",
  "method": "GET",
  "path": "/api/v1/notifications/unread",
  "headers": {
    "Accept": "application/json, text/plain, */*",
    "Authorization": "Bearer ...CRz4",
    "Content-Type": ""
  },
  "status_code": 200,
  "response_body": {
    "data": {
      "count": 0,
      "notifications": []
    },
    "message": "Unread notifications berhasil diambil",
    "success": true
  },
  "duration": "2.1664ms",
  "duration_ms": 2,
  "client_ip": "::1",
  "user_agent": "Mozilla/5.0 (Windows NT 10.0; Win64; x64) AppleWebKit/537.36 (KHTML, like Gecko) Chrome/143.0.0.0 Safari/537.36",
  "user_id": 2,
  "user_email": "codingin19@gmail.com"
}
========================================

{
  "timestamp": "2026-01-15 05:59:26",
  "method": "OPTIONS",
  "path": "/api/v1/notifications/unread",
  "headers": {
    "Accept": "*/*",
    "Authorization": "",
    "Content-Type": ""
  },
  "status_code": 204,
  "duration": "0s",
  "duration_ms": 0,
  "client_ip": "::1",
  "user_agent": "Mozilla/5.0 (Windows NT 10.0; Win64; x64) AppleWebKit/537.36 (KHTML, like Gecko) Chrome/143.0.0.0 Safari/537.36"
}
========================================

{
  "timestamp": "2026-01-15 05:59:26",
  "method": "GET",
  "path": "/api/v1/notifications/unread",
  "headers": {
    "Accept": "application/json, text/plain, */*",
    "Authorization": "Bearer ...CRz4",
    "Content-Type": ""
  },
  "status_code": 200,
  "response_body": {
    "data": {
      "count": 0,
      "notifications": []
    },
    "message": "Unread notifications berhasil diambil",
    "success": true
  },
  "duration": "2.0794ms",
  "duration_ms": 2,
  "client_ip": "::1",
  "user_agent": "Mozilla/5.0 (Windows NT 10.0; Win64; x64) AppleWebKit/537.36 (KHTML, like Gecko) Chrome/143.0.0.0 Safari/537.36",
  "user_id": 2,
  "user_email": "codingin19@gmail.com"
}
========================================

{
  "timestamp": "2026-01-15 05:59:56",
  "method": "OPTIONS",
  "path": "/api/v1/notifications/unread",
  "headers": {
    "Accept": "*/*",
    "Authorization": "",
    "Content-Type": ""
  },
  "status_code": 204,
  "duration": "4.1028ms",
  "duration_ms": 4,
  "client_ip": "::1",
  "user_agent": "Mozilla/5.0 (Windows NT 10.0; Win64; x64) AppleWebKit/537.36 (KHTML, like Gecko) Chrome/143.0.0.0 Safari/537.36"
}
========================================

{
  "timestamp": "2026-01-15 05:59:56",
  "method": "GET",
  "path": "/api/v1/notifications/unread",
  "headers": {
    "Accept": "application/json, text/plain, */*",
    "Authorization": "Bearer ...CRz4",
    "Content-Type": ""
  },
  "status_code": 200,
  "response_body": {
    "data": {
      "count": 0,
      "notifications": []
    },
    "message": "Unread notifications berhasil diambil",
    "success": true
  },
  "duration": "1.5319ms",
  "duration_ms": 1,
  "client_ip": "::1",
  "user_agent": "Mozilla/5.0 (Windows NT 10.0; Win64; x64) AppleWebKit/537.36 (KHTML, like Gecko) Chrome/143.0.0.0 Safari/537.36",
  "user_id": 2,
  "user_email": "codingin19@gmail.com"
}
========================================

{
  "timestamp": "2026-01-15 06:00:57",
  "method": "OPTIONS",
  "path": "/api/v1/notifications/unread",
  "headers": {
    "Accept": "*/*",
    "Authorization": "",
    "Content-Type": ""
  },
  "status_code": 204,
  "duration": "607.8µs",
  "duration_ms": 0,
  "client_ip": "::1",
  "user_agent": "Mozilla/5.0 (Windows NT 10.0; Win64; x64) AppleWebKit/537.36 (KHTML, like Gecko) Chrome/143.0.0.0 Safari/537.36"
}
========================================

{
  "timestamp": "2026-01-15 06:00:57",
  "method": "GET",
  "path": "/api/v1/notifications/unread",
  "headers": {
    "Accept": "application/json, text/plain, */*",
    "Authorization": "Bearer ...CRz4",
    "Content-Type": ""
  },
  "status_code": 200,
  "response_body": {
    "data": {
      "count": 0,
      "notifications": []
    },
    "message": "Unread notifications berhasil diambil",
    "success": true
  },
  "duration": "2.5201ms",
  "duration_ms": 2,
  "client_ip": "::1",
  "user_agent": "Mozilla/5.0 (Windows NT 10.0; Win64; x64) AppleWebKit/537.36 (KHTML, like Gecko) Chrome/143.0.0.0 Safari/537.36",
  "user_id": 2,
  "user_email": "codingin19@gmail.com"
}
========================================

{
  "timestamp": "2026-01-15 06:01:50",
  "method": "OPTIONS",
  "path": "/api/v1/notifications/unread",
  "headers": {
    "Accept": "*/*",
    "Authorization": "",
    "Content-Type": ""
  },
  "status_code": 204,
  "duration": "500.2µs",
  "duration_ms": 0,
  "client_ip": "::1",
  "user_agent": "Mozilla/5.0 (Windows NT 10.0; Win64; x64) AppleWebKit/537.36 (KHTML, like Gecko) Chrome/143.0.0.0 Safari/537.36"
}
========================================

{
  "timestamp": "2026-01-15 06:01:50",
  "method": "GET",
  "path": "/api/v1/notifications/unread",
  "headers": {
    "Accept": "application/json, text/plain, */*",
    "Authorization": "Bearer ...CRz4",
    "Content-Type": ""
  },
  "status_code": 200,
  "response_body": {
    "data": {
      "count": 0,
      "notifications": []
    },
    "message": "Unread notifications berhasil diambil",
    "success": true
  },
  "duration": "2.6158ms",
  "duration_ms": 2,
  "client_ip": "::1",
  "user_agent": "Mozilla/5.0 (Windows NT 10.0; Win64; x64) AppleWebKit/537.36 (KHTML, like Gecko) Chrome/143.0.0.0 Safari/537.36",
  "user_id": 2,
  "user_email": "codingin19@gmail.com"
}
========================================

{
  "timestamp": "2026-01-15 06:01:56",
  "method": "OPTIONS",
  "path": "/api/v1/notifications/unread",
  "headers": {
    "Accept": "*/*",
    "Authorization": "",
    "Content-Type": ""
  },
  "status_code": 204,
  "duration": "0s",
  "duration_ms": 0,
  "client_ip": "::1",
  "user_agent": "Mozilla/5.0 (Windows NT 10.0; Win64; x64) AppleWebKit/537.36 (KHTML, like Gecko) Chrome/143.0.0.0 Safari/537.36"
}
========================================

{
  "timestamp": "2026-01-15 06:01:56",
  "method": "GET",
  "path": "/api/v1/notifications/unread",
  "headers": {
    "Accept": "application/json, text/plain, */*",
    "Authorization": "Bearer ...CRz4",
    "Content-Type": ""
  },
  "status_code": 200,
  "response_body": {
    "data": {
      "count": 0,
      "notifications": []
    },
    "message": "Unread notifications berhasil diambil",
    "success": true
  },
  "duration": "2.0054ms",
  "duration_ms": 2,
  "client_ip": "::1",
  "user_agent": "Mozilla/5.0 (Windows NT 10.0; Win64; x64) AppleWebKit/537.36 (KHTML, like Gecko) Chrome/143.0.0.0 Safari/537.36",
  "user_id": 2,
  "user_email": "codingin19@gmail.com"
}
========================================

{
  "timestamp": "2026-01-15 06:02:26",
  "method": "OPTIONS",
  "path": "/api/v1/notifications/unread",
  "headers": {
    "Accept": "*/*",
    "Authorization": "",
    "Content-Type": ""
  },
  "status_code": 204,
  "duration": "0s",
  "duration_ms": 0,
  "client_ip": "::1",
  "user_agent": "Mozilla/5.0 (Windows NT 10.0; Win64; x64) AppleWebKit/537.36 (KHTML, like Gecko) Chrome/143.0.0.0 Safari/537.36"
}
========================================

{
  "timestamp": "2026-01-15 06:02:26",
  "method": "GET",
  "path": "/api/v1/notifications/unread",
  "headers": {
    "Accept": "application/json, text/plain, */*",
    "Authorization": "Bearer ...CRz4",
    "Content-Type": ""
  },
  "status_code": 200,
  "response_body": {
    "data": {
      "count": 0,
      "notifications": []
    },
    "message": "Unread notifications berhasil diambil",
    "success": true
  },
  "duration": "2.6502ms",
  "duration_ms": 2,
  "client_ip": "::1",
  "user_agent": "Mozilla/5.0 (Windows NT 10.0; Win64; x64) AppleWebKit/537.36 (KHTML, like Gecko) Chrome/143.0.0.0 Safari/537.36",
  "user_id": 2,
  "user_email": "codingin19@gmail.com"
}
========================================

{
  "timestamp": "2026-01-15 06:02:56",
  "method": "OPTIONS",
  "path": "/api/v1/notifications/unread",
  "headers": {
    "Accept": "*/*",
    "Authorization": "",
    "Content-Type": ""
  },
  "status_code": 204,
  "duration": "0s",
  "duration_ms": 0,
  "client_ip": "::1",
  "user_agent": "Mozilla/5.0 (Windows NT 10.0; Win64; x64) AppleWebKit/537.36 (KHTML, like Gecko) Chrome/143.0.0.0 Safari/537.36"
}
========================================

{
  "timestamp": "2026-01-15 06:02:56",
  "method": "GET",
  "path": "/api/v1/notifications/unread",
  "headers": {
    "Accept": "application/json, text/plain, */*",
    "Authorization": "Bearer ...CRz4",
    "Content-Type": ""
  },
  "status_code": 200,
  "response_body": {
    "data": {
      "count": 0,
      "notifications": []
    },
    "message": "Unread notifications berhasil diambil",
    "success": true
  },
  "duration": "2.5467ms",
  "duration_ms": 2,
  "client_ip": "::1",
  "user_agent": "Mozilla/5.0 (Windows NT 10.0; Win64; x64) AppleWebKit/537.36 (KHTML, like Gecko) Chrome/143.0.0.0 Safari/537.36",
  "user_id": 2,
  "user_email": "codingin19@gmail.com"
}
========================================

{
  "timestamp": "2026-01-15 06:03:26",
  "method": "OPTIONS",
  "path": "/api/v1/notifications/unread",
  "headers": {
    "Accept": "*/*",
    "Authorization": "",
    "Content-Type": ""
  },
  "status_code": 204,
  "duration": "504.1µs",
  "duration_ms": 0,
  "client_ip": "::1",
  "user_agent": "Mozilla/5.0 (Windows NT 10.0; Win64; x64) AppleWebKit/537.36 (KHTML, like Gecko) Chrome/143.0.0.0 Safari/537.36"
}
========================================

{
  "timestamp": "2026-01-15 06:03:26",
  "method": "GET",
  "path": "/api/v1/notifications/unread",
  "headers": {
    "Accept": "application/json, text/plain, */*",
    "Authorization": "Bearer ...CRz4",
    "Content-Type": ""
  },
  "status_code": 200,
  "response_body": {
    "data": {
      "count": 0,
      "notifications": []
    },
    "message": "Unread notifications berhasil diambil",
    "success": true
  },
  "duration": "4.0073ms",
  "duration_ms": 4,
  "client_ip": "::1",
  "user_agent": "Mozilla/5.0 (Windows NT 10.0; Win64; x64) AppleWebKit/537.36 (KHTML, like Gecko) Chrome/143.0.0.0 Safari/537.36",
  "user_id": 2,
  "user_email": "codingin19@gmail.com"
}
========================================

{
  "timestamp": "2026-01-15 06:03:56",
  "method": "OPTIONS",
  "path": "/api/v1/notifications/unread",
  "headers": {
    "Accept": "*/*",
    "Authorization": "",
    "Content-Type": ""
  },
  "status_code": 204,
  "duration": "1.003ms",
  "duration_ms": 1,
  "client_ip": "::1",
  "user_agent": "Mozilla/5.0 (Windows NT 10.0; Win64; x64) AppleWebKit/537.36 (KHTML, like Gecko) Chrome/143.0.0.0 Safari/537.36"
}
========================================

{
  "timestamp": "2026-01-15 06:03:56",
  "method": "GET",
  "path": "/api/v1/notifications/unread",
  "headers": {
    "Accept": "application/json, text/plain, */*",
    "Authorization": "Bearer ...CRz4",
    "Content-Type": ""
  },
  "status_code": 200,
  "response_body": {
    "data": {
      "count": 0,
      "notifications": []
    },
    "message": "Unread notifications berhasil diambil",
    "success": true
  },
  "duration": "2.0172ms",
  "duration_ms": 2,
  "client_ip": "::1",
  "user_agent": "Mozilla/5.0 (Windows NT 10.0; Win64; x64) AppleWebKit/537.36 (KHTML, like Gecko) Chrome/143.0.0.0 Safari/537.36",
  "user_id": 2,
  "user_email": "codingin19@gmail.com"
}
========================================

{
  "timestamp": "2026-01-15 06:04:26",
  "method": "OPTIONS",
  "path": "/api/v1/notifications/unread",
  "headers": {
    "Accept": "*/*",
    "Authorization": "",
    "Content-Type": ""
  },
  "status_code": 204,
  "duration": "0s",
  "duration_ms": 0,
  "client_ip": "::1",
  "user_agent": "Mozilla/5.0 (Windows NT 10.0; Win64; x64) AppleWebKit/537.36 (KHTML, like Gecko) Chrome/143.0.0.0 Safari/537.36"
}
========================================

{
  "timestamp": "2026-01-15 06:04:26",
  "method": "GET",
  "path": "/api/v1/notifications/unread",
  "headers": {
    "Accept": "application/json, text/plain, */*",
    "Authorization": "Bearer ...CRz4",
    "Content-Type": ""
  },
  "status_code": 200,
  "response_body": {
    "data": {
      "count": 0,
      "notifications": []
    },
    "message": "Unread notifications berhasil diambil",
    "success": true
  },
  "duration": "2.0472ms",
  "duration_ms": 2,
  "client_ip": "::1",
  "user_agent": "Mozilla/5.0 (Windows NT 10.0; Win64; x64) AppleWebKit/537.36 (KHTML, like Gecko) Chrome/143.0.0.0 Safari/537.36",
  "user_id": 2,
  "user_email": "codingin19@gmail.com"
}
========================================

{
  "timestamp": "2026-01-15 06:04:56",
  "method": "OPTIONS",
  "path": "/api/v1/notifications/unread",
  "headers": {
    "Accept": "*/*",
    "Authorization": "",
    "Content-Type": ""
  },
  "status_code": 204,
  "duration": "4.5964ms",
  "duration_ms": 4,
  "client_ip": "::1",
  "user_agent": "Mozilla/5.0 (Windows NT 10.0; Win64; x64) AppleWebKit/537.36 (KHTML, like Gecko) Chrome/143.0.0.0 Safari/537.36"
}
========================================

{
  "timestamp": "2026-01-15 06:04:56",
  "method": "GET",
  "path": "/api/v1/notifications/unread",
  "headers": {
    "Accept": "application/json, text/plain, */*",
    "Authorization": "Bearer ...CRz4",
    "Content-Type": ""
  },
  "status_code": 200,
  "response_body": {
    "data": {
      "count": 0,
      "notifications": []
    },
    "message": "Unread notifications berhasil diambil",
    "success": true
  },
  "duration": "2.0005ms",
  "duration_ms": 2,
  "client_ip": "::1",
  "user_agent": "Mozilla/5.0 (Windows NT 10.0; Win64; x64) AppleWebKit/537.36 (KHTML, like Gecko) Chrome/143.0.0.0 Safari/537.36",
  "user_id": 2,
  "user_email": "codingin19@gmail.com"
}
========================================

{
  "timestamp": "2026-01-15 06:05:26",
  "method": "OPTIONS",
  "path": "/api/v1/notifications/unread",
  "headers": {
    "Accept": "*/*",
    "Authorization": "",
    "Content-Type": ""
  },
  "status_code": 204,
  "duration": "0s",
  "duration_ms": 0,
  "client_ip": "::1",
  "user_agent": "Mozilla/5.0 (Windows NT 10.0; Win64; x64) AppleWebKit/537.36 (KHTML, like Gecko) Chrome/143.0.0.0 Safari/537.36"
}
========================================

{
  "timestamp": "2026-01-15 06:05:26",
  "method": "GET",
  "path": "/api/v1/notifications/unread",
  "headers": {
    "Accept": "application/json, text/plain, */*",
    "Authorization": "Bearer ...CRz4",
    "Content-Type": ""
  },
  "status_code": 200,
  "response_body": {
    "data": {
      "count": 0,
      "notifications": []
    },
    "message": "Unread notifications berhasil diambil",
    "success": true
  },
  "duration": "3.0699ms",
  "duration_ms": 3,
  "client_ip": "::1",
  "user_agent": "Mozilla/5.0 (Windows NT 10.0; Win64; x64) AppleWebKit/537.36 (KHTML, like Gecko) Chrome/143.0.0.0 Safari/537.36",
  "user_id": 2,
  "user_email": "codingin19@gmail.com"
}
========================================

{
  "timestamp": "2026-01-15 06:05:56",
  "method": "OPTIONS",
  "path": "/api/v1/notifications/unread",
  "headers": {
    "Accept": "*/*",
    "Authorization": "",
    "Content-Type": ""
  },
  "status_code": 204,
  "duration": "0s",
  "duration_ms": 0,
  "client_ip": "::1",
  "user_agent": "Mozilla/5.0 (Windows NT 10.0; Win64; x64) AppleWebKit/537.36 (KHTML, like Gecko) Chrome/143.0.0.0 Safari/537.36"
}
========================================

{
  "timestamp": "2026-01-15 06:05:56",
  "method": "GET",
  "path": "/api/v1/notifications/unread",
  "headers": {
    "Accept": "application/json, text/plain, */*",
    "Authorization": "Bearer ...CRz4",
    "Content-Type": ""
  },
  "status_code": 200,
  "response_body": {
    "data": {
      "count": 0,
      "notifications": []
    },
    "message": "Unread notifications berhasil diambil",
    "success": true
  },
  "duration": "3.0097ms",
  "duration_ms": 3,
  "client_ip": "::1",
  "user_agent": "Mozilla/5.0 (Windows NT 10.0; Win64; x64) AppleWebKit/537.36 (KHTML, like Gecko) Chrome/143.0.0.0 Safari/537.36",
  "user_id": 2,
  "user_email": "codingin19@gmail.com"
}
========================================

{
  "timestamp": "2026-01-15 06:06:26",
  "method": "OPTIONS",
  "path": "/api/v1/notifications/unread",
  "headers": {
    "Accept": "*/*",
    "Authorization": "",
    "Content-Type": ""
  },
  "status_code": 204,
  "duration": "0s",
  "duration_ms": 0,
  "client_ip": "::1",
  "user_agent": "Mozilla/5.0 (Windows NT 10.0; Win64; x64) AppleWebKit/537.36 (KHTML, like Gecko) Chrome/143.0.0.0 Safari/537.36"
}
========================================

{
  "timestamp": "2026-01-15 06:06:26",
  "method": "GET",
  "path": "/api/v1/notifications/unread",
  "headers": {
    "Accept": "application/json, text/plain, */*",
    "Authorization": "Bearer ...CRz4",
    "Content-Type": ""
  },
  "status_code": 200,
  "response_body": {
    "data": {
      "count": 0,
      "notifications": []
    },
    "message": "Unread notifications berhasil diambil",
    "success": true
  },
  "duration": "2.0548ms",
  "duration_ms": 2,
  "client_ip": "::1",
  "user_agent": "Mozilla/5.0 (Windows NT 10.0; Win64; x64) AppleWebKit/537.36 (KHTML, like Gecko) Chrome/143.0.0.0 Safari/537.36",
  "user_id": 2,
  "user_email": "codingin19@gmail.com"
}
========================================

{
  "timestamp": "2026-01-15 06:06:56",
  "method": "OPTIONS",
  "path": "/api/v1/notifications/unread",
  "headers": {
    "Accept": "*/*",
    "Authorization": "",
    "Content-Type": ""
  },
  "status_code": 204,
  "duration": "0s",
  "duration_ms": 0,
  "client_ip": "::1",
  "user_agent": "Mozilla/5.0 (Windows NT 10.0; Win64; x64) AppleWebKit/537.36 (KHTML, like Gecko) Chrome/143.0.0.0 Safari/537.36"
}
========================================

{
  "timestamp": "2026-01-15 06:06:56",
  "method": "GET",
  "path": "/api/v1/notifications/unread",
  "headers": {
    "Accept": "application/json, text/plain, */*",
    "Authorization": "Bearer ...CRz4",
    "Content-Type": ""
  },
  "status_code": 200,
  "response_body": {
    "data": {
      "count": 0,
      "notifications": []
    },
    "message": "Unread notifications berhasil diambil",
    "success": true
  },
  "duration": "3.0068ms",
  "duration_ms": 3,
  "client_ip": "::1",
  "user_agent": "Mozilla/5.0 (Windows NT 10.0; Win64; x64) AppleWebKit/537.36 (KHTML, like Gecko) Chrome/143.0.0.0 Safari/537.36",
  "user_id": 2,
  "user_email": "codingin19@gmail.com"
}
========================================

{
  "timestamp": "2026-01-15 06:07:26",
  "method": "OPTIONS",
  "path": "/api/v1/notifications/unread",
  "headers": {
    "Accept": "*/*",
    "Authorization": "",
    "Content-Type": ""
  },
  "status_code": 204,
  "duration": "0s",
  "duration_ms": 0,
  "client_ip": "::1",
  "user_agent": "Mozilla/5.0 (Windows NT 10.0; Win64; x64) AppleWebKit/537.36 (KHTML, like Gecko) Chrome/143.0.0.0 Safari/537.36"
}
========================================

{
  "timestamp": "2026-01-15 06:07:26",
  "method": "GET",
  "path": "/api/v1/notifications/unread",
  "headers": {
    "Accept": "application/json, text/plain, */*",
    "Authorization": "Bearer ...CRz4",
    "Content-Type": ""
  },
  "status_code": 200,
  "response_body": {
    "data": {
      "count": 0,
      "notifications": []
    },
    "message": "Unread notifications berhasil diambil",
    "success": true
  },
  "duration": "2.0183ms",
  "duration_ms": 2,
  "client_ip": "::1",
  "user_agent": "Mozilla/5.0 (Windows NT 10.0; Win64; x64) AppleWebKit/537.36 (KHTML, like Gecko) Chrome/143.0.0.0 Safari/537.36",
  "user_id": 2,
  "user_email": "codingin19@gmail.com"
}
========================================

{
  "timestamp": "2026-01-15 06:07:41",
  "method": "OPTIONS",
  "path": "/api/v1/notifications/unread",
  "headers": {
    "Accept": "*/*",
    "Authorization": "",
    "Content-Type": ""
  },
  "status_code": 204,
  "duration": "0s",
  "duration_ms": 0,
  "client_ip": "::1",
  "user_agent": "Mozilla/5.0 (Windows NT 10.0; Win64; x64) AppleWebKit/537.36 (KHTML, like Gecko) Chrome/143.0.0.0 Safari/537.36"
}
========================================

{
  "timestamp": "2026-01-15 06:07:41",
  "method": "OPTIONS",
  "path": "/api/v1/cart",
  "headers": {
    "Accept": "*/*",
    "Authorization": "",
    "Content-Type": ""
  },
  "status_code": 204,
  "duration": "1.5016ms",
  "duration_ms": 1,
  "client_ip": "::1",
  "user_agent": "Mozilla/5.0 (Windows NT 10.0; Win64; x64) AppleWebKit/537.36 (KHTML, like Gecko) Chrome/143.0.0.0 Safari/537.36"
}
========================================

{
  "timestamp": "2026-01-15 06:07:41",
  "method": "GET",
  "path": "/api/v1/notifications/unread",
  "headers": {
    "Accept": "application/json, text/plain, */*",
    "Authorization": "Bearer ...CRz4",
    "Content-Type": ""
  },
  "status_code": 200,
  "response_body": {
    "data": {
      "count": 0,
      "notifications": []
    },
    "message": "Unread notifications berhasil diambil",
    "success": true
  },
  "duration": "2.5006ms",
  "duration_ms": 2,
  "client_ip": "::1",
  "user_agent": "Mozilla/5.0 (Windows NT 10.0; Win64; x64) AppleWebKit/537.36 (KHTML, like Gecko) Chrome/143.0.0.0 Safari/537.36",
  "user_id": 2,
  "user_email": "codingin19@gmail.com"
}
========================================

{
  "timestamp": "2026-01-15 06:07:41",
  "method": "GET",
  "path": "/api/v1/cart",
  "headers": {
    "Accept": "application/json, text/plain, */*",
    "Authorization": "Bearer ...CRz4",
    "Content-Type": ""
  },
  "status_code": 200,
  "response_body": {
    "data": {
      "items": [
        {
          "created_at": "2026-01-15T05:44:43.629514+07:00",
          "id": 7,
          "product": {
            "category": {
              "created_at": "2026-01-08T21:55:42.326209+07:00",
              "description": "Python, PHP, and JS utility scripts",
              "icon": "terminal",
              "id": 4,
              "is_active": true,
              "name": "Scripts",
              "order": 4,
              "slug": "scripts",
              "updated_at": "2026-01-08T21:55:42.326209+07:00"
            },
            "category_id": 4,
            "created_at": "2026-01-13T02:20:25.212431+07:00",
            "created_by": 1,
            "description": "Python script to automate likes, follows, and comments. Includes safety limits to prevent account bans.",
            "downloads_count": 0,
            "features": "[\"Auto Like\", \"Auto Follow\", \"Targeting by Hashtag\"]",
            "id": 5,
            "is_active": true,
            "preview_images": "[\"https://images.unsplash.com/photo-1611162617474-5b21e879e113?auto=format\u0026fit=crop\u0026q=80\u0026w=1000\"]",
            "price": 150000,
            "rating_average": 0,
            "requirements": "[]",
            "slug": "instagram-automation-bot",
            "tech_stack": "[\"Python\", \"Selenium\"]",
            "title": "Instagram Automation Bot",
            "type": "scripts",
            "updated_at": "2026-01-13T02:20:25.212431+07:00",
            "views_count": 0
          },
          "product_id": 5,
          "quantity": 1,
          "updated_at": "2026-01-15T05:44:43.629514+07:00",
          "user_id": 2
        }
      ],
      "total": 150000
    },
    "message": "Cart retrieved successfully",
    "success": true
  },
  "duration": "2.0019ms",
  "duration_ms": 2,
  "client_ip": "::1",
  "user_agent": "Mozilla/5.0 (Windows NT 10.0; Win64; x64) AppleWebKit/537.36 (KHTML, like Gecko) Chrome/143.0.0.0 Safari/537.36",
  "user_id": 2,
  "user_email": "codingin19@gmail.com"
}
========================================

{
  "timestamp": "2026-01-15 06:07:41",
  "method": "OPTIONS",
  "path": "/api/v1/wishlist",
  "headers": {
    "Accept": "*/*",
    "Authorization": "",
    "Content-Type": ""
  },
  "status_code": 204,
  "duration": "0s",
  "duration_ms": 0,
  "client_ip": "::1",
  "user_agent": "Mozilla/5.0 (Windows NT 10.0; Win64; x64) AppleWebKit/537.36 (KHTML, like Gecko) Chrome/143.0.0.0 Safari/537.36"
}
========================================

{
  "timestamp": "2026-01-15 06:07:41",
  "method": "GET",
  "path": "/api/v1/wishlist",
  "headers": {
    "Accept": "application/json, text/plain, */*",
    "Authorization": "Bearer ...CRz4",
    "Content-Type": ""
  },
  "status_code": 200,
  "response_body": {
    "data": [
      {
        "created_at": "2026-01-15T05:49:20.288287+07:00",
        "id": 10,
        "product": {
          "category": {
            "created_at": "2026-01-08T21:55:42.326209+07:00",
            "description": "Python, PHP, and JS utility scripts",
            "icon": "terminal",
            "id": 4,
            "is_active": true,
            "name": "Scripts",
            "order": 4,
            "slug": "scripts",
            "updated_at": "2026-01-08T21:55:42.326209+07:00"
          },
          "category_id": 4,
          "created_at": "2026-01-13T02:20:25.212431+07:00",
          "created_by": 1,
          "description": "Python script to automate likes, follows, and comments. Includes safety limits to prevent account bans.",
          "downloads_count": 0,
          "features": "[\"Auto Like\", \"Auto Follow\", \"Targeting by Hashtag\"]",
          "id": 5,
          "is_active": true,
          "preview_images": "[\"https://images.unsplash.com/photo-1611162617474-5b21e879e113?auto=format\u0026fit=crop\u0026q=80\u0026w=1000\"]",
          "price": 150000,
          "rating_average": 0,
          "requirements": "[]",
          "slug": "instagram-automation-bot",
          "tech_stack": "[\"Python\", \"Selenium\"]",
          "title": "Instagram Automation Bot",
          "type": "scripts",
          "updated_at": "2026-01-13T02:20:25.212431+07:00",
          "views_count": 0
        },
        "product_id": 5,
        "user_id": 2
      }
    ],
    "message": "Wishlist retrieved successfully",
    "success": true
  },
  "duration": "2.505ms",
  "duration_ms": 2,
  "client_ip": "::1",
  "user_agent": "Mozilla/5.0 (Windows NT 10.0; Win64; x64) AppleWebKit/537.36 (KHTML, like Gecko) Chrome/143.0.0.0 Safari/537.36",
  "user_id": 2,
  "user_email": "codingin19@gmail.com"
}
========================================

{
  "timestamp": "2026-01-15 06:07:45",
  "method": "GET",
  "path": "/api/v1/cart",
  "headers": {
    "Accept": "application/json, text/plain, */*",
    "Authorization": "Bearer ...CRz4",
    "Content-Type": ""
  },
  "status_code": 200,
  "response_body": {
    "data": {
      "items": [
        {
          "created_at": "2026-01-15T05:44:43.629514+07:00",
          "id": 7,
          "product": {
            "category": {
              "created_at": "2026-01-08T21:55:42.326209+07:00",
              "description": "Python, PHP, and JS utility scripts",
              "icon": "terminal",
              "id": 4,
              "is_active": true,
              "name": "Scripts",
              "order": 4,
              "slug": "scripts",
              "updated_at": "2026-01-08T21:55:42.326209+07:00"
            },
            "category_id": 4,
            "created_at": "2026-01-13T02:20:25.212431+07:00",
            "created_by": 1,
            "description": "Python script to automate likes, follows, and comments. Includes safety limits to prevent account bans.",
            "downloads_count": 0,
            "features": "[\"Auto Like\", \"Auto Follow\", \"Targeting by Hashtag\"]",
            "id": 5,
            "is_active": true,
            "preview_images": "[\"https://images.unsplash.com/photo-1611162617474-5b21e879e113?auto=format\u0026fit=crop\u0026q=80\u0026w=1000\"]",
            "price": 150000,
            "rating_average": 0,
            "requirements": "[]",
            "slug": "instagram-automation-bot",
            "tech_stack": "[\"Python\", \"Selenium\"]",
            "title": "Instagram Automation Bot",
            "type": "scripts",
            "updated_at": "2026-01-13T02:20:25.212431+07:00",
            "views_count": 0
          },
          "product_id": 5,
          "quantity": 1,
          "updated_at": "2026-01-15T05:44:43.629514+07:00",
          "user_id": 2
        }
      ],
      "total": 150000
    },
    "message": "Cart retrieved successfully",
    "success": true
  },
  "duration": "3.0127ms",
  "duration_ms": 3,
  "client_ip": "::1",
  "user_agent": "Mozilla/5.0 (Windows NT 10.0; Win64; x64) AppleWebKit/537.36 (KHTML, like Gecko) Chrome/143.0.0.0 Safari/537.36",
  "user_id": 2,
  "user_email": "codingin19@gmail.com"
}
========================================

{
  "timestamp": "2026-01-15 06:07:46",
  "method": "OPTIONS",
  "path": "/api/v1/products",
  "query": {
    "limit": "6"
  },
  "headers": {
    "Accept": "*/*",
    "Authorization": "",
    "Content-Type": ""
  },
  "status_code": 204,
  "duration": "0s",
  "duration_ms": 0,
  "client_ip": "::1",
  "user_agent": "Mozilla/5.0 (Windows NT 10.0; Win64; x64) AppleWebKit/537.36 (KHTML, like Gecko) Chrome/143.0.0.0 Safari/537.36"
}
========================================

{
  "timestamp": "2026-01-15 06:07:46",
  "method": "GET",
  "path": "/api/v1/products",
  "query": {
    "limit": "6"
  },
  "headers": {
    "Accept": "application/json, text/plain, */*",
    "Authorization": "Bearer ...CRz4",
    "Content-Type": ""
  },
  "status_code": 200,
  "response_body": {
    "data": {
      "limit": 6,
      "page": 1,
      "products": [
        {
          "category": {
            "created_at": "2026-01-08T21:55:42.326209+07:00",
            "description": "Python, PHP, and JS utility scripts",
            "icon": "terminal",
            "id": 4,
            "is_active": true,
            "name": "Scripts",
            "order": 4,
            "slug": "scripts",
            "updated_at": "2026-01-08T21:55:42.326209+07:00"
          },
          "category_id": 4,
          "created_at": "2026-01-13T02:20:25.212431+07:00",
          "created_by": 1,
          "description": "Python script to automate likes, follows, and comments. Includes safety limits to prevent account bans.",
          "downloads_count": 0,
          "features": "[\"Auto Like\", \"Auto Follow\", \"Targeting by Hashtag\"]",
          "id": 5,
          "is_active": true,
          "preview_images": "[\"https://images.unsplash.com/photo-1611162617474-5b21e879e113?auto=format\u0026fit=crop\u0026q=80\u0026w=1000\"]",
          "price": 150000,
          "rating_average": 0,
          "requirements": "[]",
          "slug": "instagram-automation-bot",
          "tech_stack": "[\"Python\", \"Selenium\"]",
          "title": "Instagram Automation Bot",
          "type": "scripts",
          "updated_at": "2026-01-13T02:20:25.212431+07:00",
          "views_count": 0
        },
        {
          "category": {
            "created_at": "2026-01-08T21:55:42.322557+07:00",
            "description": "UI kits and website templates",
            "icon": "layout",
            "id": 2,
            "is_active": true,
            "name": "Templates",
            "order": 2,
            "slug": "templates",
            "updated_at": "2026-01-08T21:55:42.322557+07:00"
          },
          "category_id": 2,
          "created_at": "2026-01-13T02:20:25.211149+07:00",
          "created_by": 1,
          "description": "Clean, responsive, and customizable admin dashboard template built with Vue 3 and Tailwind CSS.",
          "downloads_count": 0,
          "features": "[\"Dark Mode Support\", \"Responsive Layout\", \"Chart.js Integration\", \"Form Components\"]",
          "id": 4,
          "is_active": true,
          "preview_images": "[\"https://images.unsplash.com/photo-1551288049-bebda4e38f71?auto=format\u0026fit=crop\u0026q=80\u0026w=1000\"]",
          "price": 250000,
          "rating_average": 0,
          "requirements": "[]",
          "slug": "modern-admin-dashboard",
          "tech_stack": "[\"Vue 3\", \"Tailwind CSS\", \"Vite\"]",
          "title": "Modern Admin Dashboard UI",
          "type": "template",
          "updated_at": "2026-01-13T02:20:25.211149+07:00",
          "views_count": 0
        },
        {
          "category": {
            "created_at": "2026-01-08T21:55:42.325061+07:00",
            "description": "Flutter, React Native, and native apps",
            "icon": "smartphone",
            "id": 3,
            "is_active": true,
            "name": "Mobile Apps",
            "order": 3,
            "slug": "mobile-apps",
            "updated_at": "2026-01-08T21:55:42.325061+07:00"
          },
          "category_id": 3,
          "created_at": "2026-01-13T02:20:25.210572+07:00",
          "created_by": 1,
          "description": "Uber Eats clone made with Flutter. Beautiful animations, real-time tracking, and vendor dashboard included. Works on both iOS and Android.",
          "downloads_count": 0,
          "features": "[\"Real-time Tracking\", \"Push Notifications\", \"Vendor App\", \"Dark Mode\"]",
          "id": 3,
          "is_active": true,
          "preview_images": "[\"https://images.unsplash.com/photo-1512941937669-90a1b58e7e9c?auto=format\u0026fit=crop\u0026q=80\u0026w=1000\"]",
          "price": 500000,
          "rating_average": 0,
          "requirements": "[]",
          "slug": "flutter-delivery-app",
          "tech_stack": "[\"Flutter\", \"Firebase\", \"Google Maps API\"]",
          "title": "Flutter Delivery App",
          "type": "mobile_apps",
          "updated_at": "2026-01-13T02:20:25.210572+07:00",
          "views_count": 0
        },
        {
          "category": {
            "created_at": "2026-01-08T21:55:42.314623+07:00",
            "description": "Full application source codes",
            "icon": "code",
            "id": 1,
            "is_active": true,
            "name": "Source Code",
            "order": 1,
            "slug": "source-code",
            "updated_at": "2026-01-08T21:55:42.314623+07:00"
          },
          "category_id": 1,
          "created_at": "2026-01-13T02:20:25.20936+07:00",
          "created_by": 1,
          "description": "Launch your SaaS in days with this comprehensive Next.js boilerplate. Includes Stripe integration, Authentication, Database setup with Prisma, and tailwind UI components.",
          "downloads_count": 0,
          "features": "[\"Authentication\", \"Subscription Payments\", \"Admin Dashboard\", \"SEO Optimized\"]",
          "id": 2,
          "is_active": true,
          "preview_images": "[\"https://images.unsplash.com/photo-1618477247222-ac591245363d?auto=format\u0026fit=crop\u0026q=80\u0026w=1000\"]",
          "price": 750000,
          "rating_average": 0,
          "requirements": "[]",
          "slug": "nextjs-saas-boilerplate",
          "tech_stack": "[\"Next.js\", \"TypeScript\", \"Tailwind CSS\", \"Prisma\", \"Stripe\"]",
          "title": "NextJS SaaS Boilerplate",
          "type": "source_code",
          "updated_at": "2026-01-13T02:20:25.20936+07:00",
          "views_count": 0
        },
        {
          "category": {
            "created_at": "2026-01-08T21:55:42.314623+07:00",
            "description": "Full application source codes",
            "icon": "code",
            "id": 1,
            "is_active": true,
            "name": "Source Code",
            "order": 1,
            "slug": "source-code",
            "updated_at": "2026-01-08T21:55:42.314623+07:00"
          },
          "category_id": 1,
          "created_at": "2026-01-13T02:20:25.197105+07:00",
          "created_by": 1,
          "description": "A complete microservices-based e-commerce backend written in Go (Golang). Includes services for products, orders, users, and payments. Features gRPC communication, Kafka event bus, and Docker compose setup.",
          "downloads_count": 0,
          "features": "[\"Microservices Architecture\", \"gRPC Communication\", \"Event-Driven\", \"Scalable\"]",
          "id": 1,
          "is_active": true,
          "preview_images": "[\"https://images.unsplash.com/photo-1555949963-aa79dcee981c?auto=format\u0026fit=crop\u0026q=80\u0026w=1000\", \"https://images.unsplash.com/photo-1555066931-4365d14bab8c?auto=format\u0026fit=crop\u0026q=80\u0026w=1000\"]",
          "price": 1500000,
          "rating_average": 0,
          "requirements": "[]",
          "slug": "ecommerce-microservices-go",
          "tech_stack": "[\"Golang\", \"gRPC\", \"Kafka\", \"PostgreSQL\", \"Docker\"]",
          "title": "E-Commerce Microservices Go",
          "type": "source_code",
          "updated_at": "2026-01-13T02:20:25.197105+07:00",
          "views_count": 0
        }
      ],
      "total": 5
    },
    "message": "Products retrieved successfully",
    "success": true
  },
  "duration": "3.0057ms",
  "duration_ms": 3,
  "client_ip": "::1",
  "user_agent": "Mozilla/5.0 (Windows NT 10.0; Win64; x64) AppleWebKit/537.36 (KHTML, like Gecko) Chrome/143.0.0.0 Safari/537.36"
}
========================================

{
  "timestamp": "2026-01-15 06:08:11",
  "method": "OPTIONS",
  "path": "/api/v1/notifications/unread",
  "headers": {
    "Accept": "*/*",
    "Authorization": "",
    "Content-Type": ""
  },
  "status_code": 204,
  "duration": "571.8µs",
  "duration_ms": 0,
  "client_ip": "::1",
  "user_agent": "Mozilla/5.0 (Windows NT 10.0; Win64; x64) AppleWebKit/537.36 (KHTML, like Gecko) Chrome/143.0.0.0 Safari/537.36"
}
========================================

{
  "timestamp": "2026-01-15 06:08:11",
  "method": "GET",
  "path": "/api/v1/notifications/unread",
  "headers": {
    "Accept": "application/json, text/plain, */*",
    "Authorization": "Bearer ...CRz4",
    "Content-Type": ""
  },
  "status_code": 200,
  "response_body": {
    "data": {
      "count": 0,
      "notifications": []
    },
    "message": "Unread notifications berhasil diambil",
    "success": true
  },
  "duration": "2.5244ms",
  "duration_ms": 2,
  "client_ip": "::1",
  "user_agent": "Mozilla/5.0 (Windows NT 10.0; Win64; x64) AppleWebKit/537.36 (KHTML, like Gecko) Chrome/143.0.0.0 Safari/537.36",
  "user_id": 2,
  "user_email": "codingin19@gmail.com"
}
========================================

{
  "timestamp": "2026-01-15 06:08:17",
  "method": "OPTIONS",
  "path": "/api/v1/notifications/unread",
  "headers": {
    "Accept": "*/*",
    "Authorization": "",
    "Content-Type": ""
  },
  "status_code": 204,
  "duration": "0s",
  "duration_ms": 0,
  "client_ip": "::1",
  "user_agent": "Mozilla/5.0 (Windows NT 10.0; Win64; x64) AppleWebKit/537.36 (KHTML, like Gecko) Chrome/143.0.0.0 Safari/537.36"
}
========================================

{
  "timestamp": "2026-01-15 06:08:17",
  "method": "OPTIONS",
  "path": "/api/v1/cart",
  "headers": {
    "Accept": "*/*",
    "Authorization": "",
    "Content-Type": ""
  },
  "status_code": 204,
  "duration": "0s",
  "duration_ms": 0,
  "client_ip": "::1",
  "user_agent": "Mozilla/5.0 (Windows NT 10.0; Win64; x64) AppleWebKit/537.36 (KHTML, like Gecko) Chrome/143.0.0.0 Safari/537.36"
}
========================================

{
  "timestamp": "2026-01-15 06:08:17",
  "method": "GET",
  "path": "/api/v1/notifications/unread",
  "headers": {
    "Accept": "application/json, text/plain, */*",
    "Authorization": "Bearer ...CRz4",
    "Content-Type": ""
  },
  "status_code": 200,
  "response_body": {
    "data": {
      "count": 0,
      "notifications": []
    },
    "message": "Unread notifications berhasil diambil",
    "success": true
  },
  "duration": "2.0173ms",
  "duration_ms": 2,
  "client_ip": "::1",
  "user_agent": "Mozilla/5.0 (Windows NT 10.0; Win64; x64) AppleWebKit/537.36 (KHTML, like Gecko) Chrome/143.0.0.0 Safari/537.36",
  "user_id": 2,
  "user_email": "codingin19@gmail.com"
}
========================================

{
  "timestamp": "2026-01-15 06:08:17",
  "method": "GET",
  "path": "/api/v1/cart",
  "headers": {
    "Accept": "application/json, text/plain, */*",
    "Authorization": "Bearer ...CRz4",
    "Content-Type": ""
  },
  "status_code": 200,
  "response_body": {
    "data": {
      "items": [
        {
          "created_at": "2026-01-15T05:44:43.629514+07:00",
          "id": 7,
          "product": {
            "category": {
              "created_at": "2026-01-08T21:55:42.326209+07:00",
              "description": "Python, PHP, and JS utility scripts",
              "icon": "terminal",
              "id": 4,
              "is_active": true,
              "name": "Scripts",
              "order": 4,
              "slug": "scripts",
              "updated_at": "2026-01-08T21:55:42.326209+07:00"
            },
            "category_id": 4,
            "created_at": "2026-01-13T02:20:25.212431+07:00",
            "created_by": 1,
            "description": "Python script to automate likes, follows, and comments. Includes safety limits to prevent account bans.",
            "downloads_count": 0,
            "features": "[\"Auto Like\", \"Auto Follow\", \"Targeting by Hashtag\"]",
            "id": 5,
            "is_active": true,
            "preview_images": "[\"https://images.unsplash.com/photo-1611162617474-5b21e879e113?auto=format\u0026fit=crop\u0026q=80\u0026w=1000\"]",
            "price": 150000,
            "rating_average": 0,
            "requirements": "[]",
            "slug": "instagram-automation-bot",
            "tech_stack": "[\"Python\", \"Selenium\"]",
            "title": "Instagram Automation Bot",
            "type": "scripts",
            "updated_at": "2026-01-13T02:20:25.212431+07:00",
            "views_count": 0
          },
          "product_id": 5,
          "quantity": 1,
          "updated_at": "2026-01-15T05:44:43.629514+07:00",
          "user_id": 2
        }
      ],
      "total": 150000
    },
    "message": "Cart retrieved successfully",
    "success": true
  },
  "duration": "21.7079ms",
  "duration_ms": 21,
  "client_ip": "::1",
  "user_agent": "Mozilla/5.0 (Windows NT 10.0; Win64; x64) AppleWebKit/537.36 (KHTML, like Gecko) Chrome/143.0.0.0 Safari/537.36",
  "user_id": 2,
  "user_email": "codingin19@gmail.com"
}
========================================

{
  "timestamp": "2026-01-15 06:08:17",
  "method": "OPTIONS",
  "path": "/api/v1/wishlist",
  "headers": {
    "Accept": "*/*",
    "Authorization": "",
    "Content-Type": ""
  },
  "status_code": 204,
  "duration": "0s",
  "duration_ms": 0,
  "client_ip": "::1",
  "user_agent": "Mozilla/5.0 (Windows NT 10.0; Win64; x64) AppleWebKit/537.36 (KHTML, like Gecko) Chrome/143.0.0.0 Safari/537.36"
}
========================================

{
  "timestamp": "2026-01-15 06:08:17",
  "method": "GET",
  "path": "/api/v1/wishlist",
  "headers": {
    "Accept": "application/json, text/plain, */*",
    "Authorization": "Bearer ...CRz4",
    "Content-Type": ""
  },
  "status_code": 200,
  "response_body": {
    "data": [
      {
        "created_at": "2026-01-15T05:49:20.288287+07:00",
        "id": 10,
        "product": {
          "category": {
            "created_at": "2026-01-08T21:55:42.326209+07:00",
            "description": "Python, PHP, and JS utility scripts",
            "icon": "terminal",
            "id": 4,
            "is_active": true,
            "name": "Scripts",
            "order": 4,
            "slug": "scripts",
            "updated_at": "2026-01-08T21:55:42.326209+07:00"
          },
          "category_id": 4,
          "created_at": "2026-01-13T02:20:25.212431+07:00",
          "created_by": 1,
          "description": "Python script to automate likes, follows, and comments. Includes safety limits to prevent account bans.",
          "downloads_count": 0,
          "features": "[\"Auto Like\", \"Auto Follow\", \"Targeting by Hashtag\"]",
          "id": 5,
          "is_active": true,
          "preview_images": "[\"https://images.unsplash.com/photo-1611162617474-5b21e879e113?auto=format\u0026fit=crop\u0026q=80\u0026w=1000\"]",
          "price": 150000,
          "rating_average": 0,
          "requirements": "[]",
          "slug": "instagram-automation-bot",
          "tech_stack": "[\"Python\", \"Selenium\"]",
          "title": "Instagram Automation Bot",
          "type": "scripts",
          "updated_at": "2026-01-13T02:20:25.212431+07:00",
          "views_count": 0
        },
        "product_id": 5,
        "user_id": 2
      }
    ],
    "message": "Wishlist retrieved successfully",
    "success": true
  },
  "duration": "2.0038ms",
  "duration_ms": 2,
  "client_ip": "::1",
  "user_agent": "Mozilla/5.0 (Windows NT 10.0; Win64; x64) AppleWebKit/537.36 (KHTML, like Gecko) Chrome/143.0.0.0 Safari/537.36",
  "user_id": 2,
  "user_email": "codingin19@gmail.com"
}
========================================

{
  "timestamp": "2026-01-15 06:08:17",
  "method": "OPTIONS",
  "path": "/api/v1/products",
  "query": {
    "limit": "6"
  },
  "headers": {
    "Accept": "*/*",
    "Authorization": "",
    "Content-Type": ""
  },
  "status_code": 204,
  "duration": "499.9µs",
  "duration_ms": 0,
  "client_ip": "::1",
  "user_agent": "Mozilla/5.0 (Windows NT 10.0; Win64; x64) AppleWebKit/537.36 (KHTML, like Gecko) Chrome/143.0.0.0 Safari/537.36"
}
========================================

{
  "timestamp": "2026-01-15 06:08:17",
  "method": "GET",
  "path": "/api/v1/products",
  "query": {
    "limit": "6"
  },
  "headers": {
    "Accept": "application/json, text/plain, */*",
    "Authorization": "Bearer ...CRz4",
    "Content-Type": ""
  },
  "status_code": 200,
  "response_body": {
    "data": {
      "limit": 6,
      "page": 1,
      "products": [
        {
          "category": {
            "created_at": "2026-01-08T21:55:42.326209+07:00",
            "description": "Python, PHP, and JS utility scripts",
            "icon": "terminal",
            "id": 4,
            "is_active": true,
            "name": "Scripts",
            "order": 4,
            "slug": "scripts",
            "updated_at": "2026-01-08T21:55:42.326209+07:00"
          },
          "category_id": 4,
          "created_at": "2026-01-13T02:20:25.212431+07:00",
          "created_by": 1,
          "description": "Python script to automate likes, follows, and comments. Includes safety limits to prevent account bans.",
          "downloads_count": 0,
          "features": "[\"Auto Like\", \"Auto Follow\", \"Targeting by Hashtag\"]",
          "id": 5,
          "is_active": true,
          "preview_images": "[\"https://images.unsplash.com/photo-1611162617474-5b21e879e113?auto=format\u0026fit=crop\u0026q=80\u0026w=1000\"]",
          "price": 150000,
          "rating_average": 0,
          "requirements": "[]",
          "slug": "instagram-automation-bot",
          "tech_stack": "[\"Python\", \"Selenium\"]",
          "title": "Instagram Automation Bot",
          "type": "scripts",
          "updated_at": "2026-01-13T02:20:25.212431+07:00",
          "views_count": 0
        },
        {
          "category": {
            "created_at": "2026-01-08T21:55:42.322557+07:00",
            "description": "UI kits and website templates",
            "icon": "layout",
            "id": 2,
            "is_active": true,
            "name": "Templates",
            "order": 2,
            "slug": "templates",
            "updated_at": "2026-01-08T21:55:42.322557+07:00"
          },
          "category_id": 2,
          "created_at": "2026-01-13T02:20:25.211149+07:00",
          "created_by": 1,
          "description": "Clean, responsive, and customizable admin dashboard template built with Vue 3 and Tailwind CSS.",
          "downloads_count": 0,
          "features": "[\"Dark Mode Support\", \"Responsive Layout\", \"Chart.js Integration\", \"Form Components\"]",
          "id": 4,
          "is_active": true,
          "preview_images": "[\"https://images.unsplash.com/photo-1551288049-bebda4e38f71?auto=format\u0026fit=crop\u0026q=80\u0026w=1000\"]",
          "price": 250000,
          "rating_average": 0,
          "requirements": "[]",
          "slug": "modern-admin-dashboard",
          "tech_stack": "[\"Vue 3\", \"Tailwind CSS\", \"Vite\"]",
          "title": "Modern Admin Dashboard UI",
          "type": "template",
          "updated_at": "2026-01-13T02:20:25.211149+07:00",
          "views_count": 0
        },
        {
          "category": {
            "created_at": "2026-01-08T21:55:42.325061+07:00",
            "description": "Flutter, React Native, and native apps",
            "icon": "smartphone",
            "id": 3,
            "is_active": true,
            "name": "Mobile Apps",
            "order": 3,
            "slug": "mobile-apps",
            "updated_at": "2026-01-08T21:55:42.325061+07:00"
          },
          "category_id": 3,
          "created_at": "2026-01-13T02:20:25.210572+07:00",
          "created_by": 1,
          "description": "Uber Eats clone made with Flutter. Beautiful animations, real-time tracking, and vendor dashboard included. Works on both iOS and Android.",
          "downloads_count": 0,
          "features": "[\"Real-time Tracking\", \"Push Notifications\", \"Vendor App\", \"Dark Mode\"]",
          "id": 3,
          "is_active": true,
          "preview_images": "[\"https://images.unsplash.com/photo-1512941937669-90a1b58e7e9c?auto=format\u0026fit=crop\u0026q=80\u0026w=1000\"]",
          "price": 500000,
          "rating_average": 0,
          "requirements": "[]",
          "slug": "flutter-delivery-app",
          "tech_stack": "[\"Flutter\", \"Firebase\", \"Google Maps API\"]",
          "title": "Flutter Delivery App",
          "type": "mobile_apps",
          "updated_at": "2026-01-13T02:20:25.210572+07:00",
          "views_count": 0
        },
        {
          "category": {
            "created_at": "2026-01-08T21:55:42.314623+07:00",
            "description": "Full application source codes",
            "icon": "code",
            "id": 1,
            "is_active": true,
            "name": "Source Code",
            "order": 1,
            "slug": "source-code",
            "updated_at": "2026-01-08T21:55:42.314623+07:00"
          },
          "category_id": 1,
          "created_at": "2026-01-13T02:20:25.20936+07:00",
          "created_by": 1,
          "description": "Launch your SaaS in days with this comprehensive Next.js boilerplate. Includes Stripe integration, Authentication, Database setup with Prisma, and tailwind UI components.",
          "downloads_count": 0,
          "features": "[\"Authentication\", \"Subscription Payments\", \"Admin Dashboard\", \"SEO Optimized\"]",
          "id": 2,
          "is_active": true,
          "preview_images": "[\"https://images.unsplash.com/photo-1618477247222-ac591245363d?auto=format\u0026fit=crop\u0026q=80\u0026w=1000\"]",
          "price": 750000,
          "rating_average": 0,
          "requirements": "[]",
          "slug": "nextjs-saas-boilerplate",
          "tech_stack": "[\"Next.js\", \"TypeScript\", \"Tailwind CSS\", \"Prisma\", \"Stripe\"]",
          "title": "NextJS SaaS Boilerplate",
          "type": "source_code",
          "updated_at": "2026-01-13T02:20:25.20936+07:00",
          "views_count": 0
        },
        {
          "category": {
            "created_at": "2026-01-08T21:55:42.314623+07:00",
            "description": "Full application source codes",
            "icon": "code",
            "id": 1,
            "is_active": true,
            "name": "Source Code",
            "order": 1,
            "slug": "source-code",
            "updated_at": "2026-01-08T21:55:42.314623+07:00"
          },
          "category_id": 1,
          "created_at": "2026-01-13T02:20:25.197105+07:00",
          "created_by": 1,
          "description": "A complete microservices-based e-commerce backend written in Go (Golang). Includes services for products, orders, users, and payments. Features gRPC communication, Kafka event bus, and Docker compose setup.",
          "downloads_count": 0,
          "features": "[\"Microservices Architecture\", \"gRPC Communication\", \"Event-Driven\", \"Scalable\"]",
          "id": 1,
          "is_active": true,
          "preview_images": "[\"https://images.unsplash.com/photo-1555949963-aa79dcee981c?auto=format\u0026fit=crop\u0026q=80\u0026w=1000\", \"https://images.unsplash.com/photo-1555066931-4365d14bab8c?auto=format\u0026fit=crop\u0026q=80\u0026w=1000\"]",
          "price": 1500000,
          "rating_average": 0,
          "requirements": "[]",
          "slug": "ecommerce-microservices-go",
          "tech_stack": "[\"Golang\", \"gRPC\", \"Kafka\", \"PostgreSQL\", \"Docker\"]",
          "title": "E-Commerce Microservices Go",
          "type": "source_code",
          "updated_at": "2026-01-13T02:20:25.197105+07:00",
          "views_count": 0
        }
      ],
      "total": 5
    },
    "message": "Products retrieved successfully",
    "success": true
  },
  "duration": "8.1063ms",
  "duration_ms": 8,
  "client_ip": "::1",
  "user_agent": "Mozilla/5.0 (Windows NT 10.0; Win64; x64) AppleWebKit/537.36 (KHTML, like Gecko) Chrome/143.0.0.0 Safari/537.36"
}
========================================

{
  "timestamp": "2026-01-15 06:08:47",
  "method": "OPTIONS",
  "path": "/api/v1/notifications/unread",
  "headers": {
    "Accept": "*/*",
    "Authorization": "",
    "Content-Type": ""
  },
  "status_code": 204,
  "duration": "0s",
  "duration_ms": 0,
  "client_ip": "::1",
  "user_agent": "Mozilla/5.0 (Windows NT 10.0; Win64; x64) AppleWebKit/537.36 (KHTML, like Gecko) Chrome/143.0.0.0 Safari/537.36"
}
========================================

{
  "timestamp": "2026-01-15 06:08:47",
  "method": "GET",
  "path": "/api/v1/notifications/unread",
  "headers": {
    "Accept": "application/json, text/plain, */*",
    "Authorization": "Bearer ...CRz4",
    "Content-Type": ""
  },
  "status_code": 200,
  "response_body": {
    "data": {
      "count": 0,
      "notifications": []
    },
    "message": "Unread notifications berhasil diambil",
    "success": true
  },
  "duration": "2.5303ms",
  "duration_ms": 2,
  "client_ip": "::1",
  "user_agent": "Mozilla/5.0 (Windows NT 10.0; Win64; x64) AppleWebKit/537.36 (KHTML, like Gecko) Chrome/143.0.0.0 Safari/537.36",
  "user_id": 2,
  "user_email": "codingin19@gmail.com"
}
========================================

{
  "timestamp": "2026-01-15 06:09:17",
  "method": "OPTIONS",
  "path": "/api/v1/notifications/unread",
  "headers": {
    "Accept": "*/*",
    "Authorization": "",
    "Content-Type": ""
  },
  "status_code": 204,
  "duration": "500.2µs",
  "duration_ms": 0,
  "client_ip": "::1",
  "user_agent": "Mozilla/5.0 (Windows NT 10.0; Win64; x64) AppleWebKit/537.36 (KHTML, like Gecko) Chrome/143.0.0.0 Safari/537.36"
}
========================================

{
  "timestamp": "2026-01-15 06:09:17",
  "method": "GET",
  "path": "/api/v1/notifications/unread",
  "headers": {
    "Accept": "application/json, text/plain, */*",
    "Authorization": "Bearer ...CRz4",
    "Content-Type": ""
  },
  "status_code": 200,
  "response_body": {
    "data": {
      "count": 0,
      "notifications": []
    },
    "message": "Unread notifications berhasil diambil",
    "success": true
  },
  "duration": "2.1108ms",
  "duration_ms": 2,
  "client_ip": "::1",
  "user_agent": "Mozilla/5.0 (Windows NT 10.0; Win64; x64) AppleWebKit/537.36 (KHTML, like Gecko) Chrome/143.0.0.0 Safari/537.36",
  "user_id": 2,
  "user_email": "codingin19@gmail.com"
}
========================================

{
  "timestamp": "2026-01-15 06:09:47",
  "method": "OPTIONS",
  "path": "/api/v1/notifications/unread",
  "headers": {
    "Accept": "*/*",
    "Authorization": "",
    "Content-Type": ""
  },
  "status_code": 204,
  "duration": "0s",
  "duration_ms": 0,
  "client_ip": "::1",
  "user_agent": "Mozilla/5.0 (Windows NT 10.0; Win64; x64) AppleWebKit/537.36 (KHTML, like Gecko) Chrome/143.0.0.0 Safari/537.36"
}
========================================

{
  "timestamp": "2026-01-15 06:09:47",
  "method": "GET",
  "path": "/api/v1/notifications/unread",
  "headers": {
    "Accept": "application/json, text/plain, */*",
    "Authorization": "Bearer ...CRz4",
    "Content-Type": ""
  },
  "status_code": 200,
  "response_body": {
    "data": {
      "count": 0,
      "notifications": []
    },
    "message": "Unread notifications berhasil diambil",
    "success": true
  },
  "duration": "2.5282ms",
  "duration_ms": 2,
  "client_ip": "::1",
  "user_agent": "Mozilla/5.0 (Windows NT 10.0; Win64; x64) AppleWebKit/537.36 (KHTML, like Gecko) Chrome/143.0.0.0 Safari/537.36",
  "user_id": 2,
  "user_email": "codingin19@gmail.com"
}
========================================

{
  "timestamp": "2026-01-15 06:10:17",
  "method": "OPTIONS",
  "path": "/api/v1/notifications/unread",
  "headers": {
    "Accept": "*/*",
    "Authorization": "",
    "Content-Type": ""
  },
  "status_code": 204,
  "duration": "0s",
  "duration_ms": 0,
  "client_ip": "::1",
  "user_agent": "Mozilla/5.0 (Windows NT 10.0; Win64; x64) AppleWebKit/537.36 (KHTML, like Gecko) Chrome/143.0.0.0 Safari/537.36"
}
========================================

{
  "timestamp": "2026-01-15 06:10:17",
  "method": "GET",
  "path": "/api/v1/notifications/unread",
  "headers": {
    "Accept": "application/json, text/plain, */*",
    "Authorization": "Bearer ...CRz4",
    "Content-Type": ""
  },
  "status_code": 200,
  "response_body": {
    "data": {
      "count": 0,
      "notifications": []
    },
    "message": "Unread notifications berhasil diambil",
    "success": true
  },
  "duration": "2.0589ms",
  "duration_ms": 2,
  "client_ip": "::1",
  "user_agent": "Mozilla/5.0 (Windows NT 10.0; Win64; x64) AppleWebKit/537.36 (KHTML, like Gecko) Chrome/143.0.0.0 Safari/537.36",
  "user_id": 2,
  "user_email": "codingin19@gmail.com"
}
========================================

{
  "timestamp": "2026-01-15 06:10:47",
  "method": "OPTIONS",
  "path": "/api/v1/notifications/unread",
  "headers": {
    "Accept": "*/*",
    "Authorization": "",
    "Content-Type": ""
  },
  "status_code": 204,
  "duration": "0s",
  "duration_ms": 0,
  "client_ip": "::1",
  "user_agent": "Mozilla/5.0 (Windows NT 10.0; Win64; x64) AppleWebKit/537.36 (KHTML, like Gecko) Chrome/143.0.0.0 Safari/537.36"
}
========================================

{
  "timestamp": "2026-01-15 06:10:47",
  "method": "GET",
  "path": "/api/v1/notifications/unread",
  "headers": {
    "Accept": "application/json, text/plain, */*",
    "Authorization": "Bearer ...CRz4",
    "Content-Type": ""
  },
  "status_code": 200,
  "response_body": {
    "data": {
      "count": 0,
      "notifications": []
    },
    "message": "Unread notifications berhasil diambil",
    "success": true
  },
  "duration": "3.0154ms",
  "duration_ms": 3,
  "client_ip": "::1",
  "user_agent": "Mozilla/5.0 (Windows NT 10.0; Win64; x64) AppleWebKit/537.36 (KHTML, like Gecko) Chrome/143.0.0.0 Safari/537.36",
  "user_id": 2,
  "user_email": "codingin19@gmail.com"
}
========================================

{
  "timestamp": "2026-01-15 06:11:17",
  "method": "OPTIONS",
  "path": "/api/v1/notifications/unread",
  "headers": {
    "Accept": "*/*",
    "Authorization": "",
    "Content-Type": ""
  },
  "status_code": 204,
  "duration": "0s",
  "duration_ms": 0,
  "client_ip": "::1",
  "user_agent": "Mozilla/5.0 (Windows NT 10.0; Win64; x64) AppleWebKit/537.36 (KHTML, like Gecko) Chrome/143.0.0.0 Safari/537.36"
}
========================================

{
  "timestamp": "2026-01-15 06:11:17",
  "method": "GET",
  "path": "/api/v1/notifications/unread",
  "headers": {
    "Accept": "application/json, text/plain, */*",
    "Authorization": "Bearer ...CRz4",
    "Content-Type": ""
  },
  "status_code": 200,
  "response_body": {
    "data": {
      "count": 0,
      "notifications": []
    },
    "message": "Unread notifications berhasil diambil",
    "success": true
  },
  "duration": "2.6895ms",
  "duration_ms": 2,
  "client_ip": "::1",
  "user_agent": "Mozilla/5.0 (Windows NT 10.0; Win64; x64) AppleWebKit/537.36 (KHTML, like Gecko) Chrome/143.0.0.0 Safari/537.36",
  "user_id": 2,
  "user_email": "codingin19@gmail.com"
}
========================================

{
  "timestamp": "2026-01-15 06:11:47",
  "method": "OPTIONS",
  "path": "/api/v1/notifications/unread",
  "headers": {
    "Accept": "*/*",
    "Authorization": "",
    "Content-Type": ""
  },
  "status_code": 204,
  "duration": "0s",
  "duration_ms": 0,
  "client_ip": "::1",
  "user_agent": "Mozilla/5.0 (Windows NT 10.0; Win64; x64) AppleWebKit/537.36 (KHTML, like Gecko) Chrome/143.0.0.0 Safari/537.36"
}
========================================

{
  "timestamp": "2026-01-15 06:11:47",
  "method": "GET",
  "path": "/api/v1/notifications/unread",
  "headers": {
    "Accept": "application/json, text/plain, */*",
    "Authorization": "Bearer ...CRz4",
    "Content-Type": ""
  },
  "status_code": 200,
  "response_body": {
    "data": {
      "count": 0,
      "notifications": []
    },
    "message": "Unread notifications berhasil diambil",
    "success": true
  },
  "duration": "5.0487ms",
  "duration_ms": 5,
  "client_ip": "::1",
  "user_agent": "Mozilla/5.0 (Windows NT 10.0; Win64; x64) AppleWebKit/537.36 (KHTML, like Gecko) Chrome/143.0.0.0 Safari/537.36",
  "user_id": 2,
  "user_email": "codingin19@gmail.com"
}
========================================

{
  "timestamp": "2026-01-15 06:12:17",
  "method": "OPTIONS",
  "path": "/api/v1/notifications/unread",
  "headers": {
    "Accept": "*/*",
    "Authorization": "",
    "Content-Type": ""
  },
  "status_code": 204,
  "duration": "0s",
  "duration_ms": 0,
  "client_ip": "::1",
  "user_agent": "Mozilla/5.0 (Windows NT 10.0; Win64; x64) AppleWebKit/537.36 (KHTML, like Gecko) Chrome/143.0.0.0 Safari/537.36"
}
========================================

{
  "timestamp": "2026-01-15 06:12:17",
  "method": "GET",
  "path": "/api/v1/notifications/unread",
  "headers": {
    "Accept": "application/json, text/plain, */*",
    "Authorization": "Bearer ...CRz4",
    "Content-Type": ""
  },
  "status_code": 200,
  "response_body": {
    "data": {
      "count": 0,
      "notifications": []
    },
    "message": "Unread notifications berhasil diambil",
    "success": true
  },
  "duration": "2.026ms",
  "duration_ms": 2,
  "client_ip": "::1",
  "user_agent": "Mozilla/5.0 (Windows NT 10.0; Win64; x64) AppleWebKit/537.36 (KHTML, like Gecko) Chrome/143.0.0.0 Safari/537.36",
  "user_id": 2,
  "user_email": "codingin19@gmail.com"
}
========================================

{
  "timestamp": "2026-01-15 06:12:47",
  "method": "OPTIONS",
  "path": "/api/v1/notifications/unread",
  "headers": {
    "Accept": "*/*",
    "Authorization": "",
    "Content-Type": ""
  },
  "status_code": 204,
  "duration": "0s",
  "duration_ms": 0,
  "client_ip": "::1",
  "user_agent": "Mozilla/5.0 (Windows NT 10.0; Win64; x64) AppleWebKit/537.36 (KHTML, like Gecko) Chrome/143.0.0.0 Safari/537.36"
}
========================================

{
  "timestamp": "2026-01-15 06:12:47",
  "method": "GET",
  "path": "/api/v1/notifications/unread",
  "headers": {
    "Accept": "application/json, text/plain, */*",
    "Authorization": "Bearer ...CRz4",
    "Content-Type": ""
  },
  "status_code": 200,
  "response_body": {
    "data": {
      "count": 0,
      "notifications": []
    },
    "message": "Unread notifications berhasil diambil",
    "success": true
  },
  "duration": "2.0059ms",
  "duration_ms": 2,
  "client_ip": "::1",
  "user_agent": "Mozilla/5.0 (Windows NT 10.0; Win64; x64) AppleWebKit/537.36 (KHTML, like Gecko) Chrome/143.0.0.0 Safari/537.36",
  "user_id": 2,
  "user_email": "codingin19@gmail.com"
}
========================================

{
  "timestamp": "2026-01-15 06:13:15",
  "method": "OPTIONS",
  "path": "/api/v1/notifications/unread",
  "headers": {
    "Accept": "*/*",
    "Authorization": "",
    "Content-Type": ""
  },
  "status_code": 204,
  "duration": "642.4µs",
  "duration_ms": 0,
  "client_ip": "::1",
  "user_agent": "Mozilla/5.0 (Windows NT 10.0; Win64; x64) AppleWebKit/537.36 (KHTML, like Gecko) Chrome/143.0.0.0 Safari/537.36"
}
========================================

{
  "timestamp": "2026-01-15 06:13:15",
  "method": "OPTIONS",
  "path": "/api/v1/cart",
  "headers": {
    "Accept": "*/*",
    "Authorization": "",
    "Content-Type": ""
  },
  "status_code": 204,
  "duration": "500µs",
  "duration_ms": 0,
  "client_ip": "::1",
  "user_agent": "Mozilla/5.0 (Windows NT 10.0; Win64; x64) AppleWebKit/537.36 (KHTML, like Gecko) Chrome/143.0.0.0 Safari/537.36"
}
========================================

{
  "timestamp": "2026-01-15 06:13:15",
  "method": "GET",
  "path": "/api/v1/notifications/unread",
  "headers": {
    "Accept": "application/json, text/plain, */*",
    "Authorization": "Bearer ...CRz4",
    "Content-Type": ""
  },
  "status_code": 200,
  "response_body": {
    "data": {
      "count": 0,
      "notifications": []
    },
    "message": "Unread notifications berhasil diambil",
    "success": true
  },
  "duration": "2.7501ms",
  "duration_ms": 2,
  "client_ip": "::1",
  "user_agent": "Mozilla/5.0 (Windows NT 10.0; Win64; x64) AppleWebKit/537.36 (KHTML, like Gecko) Chrome/143.0.0.0 Safari/537.36",
  "user_id": 2,
  "user_email": "codingin19@gmail.com"
}
========================================

{
  "timestamp": "2026-01-15 06:13:15",
  "method": "GET",
  "path": "/api/v1/cart",
  "headers": {
    "Accept": "application/json, text/plain, */*",
    "Authorization": "Bearer ...CRz4",
    "Content-Type": ""
  },
  "status_code": 200,
  "response_body": {
    "data": {
      "items": [
        {
          "created_at": "2026-01-15T05:44:43.629514+07:00",
          "id": 7,
          "product": {
            "category": {
              "created_at": "2026-01-08T21:55:42.326209+07:00",
              "description": "Python, PHP, and JS utility scripts",
              "icon": "terminal",
              "id": 4,
              "is_active": true,
              "name": "Scripts",
              "order": 4,
              "slug": "scripts",
              "updated_at": "2026-01-08T21:55:42.326209+07:00"
            },
            "category_id": 4,
            "created_at": "2026-01-13T02:20:25.212431+07:00",
            "created_by": 1,
            "description": "Python script to automate likes, follows, and comments. Includes safety limits to prevent account bans.",
            "downloads_count": 0,
            "features": "[\"Auto Like\", \"Auto Follow\", \"Targeting by Hashtag\"]",
            "id": 5,
            "is_active": true,
            "preview_images": "[\"https://images.unsplash.com/photo-1611162617474-5b21e879e113?auto=format\u0026fit=crop\u0026q=80\u0026w=1000\"]",
            "price": 150000,
            "rating_average": 0,
            "requirements": "[]",
            "slug": "instagram-automation-bot",
            "tech_stack": "[\"Python\", \"Selenium\"]",
            "title": "Instagram Automation Bot",
            "type": "scripts",
            "updated_at": "2026-01-13T02:20:25.212431+07:00",
            "views_count": 0
          },
          "product_id": 5,
          "quantity": 1,
          "updated_at": "2026-01-15T05:44:43.629514+07:00",
          "user_id": 2
        }
      ],
      "total": 150000
    },
    "message": "Cart retrieved successfully",
    "success": true
  },
  "duration": "8.755ms",
  "duration_ms": 8,
  "client_ip": "::1",
  "user_agent": "Mozilla/5.0 (Windows NT 10.0; Win64; x64) AppleWebKit/537.36 (KHTML, like Gecko) Chrome/143.0.0.0 Safari/537.36",
  "user_id": 2,
  "user_email": "codingin19@gmail.com"
}
========================================

{
  "timestamp": "2026-01-15 06:13:15",
  "method": "OPTIONS",
  "path": "/api/v1/wishlist",
  "headers": {
    "Accept": "*/*",
    "Authorization": "",
    "Content-Type": ""
  },
  "status_code": 204,
  "duration": "0s",
  "duration_ms": 0,
  "client_ip": "::1",
  "user_agent": "Mozilla/5.0 (Windows NT 10.0; Win64; x64) AppleWebKit/537.36 (KHTML, like Gecko) Chrome/143.0.0.0 Safari/537.36"
}
========================================

{
  "timestamp": "2026-01-15 06:13:15",
  "method": "GET",
  "path": "/api/v1/wishlist",
  "headers": {
    "Accept": "application/json, text/plain, */*",
    "Authorization": "Bearer ...CRz4",
    "Content-Type": ""
  },
  "status_code": 200,
  "response_body": {
    "data": [
      {
        "created_at": "2026-01-15T05:49:20.288287+07:00",
        "id": 10,
        "product": {
          "category": {
            "created_at": "2026-01-08T21:55:42.326209+07:00",
            "description": "Python, PHP, and JS utility scripts",
            "icon": "terminal",
            "id": 4,
            "is_active": true,
            "name": "Scripts",
            "order": 4,
            "slug": "scripts",
            "updated_at": "2026-01-08T21:55:42.326209+07:00"
          },
          "category_id": 4,
          "created_at": "2026-01-13T02:20:25.212431+07:00",
          "created_by": 1,
          "description": "Python script to automate likes, follows, and comments. Includes safety limits to prevent account bans.",
          "downloads_count": 0,
          "features": "[\"Auto Like\", \"Auto Follow\", \"Targeting by Hashtag\"]",
          "id": 5,
          "is_active": true,
          "preview_images": "[\"https://images.unsplash.com/photo-1611162617474-5b21e879e113?auto=format\u0026fit=crop\u0026q=80\u0026w=1000\"]",
          "price": 150000,
          "rating_average": 0,
          "requirements": "[]",
          "slug": "instagram-automation-bot",
          "tech_stack": "[\"Python\", \"Selenium\"]",
          "title": "Instagram Automation Bot",
          "type": "scripts",
          "updated_at": "2026-01-13T02:20:25.212431+07:00",
          "views_count": 0
        },
        "product_id": 5,
        "user_id": 2
      }
    ],
    "message": "Wishlist retrieved successfully",
    "success": true
  },
  "duration": "1.502ms",
  "duration_ms": 1,
  "client_ip": "::1",
  "user_agent": "Mozilla/5.0 (Windows NT 10.0; Win64; x64) AppleWebKit/537.36 (KHTML, like Gecko) Chrome/143.0.0.0 Safari/537.36",
  "user_id": 2,
  "user_email": "codingin19@gmail.com"
}
========================================

{
  "timestamp": "2026-01-15 06:13:15",
  "method": "OPTIONS",
  "path": "/api/v1/products",
  "query": {
    "limit": "6"
  },
  "headers": {
    "Accept": "*/*",
    "Authorization": "",
    "Content-Type": ""
  },
  "status_code": 204,
  "duration": "629.8µs",
  "duration_ms": 0,
  "client_ip": "::1",
  "user_agent": "Mozilla/5.0 (Windows NT 10.0; Win64; x64) AppleWebKit/537.36 (KHTML, like Gecko) Chrome/143.0.0.0 Safari/537.36"
}
========================================

{
  "timestamp": "2026-01-15 06:13:15",
  "method": "GET",
  "path": "/api/v1/products",
  "query": {
    "limit": "6"
  },
  "headers": {
    "Accept": "application/json, text/plain, */*",
    "Authorization": "Bearer ...CRz4",
    "Content-Type": ""
  },
  "status_code": 200,
  "response_body": {
    "data": {
      "limit": 6,
      "page": 1,
      "products": [
        {
          "category": {
            "created_at": "2026-01-08T21:55:42.326209+07:00",
            "description": "Python, PHP, and JS utility scripts",
            "icon": "terminal",
            "id": 4,
            "is_active": true,
            "name": "Scripts",
            "order": 4,
            "slug": "scripts",
            "updated_at": "2026-01-08T21:55:42.326209+07:00"
          },
          "category_id": 4,
          "created_at": "2026-01-13T02:20:25.212431+07:00",
          "created_by": 1,
          "description": "Python script to automate likes, follows, and comments. Includes safety limits to prevent account bans.",
          "downloads_count": 0,
          "features": "[\"Auto Like\", \"Auto Follow\", \"Targeting by Hashtag\"]",
          "id": 5,
          "is_active": true,
          "preview_images": "[\"https://images.unsplash.com/photo-1611162617474-5b21e879e113?auto=format\u0026fit=crop\u0026q=80\u0026w=1000\"]",
          "price": 150000,
          "rating_average": 0,
          "requirements": "[]",
          "slug": "instagram-automation-bot",
          "tech_stack": "[\"Python\", \"Selenium\"]",
          "title": "Instagram Automation Bot",
          "type": "scripts",
          "updated_at": "2026-01-13T02:20:25.212431+07:00",
          "views_count": 0
        },
        {
          "category": {
            "created_at": "2026-01-08T21:55:42.322557+07:00",
            "description": "UI kits and website templates",
            "icon": "layout",
            "id": 2,
            "is_active": true,
            "name": "Templates",
            "order": 2,
            "slug": "templates",
            "updated_at": "2026-01-08T21:55:42.322557+07:00"
          },
          "category_id": 2,
          "created_at": "2026-01-13T02:20:25.211149+07:00",
          "created_by": 1,
          "description": "Clean, responsive, and customizable admin dashboard template built with Vue 3 and Tailwind CSS.",
          "downloads_count": 0,
          "features": "[\"Dark Mode Support\", \"Responsive Layout\", \"Chart.js Integration\", \"Form Components\"]",
          "id": 4,
          "is_active": true,
          "preview_images": "[\"https://images.unsplash.com/photo-1551288049-bebda4e38f71?auto=format\u0026fit=crop\u0026q=80\u0026w=1000\"]",
          "price": 250000,
          "rating_average": 0,
          "requirements": "[]",
          "slug": "modern-admin-dashboard",
          "tech_stack": "[\"Vue 3\", \"Tailwind CSS\", \"Vite\"]",
          "title": "Modern Admin Dashboard UI",
          "type": "template",
          "updated_at": "2026-01-13T02:20:25.211149+07:00",
          "views_count": 0
        },
        {
          "category": {
            "created_at": "2026-01-08T21:55:42.325061+07:00",
            "description": "Flutter, React Native, and native apps",
            "icon": "smartphone",
            "id": 3,
            "is_active": true,
            "name": "Mobile Apps",
            "order": 3,
            "slug": "mobile-apps",
            "updated_at": "2026-01-08T21:55:42.325061+07:00"
          },
          "category_id": 3,
          "created_at": "2026-01-13T02:20:25.210572+07:00",
          "created_by": 1,
          "description": "Uber Eats clone made with Flutter. Beautiful animations, real-time tracking, and vendor dashboard included. Works on both iOS and Android.",
          "downloads_count": 0,
          "features": "[\"Real-time Tracking\", \"Push Notifications\", \"Vendor App\", \"Dark Mode\"]",
          "id": 3,
          "is_active": true,
          "preview_images": "[\"https://images.unsplash.com/photo-1512941937669-90a1b58e7e9c?auto=format\u0026fit=crop\u0026q=80\u0026w=1000\"]",
          "price": 500000,
          "rating_average": 0,
          "requirements": "[]",
          "slug": "flutter-delivery-app",
          "tech_stack": "[\"Flutter\", \"Firebase\", \"Google Maps API\"]",
          "title": "Flutter Delivery App",
          "type": "mobile_apps",
          "updated_at": "2026-01-13T02:20:25.210572+07:00",
          "views_count": 0
        },
        {
          "category": {
            "created_at": "2026-01-08T21:55:42.314623+07:00",
            "description": "Full application source codes",
            "icon": "code",
            "id": 1,
            "is_active": true,
            "name": "Source Code",
            "order": 1,
            "slug": "source-code",
            "updated_at": "2026-01-08T21:55:42.314623+07:00"
          },
          "category_id": 1,
          "created_at": "2026-01-13T02:20:25.20936+07:00",
          "created_by": 1,
          "description": "Launch your SaaS in days with this comprehensive Next.js boilerplate. Includes Stripe integration, Authentication, Database setup with Prisma, and tailwind UI components.",
          "downloads_count": 0,
          "features": "[\"Authentication\", \"Subscription Payments\", \"Admin Dashboard\", \"SEO Optimized\"]",
          "id": 2,
          "is_active": true,
          "preview_images": "[\"https://images.unsplash.com/photo-1618477247222-ac591245363d?auto=format\u0026fit=crop\u0026q=80\u0026w=1000\"]",
          "price": 750000,
          "rating_average": 0,
          "requirements": "[]",
          "slug": "nextjs-saas-boilerplate",
          "tech_stack": "[\"Next.js\", \"TypeScript\", \"Tailwind CSS\", \"Prisma\", \"Stripe\"]",
          "title": "NextJS SaaS Boilerplate",
          "type": "source_code",
          "updated_at": "2026-01-13T02:20:25.20936+07:00",
          "views_count": 0
        },
        {
          "category": {
            "created_at": "2026-01-08T21:55:42.314623+07:00",
            "description": "Full application source codes",
            "icon": "code",
            "id": 1,
            "is_active": true,
            "name": "Source Code",
            "order": 1,
            "slug": "source-code",
            "updated_at": "2026-01-08T21:55:42.314623+07:00"
          },
          "category_id": 1,
          "created_at": "2026-01-13T02:20:25.197105+07:00",
          "created_by": 1,
          "description": "A complete microservices-based e-commerce backend written in Go (Golang). Includes services for products, orders, users, and payments. Features gRPC communication, Kafka event bus, and Docker compose setup.",
          "downloads_count": 0,
          "features": "[\"Microservices Architecture\", \"gRPC Communication\", \"Event-Driven\", \"Scalable\"]",
          "id": 1,
          "is_active": true,
          "preview_images": "[\"https://images.unsplash.com/photo-1555949963-aa79dcee981c?auto=format\u0026fit=crop\u0026q=80\u0026w=1000\", \"https://images.unsplash.com/photo-1555066931-4365d14bab8c?auto=format\u0026fit=crop\u0026q=80\u0026w=1000\"]",
          "price": 1500000,
          "rating_average": 0,
          "requirements": "[]",
          "slug": "ecommerce-microservices-go",
          "tech_stack": "[\"Golang\", \"gRPC\", \"Kafka\", \"PostgreSQL\", \"Docker\"]",
          "title": "E-Commerce Microservices Go",
          "type": "source_code",
          "updated_at": "2026-01-13T02:20:25.197105+07:00",
          "views_count": 0
        }
      ],
      "total": 5
    },
    "message": "Products retrieved successfully",
    "success": true
  },
  "duration": "4.7972ms",
  "duration_ms": 4,
  "client_ip": "::1",
  "user_agent": "Mozilla/5.0 (Windows NT 10.0; Win64; x64) AppleWebKit/537.36 (KHTML, like Gecko) Chrome/143.0.0.0 Safari/537.36"
}
========================================

{
  "timestamp": "2026-01-15 06:13:45",
  "method": "OPTIONS",
  "path": "/api/v1/notifications/unread",
  "headers": {
    "Accept": "*/*",
    "Authorization": "",
    "Content-Type": ""
  },
  "status_code": 204,
  "duration": "500µs",
  "duration_ms": 0,
  "client_ip": "::1",
  "user_agent": "Mozilla/5.0 (Windows NT 10.0; Win64; x64) AppleWebKit/537.36 (KHTML, like Gecko) Chrome/143.0.0.0 Safari/537.36"
}
========================================

{
  "timestamp": "2026-01-15 06:13:45",
  "method": "GET",
  "path": "/api/v1/notifications/unread",
  "headers": {
    "Accept": "application/json, text/plain, */*",
    "Authorization": "Bearer ...CRz4",
    "Content-Type": ""
  },
  "status_code": 200,
  "response_body": {
    "data": {
      "count": 0,
      "notifications": []
    },
    "message": "Unread notifications berhasil diambil",
    "success": true
  },
  "duration": "3.5022ms",
  "duration_ms": 3,
  "client_ip": "::1",
  "user_agent": "Mozilla/5.0 (Windows NT 10.0; Win64; x64) AppleWebKit/537.36 (KHTML, like Gecko) Chrome/143.0.0.0 Safari/537.36",
  "user_id": 2,
  "user_email": "codingin19@gmail.com"
}
========================================

{
  "timestamp": "2026-01-15 06:14:15",
  "method": "OPTIONS",
  "path": "/api/v1/notifications/unread",
  "headers": {
    "Accept": "*/*",
    "Authorization": "",
    "Content-Type": ""
  },
  "status_code": 204,
  "duration": "1.505ms",
  "duration_ms": 1,
  "client_ip": "::1",
  "user_agent": "Mozilla/5.0 (Windows NT 10.0; Win64; x64) AppleWebKit/537.36 (KHTML, like Gecko) Chrome/143.0.0.0 Safari/537.36"
}
========================================

{
  "timestamp": "2026-01-15 06:14:15",
  "method": "GET",
  "path": "/api/v1/notifications/unread",
  "headers": {
    "Accept": "application/json, text/plain, */*",
    "Authorization": "Bearer ...CRz4",
    "Content-Type": ""
  },
  "status_code": 200,
  "response_body": {
    "data": {
      "count": 0,
      "notifications": []
    },
    "message": "Unread notifications berhasil diambil",
    "success": true
  },
  "duration": "2.5085ms",
  "duration_ms": 2,
  "client_ip": "::1",
  "user_agent": "Mozilla/5.0 (Windows NT 10.0; Win64; x64) AppleWebKit/537.36 (KHTML, like Gecko) Chrome/143.0.0.0 Safari/537.36",
  "user_id": 2,
  "user_email": "codingin19@gmail.com"
}
========================================

{
  "timestamp": "2026-01-15 06:14:45",
  "method": "OPTIONS",
  "path": "/api/v1/notifications/unread",
  "headers": {
    "Accept": "*/*",
    "Authorization": "",
    "Content-Type": ""
  },
  "status_code": 204,
  "duration": "0s",
  "duration_ms": 0,
  "client_ip": "::1",
  "user_agent": "Mozilla/5.0 (Windows NT 10.0; Win64; x64) AppleWebKit/537.36 (KHTML, like Gecko) Chrome/143.0.0.0 Safari/537.36"
}
========================================

{
  "timestamp": "2026-01-15 06:14:45",
  "method": "GET",
  "path": "/api/v1/notifications/unread",
  "headers": {
    "Accept": "application/json, text/plain, */*",
    "Authorization": "Bearer ...CRz4",
    "Content-Type": ""
  },
  "status_code": 200,
  "response_body": {
    "data": {
      "count": 0,
      "notifications": []
    },
    "message": "Unread notifications berhasil diambil",
    "success": true
  },
  "duration": "3.1331ms",
  "duration_ms": 3,
  "client_ip": "::1",
  "user_agent": "Mozilla/5.0 (Windows NT 10.0; Win64; x64) AppleWebKit/537.36 (KHTML, like Gecko) Chrome/143.0.0.0 Safari/537.36",
  "user_id": 2,
  "user_email": "codingin19@gmail.com"
}
========================================

{
  "timestamp": "2026-01-15 06:15:05",
  "method": "OPTIONS",
  "path": "/api/v1/cart",
  "headers": {
    "Accept": "*/*",
    "Authorization": "",
    "Content-Type": ""
  },
  "status_code": 204,
  "duration": "0s",
  "duration_ms": 0,
  "client_ip": "::1",
  "user_agent": "Mozilla/5.0 (Windows NT 10.0; Win64; x64) AppleWebKit/537.36 (KHTML, like Gecko) Chrome/143.0.0.0 Safari/537.36"
}
========================================

{
  "timestamp": "2026-01-15 06:15:05",
  "method": "GET",
  "path": "/api/v1/cart",
  "headers": {
    "Accept": "application/json, text/plain, */*",
    "Authorization": "Bearer ...CRz4",
    "Content-Type": ""
  },
  "status_code": 200,
  "response_body": {
    "data": {
      "items": [
        {
          "created_at": "2026-01-15T05:44:43.629514+07:00",
          "id": 7,
          "product": {
            "category": {
              "created_at": "2026-01-08T21:55:42.326209+07:00",
              "description": "Python, PHP, and JS utility scripts",
              "icon": "terminal",
              "id": 4,
              "is_active": true,
              "name": "Scripts",
              "order": 4,
              "slug": "scripts",
              "updated_at": "2026-01-08T21:55:42.326209+07:00"
            },
            "category_id": 4,
            "created_at": "2026-01-13T02:20:25.212431+07:00",
            "created_by": 1,
            "description": "Python script to automate likes, follows, and comments. Includes safety limits to prevent account bans.",
            "downloads_count": 0,
            "features": "[\"Auto Like\", \"Auto Follow\", \"Targeting by Hashtag\"]",
            "id": 5,
            "is_active": true,
            "preview_images": "[\"https://images.unsplash.com/photo-1611162617474-5b21e879e113?auto=format\u0026fit=crop\u0026q=80\u0026w=1000\"]",
            "price": 150000,
            "rating_average": 0,
            "requirements": "[]",
            "slug": "instagram-automation-bot",
            "tech_stack": "[\"Python\", \"Selenium\"]",
            "title": "Instagram Automation Bot",
            "type": "scripts",
            "updated_at": "2026-01-13T02:20:25.212431+07:00",
            "views_count": 0
          },
          "product_id": 5,
          "quantity": 1,
          "updated_at": "2026-01-15T05:44:43.629514+07:00",
          "user_id": 2
        }
      ],
      "total": 150000
    },
    "message": "Cart retrieved successfully",
    "success": true
  },
  "duration": "3.5839ms",
  "duration_ms": 3,
  "client_ip": "::1",
  "user_agent": "Mozilla/5.0 (Windows NT 10.0; Win64; x64) AppleWebKit/537.36 (KHTML, like Gecko) Chrome/143.0.0.0 Safari/537.36",
  "user_id": 2,
  "user_email": "codingin19@gmail.com"
}
========================================

{
  "timestamp": "2026-01-15 06:15:15",
  "method": "OPTIONS",
  "path": "/api/v1/notifications/unread",
  "headers": {
    "Accept": "*/*",
    "Authorization": "",
    "Content-Type": ""
  },
  "status_code": 204,
  "duration": "0s",
  "duration_ms": 0,
  "client_ip": "::1",
  "user_agent": "Mozilla/5.0 (Windows NT 10.0; Win64; x64) AppleWebKit/537.36 (KHTML, like Gecko) Chrome/143.0.0.0 Safari/537.36"
}
========================================

{
  "timestamp": "2026-01-15 06:15:15",
  "method": "GET",
  "path": "/api/v1/notifications/unread",
  "headers": {
    "Accept": "application/json, text/plain, */*",
    "Authorization": "Bearer ...CRz4",
    "Content-Type": ""
  },
  "status_code": 200,
  "response_body": {
    "data": {
      "count": 0,
      "notifications": []
    },
    "message": "Unread notifications berhasil diambil",
    "success": true
  },
  "duration": "2.749ms",
  "duration_ms": 2,
  "client_ip": "::1",
  "user_agent": "Mozilla/5.0 (Windows NT 10.0; Win64; x64) AppleWebKit/537.36 (KHTML, like Gecko) Chrome/143.0.0.0 Safari/537.36",
  "user_id": 2,
  "user_email": "codingin19@gmail.com"
}
========================================

{
  "timestamp": "2026-01-15 06:15:45",
  "method": "OPTIONS",
  "path": "/api/v1/notifications/unread",
  "headers": {
    "Accept": "*/*",
    "Authorization": "",
    "Content-Type": ""
  },
  "status_code": 204,
  "duration": "0s",
  "duration_ms": 0,
  "client_ip": "::1",
  "user_agent": "Mozilla/5.0 (Windows NT 10.0; Win64; x64) AppleWebKit/537.36 (KHTML, like Gecko) Chrome/143.0.0.0 Safari/537.36"
}
========================================

{
  "timestamp": "2026-01-15 06:15:45",
  "method": "GET",
  "path": "/api/v1/notifications/unread",
  "headers": {
    "Accept": "application/json, text/plain, */*",
    "Authorization": "Bearer ...CRz4",
    "Content-Type": ""
  },
  "status_code": 200,
  "response_body": {
    "data": {
      "count": 0,
      "notifications": []
    },
    "message": "Unread notifications berhasil diambil",
    "success": true
  },
  "duration": "2.7476ms",
  "duration_ms": 2,
  "client_ip": "::1",
  "user_agent": "Mozilla/5.0 (Windows NT 10.0; Win64; x64) AppleWebKit/537.36 (KHTML, like Gecko) Chrome/143.0.0.0 Safari/537.36",
  "user_id": 2,
  "user_email": "codingin19@gmail.com"
}
========================================

{
  "timestamp": "2026-01-15 06:16:16",
  "method": "OPTIONS",
  "path": "/api/v1/notifications/unread",
  "headers": {
    "Accept": "*/*",
    "Authorization": "",
    "Content-Type": ""
  },
  "status_code": 204,
  "duration": "500.3µs",
  "duration_ms": 0,
  "client_ip": "::1",
  "user_agent": "Mozilla/5.0 (Windows NT 10.0; Win64; x64) AppleWebKit/537.36 (KHTML, like Gecko) Chrome/143.0.0.0 Safari/537.36"
}
========================================

{
  "timestamp": "2026-01-15 06:16:16",
  "method": "GET",
  "path": "/api/v1/notifications/unread",
  "headers": {
    "Accept": "application/json, text/plain, */*",
    "Authorization": "Bearer ...CRz4",
    "Content-Type": ""
  },
  "status_code": 200,
  "response_body": {
    "data": {
      "count": 0,
      "notifications": []
    },
    "message": "Unread notifications berhasil diambil",
    "success": true
  },
  "duration": "2.1396ms",
  "duration_ms": 2,
  "client_ip": "::1",
  "user_agent": "Mozilla/5.0 (Windows NT 10.0; Win64; x64) AppleWebKit/537.36 (KHTML, like Gecko) Chrome/143.0.0.0 Safari/537.36",
  "user_id": 2,
  "user_email": "codingin19@gmail.com"
}
========================================

{
  "timestamp": "2026-01-15 06:16:45",
  "method": "GET",
  "path": "/api/v1/notifications/unread",
  "headers": {
    "Accept": "application/json, text/plain, */*",
    "Authorization": "Bearer ...CRz4",
    "Content-Type": ""
  },
  "status_code": 200,
  "response_body": {
    "data": {
      "count": 0,
      "notifications": []
    },
    "message": "Unread notifications berhasil diambil",
    "success": true
  },
  "duration": "2.0011ms",
  "duration_ms": 2,
  "client_ip": "::1",
  "user_agent": "Mozilla/5.0 (Windows NT 10.0; Win64; x64) AppleWebKit/537.36 (KHTML, like Gecko) Chrome/143.0.0.0 Safari/537.36",
  "user_id": 2,
  "user_email": "codingin19@gmail.com"
}
========================================

{
  "timestamp": "2026-01-15 06:16:45",
  "method": "OPTIONS",
  "path": "/api/v1/notifications/unread",
  "headers": {
    "Accept": "*/*",
    "Authorization": "",
    "Content-Type": ""
  },
  "status_code": 204,
  "duration": "612.3µs",
  "duration_ms": 0,
  "client_ip": "::1",
  "user_agent": "Mozilla/5.0 (Windows NT 10.0; Win64; x64) AppleWebKit/537.36 (KHTML, like Gecko) Chrome/143.0.0.0 Safari/537.36"
}
========================================
