
{
  "timestamp": "2026-01-13 02:10:57",
  "method": "POST",
  "path": "/api/v1/auth/register",
  "headers": {
    "Accept": "*/*",
    "Authorization": "",
    "Content-Type": "application/json"
  },
  "request_body": {
    "email": "test@example.com",
    "name": "Test User",
    "password": "password123"
  },
  "status_code": 201,
  "response_body": {
    "data": {
      "token": "eyJhbGciOiJIUzI1NiIsInR5cCI6IkpXVCJ9.eyJ1c2VyX2lkIjozLCJlbWFpbCI6InRlc3RAZXhhbXBsZS5jb20iLCJyb2xlIjoidXNlciIsImV4cCI6MTc2ODMzMTQ1NywiaWF0IjoxNzY4MjQ1MDU3fQ.szb0dummkzFhyaLZePKoIo4ZYyr6q7DrWxgSy4jpk2I",
      "user": {
        "created_at": "2026-01-13T02:10:57.593232+07:00",
        "email": "test@example.com",
        "id": 3,
        "is_verified": false,
        "name": "Test User",
        "provider": "local",
        "role": "user"
      }
    },
    "message": "Registration successful",
    "success": true
  },
  "duration": "56.9649ms",
  "duration_ms": 56,
  "client_ip": "::1",
  "user_agent": "curl/8.15.0"
}
========================================

{
  "timestamp": "2026-01-13 02:11:04",
  "method": "POST",
  "path": "/api/v1/auth/login",
  "headers": {
    "Accept": "*/*",
    "Authorization": "",
    "Content-Type": "application/json"
  },
  "request_body": {
    "email": "test@example.com",
    "password": "password123"
  },
  "status_code": 200,
  "response_body": {
    "data": {
      "token": "eyJhbGciOiJIUzI1NiIsInR5cCI6IkpXVCJ9.eyJ1c2VyX2lkIjozLCJlbWFpbCI6InRlc3RAZXhhbXBsZS5jb20iLCJyb2xlIjoidXNlciIsImV4cCI6MTc2ODMzMTQ2NCwiaWF0IjoxNzY4MjQ1MDY0fQ.S6fD1Uy0KrdEjhG9NovvsftQACbU4KViw3N8DZzJE-Y",
      "user": {
        "created_at": "2026-01-13T02:10:57.593232+07:00",
        "email": "test@example.com",
        "id": 3,
        "is_verified": false,
        "name": "Test User",
        "provider": "local",
        "role": "user"
      }
    },
    "message": "Login successful",
    "success": true
  },
  "duration": "50.5753ms",
  "duration_ms": 50,
  "client_ip": "::1",
  "user_agent": "curl/8.15.0"
}
========================================

{
  "timestamp": "2026-01-13 02:11:10",
  "method": "GET",
  "path": "/api/v1/products",
  "query": {
    "page": "1"
  },
  "headers": {
    "Accept": "*/*",
    "Authorization": "",
    "Content-Type": ""
  },
  "status_code": 200,
  "response_body": {
    "data": {
      "limit": 10,
      "page": 1,
      "products": [],
      "total": 0
    },
    "message": "Products retrieved successfully",
    "success": true
  },
  "duration": "2.9385ms",
  "duration_ms": 2,
  "client_ip": "::1",
  "user_agent": "curl/8.15.0"
}
========================================

{
  "timestamp": "2026-01-13 02:18:44",
  "method": "GET",
  "path": "/api/v1/products",
  "query": {
    "page": "1"
  },
  "headers": {
    "Accept": "*/*",
    "Authorization": "",
    "Content-Type": ""
  },
  "status_code": 200,
  "response_body": {
    "data": {
      "limit": 10,
      "page": 1,
      "products": [],
      "total": 0
    },
    "message": "Products retrieved successfully",
    "success": true
  },
  "duration": "2.3088ms",
  "duration_ms": 2,
  "client_ip": "::1",
  "user_agent": "curl/8.15.0"
}
========================================

{
  "timestamp": "2026-01-13 02:20:32",
  "method": "GET",
  "path": "/api/v1/products",
  "query": {
    "page": "1"
  },
  "headers": {
    "Accept": "*/*",
    "Authorization": "",
    "Content-Type": ""
  },
  "status_code": 200,
  "response_body": {
    "data": {
      "limit": 10,
      "page": 1,
      "products": [
        {
          "category": {
            "created_at": "2026-01-08T21:55:42.326209+07:00",
            "description": "Python, PHP, and JS utility scripts",
            "icon": "terminal",
            "id": 4,
            "is_active": true,
            "name": "Scripts",
            "order": 4,
            "slug": "scripts",
            "updated_at": "2026-01-08T21:55:42.326209+07:00"
          },
          "category_id": 4,
          "created_at": "2026-01-13T02:20:25.212431+07:00",
          "created_by": 1,
          "description": "Python script to automate likes, follows, and comments. Includes safety limits to prevent account bans.",
          "downloads_count": 0,
          "features": "[\"Auto Like\", \"Auto Follow\", \"Targeting by Hashtag\"]",
          "id": 5,
          "is_active": true,
          "preview_images": "[\"https://images.unsplash.com/photo-1611162617474-5b21e879e113?auto=format\u0026fit=crop\u0026q=80\u0026w=1000\"]",
          "price": 150000,
          "rating_average": 0,
          "requirements": "[]",
          "slug": "instagram-automation-bot",
          "tech_stack": "[\"Python\", \"Selenium\"]",
          "title": "Instagram Automation Bot",
          "type": "scripts",
          "updated_at": "2026-01-13T02:20:25.212431+07:00",
          "views_count": 0
        },
        {
          "category": {
            "created_at": "2026-01-08T21:55:42.322557+07:00",
            "description": "UI kits and website templates",
            "icon": "layout",
            "id": 2,
            "is_active": true,
            "name": "Templates",
            "order": 2,
            "slug": "templates",
            "updated_at": "2026-01-08T21:55:42.322557+07:00"
          },
          "category_id": 2,
          "created_at": "2026-01-13T02:20:25.211149+07:00",
          "created_by": 1,
          "description": "Clean, responsive, and customizable admin dashboard template built with Vue 3 and Tailwind CSS.",
          "downloads_count": 0,
          "features": "[\"Dark Mode Support\", \"Responsive Layout\", \"Chart.js Integration\", \"Form Components\"]",
          "id": 4,
          "is_active": true,
          "preview_images": "[\"https://images.unsplash.com/photo-1551288049-bebda4e38f71?auto=format\u0026fit=crop\u0026q=80\u0026w=1000\"]",
          "price": 250000,
          "rating_average": 0,
          "requirements": "[]",
          "slug": "modern-admin-dashboard",
          "tech_stack": "[\"Vue 3\", \"Tailwind CSS\", \"Vite\"]",
          "title": "Modern Admin Dashboard UI",
          "type": "template",
          "updated_at": "2026-01-13T02:20:25.211149+07:00",
          "views_count": 0
        },
        {
          "category": {
            "created_at": "2026-01-08T21:55:42.325061+07:00",
            "description": "Flutter, React Native, and native apps",
            "icon": "smartphone",
            "id": 3,
            "is_active": true,
            "name": "Mobile Apps",
            "order": 3,
            "slug": "mobile-apps",
            "updated_at": "2026-01-08T21:55:42.325061+07:00"
          },
          "category_id": 3,
          "created_at": "2026-01-13T02:20:25.210572+07:00",
          "created_by": 1,
          "description": "Uber Eats clone made with Flutter. Beautiful animations, real-time tracking, and vendor dashboard included. Works on both iOS and Android.",
          "downloads_count": 0,
          "features": "[\"Real-time Tracking\", \"Push Notifications\", \"Vendor App\", \"Dark Mode\"]",
          "id": 3,
          "is_active": true,
          "preview_images": "[\"https://images.unsplash.com/photo-1512941937669-90a1b58e7e9c?auto=format\u0026fit=crop\u0026q=80\u0026w=1000\"]",
          "price": 500000,
          "rating_average": 0,
          "requirements": "[]",
          "slug": "flutter-delivery-app",
          "tech_stack": "[\"Flutter\", \"Firebase\", \"Google Maps API\"]",
          "title": "Flutter Delivery App",
          "type": "mobile_apps",
          "updated_at": "2026-01-13T02:20:25.210572+07:00",
          "views_count": 0
        },
        {
          "category": {
            "created_at": "2026-01-08T21:55:42.314623+07:00",
            "description": "Full application source codes",
            "icon": "code",
            "id": 1,
            "is_active": true,
            "name": "Source Code",
            "order": 1,
            "slug": "source-code",
            "updated_at": "2026-01-08T21:55:42.314623+07:00"
          },
          "category_id": 1,
          "created_at": "2026-01-13T02:20:25.20936+07:00",
          "created_by": 1,
          "description": "Launch your SaaS in days with this comprehensive Next.js boilerplate. Includes Stripe integration, Authentication, Database setup with Prisma, and tailwind UI components.",
          "downloads_count": 0,
          "features": "[\"Authentication\", \"Subscription Payments\", \"Admin Dashboard\", \"SEO Optimized\"]",
          "id": 2,
          "is_active": true,
          "preview_images": "[\"https://images.unsplash.com/photo-1618477247222-ac591245363d?auto=format\u0026fit=crop\u0026q=80\u0026w=1000\"]",
          "price": 750000,
          "rating_average": 0,
          "requirements": "[]",
          "slug": "nextjs-saas-boilerplate",
          "tech_stack": "[\"Next.js\", \"TypeScript\", \"Tailwind CSS\", \"Prisma\", \"Stripe\"]",
          "title": "NextJS SaaS Boilerplate",
          "type": "source_code",
          "updated_at": "2026-01-13T02:20:25.20936+07:00",
          "views_count": 0
        },
        {
          "category": {
            "created_at": "2026-01-08T21:55:42.314623+07:00",
            "description": "Full application source codes",
            "icon": "code",
            "id": 1,
            "is_active": true,
            "name": "Source Code",
            "order": 1,
            "slug": "source-code",
            "updated_at": "2026-01-08T21:55:42.314623+07:00"
          },
          "category_id": 1,
          "created_at": "2026-01-13T02:20:25.197105+07:00",
          "created_by": 1,
          "description": "A complete microservices-based e-commerce backend written in Go (Golang). Includes services for products, orders, users, and payments. Features gRPC communication, Kafka event bus, and Docker compose setup.",
          "downloads_count": 0,
          "features": "[\"Microservices Architecture\", \"gRPC Communication\", \"Event-Driven\", \"Scalable\"]",
          "id": 1,
          "is_active": true,
          "preview_images": "[\"https://images.unsplash.com/photo-1555949963-aa79dcee981c?auto=format\u0026fit=crop\u0026q=80\u0026w=1000\", \"https://images.unsplash.com/photo-1555066931-4365d14bab8c?auto=format\u0026fit=crop\u0026q=80\u0026w=1000\"]",
          "price": 1500000,
          "rating_average": 0,
          "requirements": "[]",
          "slug": "ecommerce-microservices-go",
          "tech_stack": "[\"Golang\", \"gRPC\", \"Kafka\", \"PostgreSQL\", \"Docker\"]",
          "title": "E-Commerce Microservices Go",
          "type": "source_code",
          "updated_at": "2026-01-13T02:20:25.197105+07:00",
          "views_count": 0
        }
      ],
      "total": 5
    },
    "message": "Products retrieved successfully",
    "success": true
  },
  "duration": "12.539ms",
  "duration_ms": 12,
  "client_ip": "::1",
  "user_agent": "curl/8.15.0"
}
========================================

{
  "timestamp": "2026-01-13 05:32:51",
  "method": "GET",
  "path": "/api/v1/products",
  "query": {
    "limit": "6"
  },
  "headers": {
    "Accept": "application/json, text/plain, */*",
    "Authorization": "",
    "Content-Type": ""
  },
  "status_code": 200,
  "response_body": {
    "data": {
      "limit": 6,
      "page": 1,
      "products": [
        {
          "category": {
            "created_at": "2026-01-08T21:55:42.326209+07:00",
            "description": "Python, PHP, and JS utility scripts",
            "icon": "terminal",
            "id": 4,
            "is_active": true,
            "name": "Scripts",
            "order": 4,
            "slug": "scripts",
            "updated_at": "2026-01-08T21:55:42.326209+07:00"
          },
          "category_id": 4,
          "created_at": "2026-01-13T02:20:25.212431+07:00",
          "created_by": 1,
          "description": "Python script to automate likes, follows, and comments. Includes safety limits to prevent account bans.",
          "downloads_count": 0,
          "features": "[\"Auto Like\", \"Auto Follow\", \"Targeting by Hashtag\"]",
          "id": 5,
          "is_active": true,
          "preview_images": "[\"https://images.unsplash.com/photo-1611162617474-5b21e879e113?auto=format\u0026fit=crop\u0026q=80\u0026w=1000\"]",
          "price": 150000,
          "rating_average": 0,
          "requirements": "[]",
          "slug": "instagram-automation-bot",
          "tech_stack": "[\"Python\", \"Selenium\"]",
          "title": "Instagram Automation Bot",
          "type": "scripts",
          "updated_at": "2026-01-13T02:20:25.212431+07:00",
          "views_count": 0
        },
        {
          "category": {
            "created_at": "2026-01-08T21:55:42.322557+07:00",
            "description": "UI kits and website templates",
            "icon": "layout",
            "id": 2,
            "is_active": true,
            "name": "Templates",
            "order": 2,
            "slug": "templates",
            "updated_at": "2026-01-08T21:55:42.322557+07:00"
          },
          "category_id": 2,
          "created_at": "2026-01-13T02:20:25.211149+07:00",
          "created_by": 1,
          "description": "Clean, responsive, and customizable admin dashboard template built with Vue 3 and Tailwind CSS.",
          "downloads_count": 0,
          "features": "[\"Dark Mode Support\", \"Responsive Layout\", \"Chart.js Integration\", \"Form Components\"]",
          "id": 4,
          "is_active": true,
          "preview_images": "[\"https://images.unsplash.com/photo-1551288049-bebda4e38f71?auto=format\u0026fit=crop\u0026q=80\u0026w=1000\"]",
          "price": 250000,
          "rating_average": 0,
          "requirements": "[]",
          "slug": "modern-admin-dashboard",
          "tech_stack": "[\"Vue 3\", \"Tailwind CSS\", \"Vite\"]",
          "title": "Modern Admin Dashboard UI",
          "type": "template",
          "updated_at": "2026-01-13T02:20:25.211149+07:00",
          "views_count": 0
        },
        {
          "category": {
            "created_at": "2026-01-08T21:55:42.325061+07:00",
            "description": "Flutter, React Native, and native apps",
            "icon": "smartphone",
            "id": 3,
            "is_active": true,
            "name": "Mobile Apps",
            "order": 3,
            "slug": "mobile-apps",
            "updated_at": "2026-01-08T21:55:42.325061+07:00"
          },
          "category_id": 3,
          "created_at": "2026-01-13T02:20:25.210572+07:00",
          "created_by": 1,
          "description": "Uber Eats clone made with Flutter. Beautiful animations, real-time tracking, and vendor dashboard included. Works on both iOS and Android.",
          "downloads_count": 0,
          "features": "[\"Real-time Tracking\", \"Push Notifications\", \"Vendor App\", \"Dark Mode\"]",
          "id": 3,
          "is_active": true,
          "preview_images": "[\"https://images.unsplash.com/photo-1512941937669-90a1b58e7e9c?auto=format\u0026fit=crop\u0026q=80\u0026w=1000\"]",
          "price": 500000,
          "rating_average": 0,
          "requirements": "[]",
          "slug": "flutter-delivery-app",
          "tech_stack": "[\"Flutter\", \"Firebase\", \"Google Maps API\"]",
          "title": "Flutter Delivery App",
          "type": "mobile_apps",
          "updated_at": "2026-01-13T02:20:25.210572+07:00",
          "views_count": 0
        },
        {
          "category": {
            "created_at": "2026-01-08T21:55:42.314623+07:00",
            "description": "Full application source codes",
            "icon": "code",
            "id": 1,
            "is_active": true,
            "name": "Source Code",
            "order": 1,
            "slug": "source-code",
            "updated_at": "2026-01-08T21:55:42.314623+07:00"
          },
          "category_id": 1,
          "created_at": "2026-01-13T02:20:25.20936+07:00",
          "created_by": 1,
          "description": "Launch your SaaS in days with this comprehensive Next.js boilerplate. Includes Stripe integration, Authentication, Database setup with Prisma, and tailwind UI components.",
          "downloads_count": 0,
          "features": "[\"Authentication\", \"Subscription Payments\", \"Admin Dashboard\", \"SEO Optimized\"]",
          "id": 2,
          "is_active": true,
          "preview_images": "[\"https://images.unsplash.com/photo-1618477247222-ac591245363d?auto=format\u0026fit=crop\u0026q=80\u0026w=1000\"]",
          "price": 750000,
          "rating_average": 0,
          "requirements": "[]",
          "slug": "nextjs-saas-boilerplate",
          "tech_stack": "[\"Next.js\", \"TypeScript\", \"Tailwind CSS\", \"Prisma\", \"Stripe\"]",
          "title": "NextJS SaaS Boilerplate",
          "type": "source_code",
          "updated_at": "2026-01-13T02:20:25.20936+07:00",
          "views_count": 0
        },
        {
          "category": {
            "created_at": "2026-01-08T21:55:42.314623+07:00",
            "description": "Full application source codes",
            "icon": "code",
            "id": 1,
            "is_active": true,
            "name": "Source Code",
            "order": 1,
            "slug": "source-code",
            "updated_at": "2026-01-08T21:55:42.314623+07:00"
          },
          "category_id": 1,
          "created_at": "2026-01-13T02:20:25.197105+07:00",
          "created_by": 1,
          "description": "A complete microservices-based e-commerce backend written in Go (Golang). Includes services for products, orders, users, and payments. Features gRPC communication, Kafka event bus, and Docker compose setup.",
          "downloads_count": 0,
          "features": "[\"Microservices Architecture\", \"gRPC Communication\", \"Event-Driven\", \"Scalable\"]",
          "id": 1,
          "is_active": true,
          "preview_images": "[\"https://images.unsplash.com/photo-1555949963-aa79dcee981c?auto=format\u0026fit=crop\u0026q=80\u0026w=1000\", \"https://images.unsplash.com/photo-1555066931-4365d14bab8c?auto=format\u0026fit=crop\u0026q=80\u0026w=1000\"]",
          "price": 1500000,
          "rating_average": 0,
          "requirements": "[]",
          "slug": "ecommerce-microservices-go",
          "tech_stack": "[\"Golang\", \"gRPC\", \"Kafka\", \"PostgreSQL\", \"Docker\"]",
          "title": "E-Commerce Microservices Go",
          "type": "source_code",
          "updated_at": "2026-01-13T02:20:25.197105+07:00",
          "views_count": 0
        }
      ],
      "total": 5
    },
    "message": "Products retrieved successfully",
    "success": true
  },
  "duration": "47.9706ms",
  "duration_ms": 47,
  "client_ip": "::1",
  "user_agent": "Mozilla/5.0 (Windows NT 10.0; Win64; x64) AppleWebKit/537.36 (KHTML, like Gecko) Chrome/143.0.0.0 Safari/537.36"
}
========================================

{
  "timestamp": "2026-01-13 05:33:02",
  "method": "GET",
  "path": "/api/v1/products",
  "query": {
    "limit": "6"
  },
  "headers": {
    "Accept": "application/json, text/plain, */*",
    "Authorization": "",
    "Content-Type": ""
  },
  "status_code": 200,
  "response_body": {
    "data": {
      "limit": 6,
      "page": 1,
      "products": [
        {
          "category": {
            "created_at": "2026-01-08T21:55:42.326209+07:00",
            "description": "Python, PHP, and JS utility scripts",
            "icon": "terminal",
            "id": 4,
            "is_active": true,
            "name": "Scripts",
            "order": 4,
            "slug": "scripts",
            "updated_at": "2026-01-08T21:55:42.326209+07:00"
          },
          "category_id": 4,
          "created_at": "2026-01-13T02:20:25.212431+07:00",
          "created_by": 1,
          "description": "Python script to automate likes, follows, and comments. Includes safety limits to prevent account bans.",
          "downloads_count": 0,
          "features": "[\"Auto Like\", \"Auto Follow\", \"Targeting by Hashtag\"]",
          "id": 5,
          "is_active": true,
          "preview_images": "[\"https://images.unsplash.com/photo-1611162617474-5b21e879e113?auto=format\u0026fit=crop\u0026q=80\u0026w=1000\"]",
          "price": 150000,
          "rating_average": 0,
          "requirements": "[]",
          "slug": "instagram-automation-bot",
          "tech_stack": "[\"Python\", \"Selenium\"]",
          "title": "Instagram Automation Bot",
          "type": "scripts",
          "updated_at": "2026-01-13T02:20:25.212431+07:00",
          "views_count": 0
        },
        {
          "category": {
            "created_at": "2026-01-08T21:55:42.322557+07:00",
            "description": "UI kits and website templates",
            "icon": "layout",
            "id": 2,
            "is_active": true,
            "name": "Templates",
            "order": 2,
            "slug": "templates",
            "updated_at": "2026-01-08T21:55:42.322557+07:00"
          },
          "category_id": 2,
          "created_at": "2026-01-13T02:20:25.211149+07:00",
          "created_by": 1,
          "description": "Clean, responsive, and customizable admin dashboard template built with Vue 3 and Tailwind CSS.",
          "downloads_count": 0,
          "features": "[\"Dark Mode Support\", \"Responsive Layout\", \"Chart.js Integration\", \"Form Components\"]",
          "id": 4,
          "is_active": true,
          "preview_images": "[\"https://images.unsplash.com/photo-1551288049-bebda4e38f71?auto=format\u0026fit=crop\u0026q=80\u0026w=1000\"]",
          "price": 250000,
          "rating_average": 0,
          "requirements": "[]",
          "slug": "modern-admin-dashboard",
          "tech_stack": "[\"Vue 3\", \"Tailwind CSS\", \"Vite\"]",
          "title": "Modern Admin Dashboard UI",
          "type": "template",
          "updated_at": "2026-01-13T02:20:25.211149+07:00",
          "views_count": 0
        },
        {
          "category": {
            "created_at": "2026-01-08T21:55:42.325061+07:00",
            "description": "Flutter, React Native, and native apps",
            "icon": "smartphone",
            "id": 3,
            "is_active": true,
            "name": "Mobile Apps",
            "order": 3,
            "slug": "mobile-apps",
            "updated_at": "2026-01-08T21:55:42.325061+07:00"
          },
          "category_id": 3,
          "created_at": "2026-01-13T02:20:25.210572+07:00",
          "created_by": 1,
          "description": "Uber Eats clone made with Flutter. Beautiful animations, real-time tracking, and vendor dashboard included. Works on both iOS and Android.",
          "downloads_count": 0,
          "features": "[\"Real-time Tracking\", \"Push Notifications\", \"Vendor App\", \"Dark Mode\"]",
          "id": 3,
          "is_active": true,
          "preview_images": "[\"https://images.unsplash.com/photo-1512941937669-90a1b58e7e9c?auto=format\u0026fit=crop\u0026q=80\u0026w=1000\"]",
          "price": 500000,
          "rating_average": 0,
          "requirements": "[]",
          "slug": "flutter-delivery-app",
          "tech_stack": "[\"Flutter\", \"Firebase\", \"Google Maps API\"]",
          "title": "Flutter Delivery App",
          "type": "mobile_apps",
          "updated_at": "2026-01-13T02:20:25.210572+07:00",
          "views_count": 0
        },
        {
          "category": {
            "created_at": "2026-01-08T21:55:42.314623+07:00",
            "description": "Full application source codes",
            "icon": "code",
            "id": 1,
            "is_active": true,
            "name": "Source Code",
            "order": 1,
            "slug": "source-code",
            "updated_at": "2026-01-08T21:55:42.314623+07:00"
          },
          "category_id": 1,
          "created_at": "2026-01-13T02:20:25.20936+07:00",
          "created_by": 1,
          "description": "Launch your SaaS in days with this comprehensive Next.js boilerplate. Includes Stripe integration, Authentication, Database setup with Prisma, and tailwind UI components.",
          "downloads_count": 0,
          "features": "[\"Authentication\", \"Subscription Payments\", \"Admin Dashboard\", \"SEO Optimized\"]",
          "id": 2,
          "is_active": true,
          "preview_images": "[\"https://images.unsplash.com/photo-1618477247222-ac591245363d?auto=format\u0026fit=crop\u0026q=80\u0026w=1000\"]",
          "price": 750000,
          "rating_average": 0,
          "requirements": "[]",
          "slug": "nextjs-saas-boilerplate",
          "tech_stack": "[\"Next.js\", \"TypeScript\", \"Tailwind CSS\", \"Prisma\", \"Stripe\"]",
          "title": "NextJS SaaS Boilerplate",
          "type": "source_code",
          "updated_at": "2026-01-13T02:20:25.20936+07:00",
          "views_count": 0
        },
        {
          "category": {
            "created_at": "2026-01-08T21:55:42.314623+07:00",
            "description": "Full application source codes",
            "icon": "code",
            "id": 1,
            "is_active": true,
            "name": "Source Code",
            "order": 1,
            "slug": "source-code",
            "updated_at": "2026-01-08T21:55:42.314623+07:00"
          },
          "category_id": 1,
          "created_at": "2026-01-13T02:20:25.197105+07:00",
          "created_by": 1,
          "description": "A complete microservices-based e-commerce backend written in Go (Golang). Includes services for products, orders, users, and payments. Features gRPC communication, Kafka event bus, and Docker compose setup.",
          "downloads_count": 0,
          "features": "[\"Microservices Architecture\", \"gRPC Communication\", \"Event-Driven\", \"Scalable\"]",
          "id": 1,
          "is_active": true,
          "preview_images": "[\"https://images.unsplash.com/photo-1555949963-aa79dcee981c?auto=format\u0026fit=crop\u0026q=80\u0026w=1000\", \"https://images.unsplash.com/photo-1555066931-4365d14bab8c?auto=format\u0026fit=crop\u0026q=80\u0026w=1000\"]",
          "price": 1500000,
          "rating_average": 0,
          "requirements": "[]",
          "slug": "ecommerce-microservices-go",
          "tech_stack": "[\"Golang\", \"gRPC\", \"Kafka\", \"PostgreSQL\", \"Docker\"]",
          "title": "E-Commerce Microservices Go",
          "type": "source_code",
          "updated_at": "2026-01-13T02:20:25.197105+07:00",
          "views_count": 0
        }
      ],
      "total": 5
    },
    "message": "Products retrieved successfully",
    "success": true
  },
  "duration": "4.7056ms",
  "duration_ms": 4,
  "client_ip": "::1",
  "user_agent": "Mozilla/5.0 (Windows NT 10.0; Win64; x64) AppleWebKit/537.36 (KHTML, like Gecko) Chrome/143.0.0.0 Safari/537.36"
}
========================================

{
  "timestamp": "2026-01-13 05:33:19",
  "method": "GET",
  "path": "/api/v1/products",
  "query": {
    "limit": "6"
  },
  "headers": {
    "Accept": "application/json, text/plain, */*",
    "Authorization": "",
    "Content-Type": ""
  },
  "status_code": 200,
  "response_body": {
    "data": {
      "limit": 6,
      "page": 1,
      "products": [
        {
          "category": {
            "created_at": "2026-01-08T21:55:42.326209+07:00",
            "description": "Python, PHP, and JS utility scripts",
            "icon": "terminal",
            "id": 4,
            "is_active": true,
            "name": "Scripts",
            "order": 4,
            "slug": "scripts",
            "updated_at": "2026-01-08T21:55:42.326209+07:00"
          },
          "category_id": 4,
          "created_at": "2026-01-13T02:20:25.212431+07:00",
          "created_by": 1,
          "description": "Python script to automate likes, follows, and comments. Includes safety limits to prevent account bans.",
          "downloads_count": 0,
          "features": "[\"Auto Like\", \"Auto Follow\", \"Targeting by Hashtag\"]",
          "id": 5,
          "is_active": true,
          "preview_images": "[\"https://images.unsplash.com/photo-1611162617474-5b21e879e113?auto=format\u0026fit=crop\u0026q=80\u0026w=1000\"]",
          "price": 150000,
          "rating_average": 0,
          "requirements": "[]",
          "slug": "instagram-automation-bot",
          "tech_stack": "[\"Python\", \"Selenium\"]",
          "title": "Instagram Automation Bot",
          "type": "scripts",
          "updated_at": "2026-01-13T02:20:25.212431+07:00",
          "views_count": 0
        },
        {
          "category": {
            "created_at": "2026-01-08T21:55:42.322557+07:00",
            "description": "UI kits and website templates",
            "icon": "layout",
            "id": 2,
            "is_active": true,
            "name": "Templates",
            "order": 2,
            "slug": "templates",
            "updated_at": "2026-01-08T21:55:42.322557+07:00"
          },
          "category_id": 2,
          "created_at": "2026-01-13T02:20:25.211149+07:00",
          "created_by": 1,
          "description": "Clean, responsive, and customizable admin dashboard template built with Vue 3 and Tailwind CSS.",
          "downloads_count": 0,
          "features": "[\"Dark Mode Support\", \"Responsive Layout\", \"Chart.js Integration\", \"Form Components\"]",
          "id": 4,
          "is_active": true,
          "preview_images": "[\"https://images.unsplash.com/photo-1551288049-bebda4e38f71?auto=format\u0026fit=crop\u0026q=80\u0026w=1000\"]",
          "price": 250000,
          "rating_average": 0,
          "requirements": "[]",
          "slug": "modern-admin-dashboard",
          "tech_stack": "[\"Vue 3\", \"Tailwind CSS\", \"Vite\"]",
          "title": "Modern Admin Dashboard UI",
          "type": "template",
          "updated_at": "2026-01-13T02:20:25.211149+07:00",
          "views_count": 0
        },
        {
          "category": {
            "created_at": "2026-01-08T21:55:42.325061+07:00",
            "description": "Flutter, React Native, and native apps",
            "icon": "smartphone",
            "id": 3,
            "is_active": true,
            "name": "Mobile Apps",
            "order": 3,
            "slug": "mobile-apps",
            "updated_at": "2026-01-08T21:55:42.325061+07:00"
          },
          "category_id": 3,
          "created_at": "2026-01-13T02:20:25.210572+07:00",
          "created_by": 1,
          "description": "Uber Eats clone made with Flutter. Beautiful animations, real-time tracking, and vendor dashboard included. Works on both iOS and Android.",
          "downloads_count": 0,
          "features": "[\"Real-time Tracking\", \"Push Notifications\", \"Vendor App\", \"Dark Mode\"]",
          "id": 3,
          "is_active": true,
          "preview_images": "[\"https://images.unsplash.com/photo-1512941937669-90a1b58e7e9c?auto=format\u0026fit=crop\u0026q=80\u0026w=1000\"]",
          "price": 500000,
          "rating_average": 0,
          "requirements": "[]",
          "slug": "flutter-delivery-app",
          "tech_stack": "[\"Flutter\", \"Firebase\", \"Google Maps API\"]",
          "title": "Flutter Delivery App",
          "type": "mobile_apps",
          "updated_at": "2026-01-13T02:20:25.210572+07:00",
          "views_count": 0
        },
        {
          "category": {
            "created_at": "2026-01-08T21:55:42.314623+07:00",
            "description": "Full application source codes",
            "icon": "code",
            "id": 1,
            "is_active": true,
            "name": "Source Code",
            "order": 1,
            "slug": "source-code",
            "updated_at": "2026-01-08T21:55:42.314623+07:00"
          },
          "category_id": 1,
          "created_at": "2026-01-13T02:20:25.20936+07:00",
          "created_by": 1,
          "description": "Launch your SaaS in days with this comprehensive Next.js boilerplate. Includes Stripe integration, Authentication, Database setup with Prisma, and tailwind UI components.",
          "downloads_count": 0,
          "features": "[\"Authentication\", \"Subscription Payments\", \"Admin Dashboard\", \"SEO Optimized\"]",
          "id": 2,
          "is_active": true,
          "preview_images": "[\"https://images.unsplash.com/photo-1618477247222-ac591245363d?auto=format\u0026fit=crop\u0026q=80\u0026w=1000\"]",
          "price": 750000,
          "rating_average": 0,
          "requirements": "[]",
          "slug": "nextjs-saas-boilerplate",
          "tech_stack": "[\"Next.js\", \"TypeScript\", \"Tailwind CSS\", \"Prisma\", \"Stripe\"]",
          "title": "NextJS SaaS Boilerplate",
          "type": "source_code",
          "updated_at": "2026-01-13T02:20:25.20936+07:00",
          "views_count": 0
        },
        {
          "category": {
            "created_at": "2026-01-08T21:55:42.314623+07:00",
            "description": "Full application source codes",
            "icon": "code",
            "id": 1,
            "is_active": true,
            "name": "Source Code",
            "order": 1,
            "slug": "source-code",
            "updated_at": "2026-01-08T21:55:42.314623+07:00"
          },
          "category_id": 1,
          "created_at": "2026-01-13T02:20:25.197105+07:00",
          "created_by": 1,
          "description": "A complete microservices-based e-commerce backend written in Go (Golang). Includes services for products, orders, users, and payments. Features gRPC communication, Kafka event bus, and Docker compose setup.",
          "downloads_count": 0,
          "features": "[\"Microservices Architecture\", \"gRPC Communication\", \"Event-Driven\", \"Scalable\"]",
          "id": 1,
          "is_active": true,
          "preview_images": "[\"https://images.unsplash.com/photo-1555949963-aa79dcee981c?auto=format\u0026fit=crop\u0026q=80\u0026w=1000\", \"https://images.unsplash.com/photo-1555066931-4365d14bab8c?auto=format\u0026fit=crop\u0026q=80\u0026w=1000\"]",
          "price": 1500000,
          "rating_average": 0,
          "requirements": "[]",
          "slug": "ecommerce-microservices-go",
          "tech_stack": "[\"Golang\", \"gRPC\", \"Kafka\", \"PostgreSQL\", \"Docker\"]",
          "title": "E-Commerce Microservices Go",
          "type": "source_code",
          "updated_at": "2026-01-13T02:20:25.197105+07:00",
          "views_count": 0
        }
      ],
      "total": 5
    },
    "message": "Products retrieved successfully",
    "success": true
  },
  "duration": "4.313ms",
  "duration_ms": 4,
  "client_ip": "::1",
  "user_agent": "Mozilla/5.0 (Windows NT 10.0; Win64; x64) AppleWebKit/537.36 (KHTML, like Gecko) Chrome/143.0.0.0 Safari/537.36"
}
========================================

{
  "timestamp": "2026-01-13 05:33:49",
  "method": "GET",
  "path": "/api/v1/products",
  "query": {
    "limit": "6"
  },
  "headers": {
    "Accept": "application/json, text/plain, */*",
    "Authorization": "",
    "Content-Type": ""
  },
  "status_code": 200,
  "response_body": {
    "data": {
      "limit": 6,
      "page": 1,
      "products": [
        {
          "category": {
            "created_at": "2026-01-08T21:55:42.326209+07:00",
            "description": "Python, PHP, and JS utility scripts",
            "icon": "terminal",
            "id": 4,
            "is_active": true,
            "name": "Scripts",
            "order": 4,
            "slug": "scripts",
            "updated_at": "2026-01-08T21:55:42.326209+07:00"
          },
          "category_id": 4,
          "created_at": "2026-01-13T02:20:25.212431+07:00",
          "created_by": 1,
          "description": "Python script to automate likes, follows, and comments. Includes safety limits to prevent account bans.",
          "downloads_count": 0,
          "features": "[\"Auto Like\", \"Auto Follow\", \"Targeting by Hashtag\"]",
          "id": 5,
          "is_active": true,
          "preview_images": "[\"https://images.unsplash.com/photo-1611162617474-5b21e879e113?auto=format\u0026fit=crop\u0026q=80\u0026w=1000\"]",
          "price": 150000,
          "rating_average": 0,
          "requirements": "[]",
          "slug": "instagram-automation-bot",
          "tech_stack": "[\"Python\", \"Selenium\"]",
          "title": "Instagram Automation Bot",
          "type": "scripts",
          "updated_at": "2026-01-13T02:20:25.212431+07:00",
          "views_count": 0
        },
        {
          "category": {
            "created_at": "2026-01-08T21:55:42.322557+07:00",
            "description": "UI kits and website templates",
            "icon": "layout",
            "id": 2,
            "is_active": true,
            "name": "Templates",
            "order": 2,
            "slug": "templates",
            "updated_at": "2026-01-08T21:55:42.322557+07:00"
          },
          "category_id": 2,
          "created_at": "2026-01-13T02:20:25.211149+07:00",
          "created_by": 1,
          "description": "Clean, responsive, and customizable admin dashboard template built with Vue 3 and Tailwind CSS.",
          "downloads_count": 0,
          "features": "[\"Dark Mode Support\", \"Responsive Layout\", \"Chart.js Integration\", \"Form Components\"]",
          "id": 4,
          "is_active": true,
          "preview_images": "[\"https://images.unsplash.com/photo-1551288049-bebda4e38f71?auto=format\u0026fit=crop\u0026q=80\u0026w=1000\"]",
          "price": 250000,
          "rating_average": 0,
          "requirements": "[]",
          "slug": "modern-admin-dashboard",
          "tech_stack": "[\"Vue 3\", \"Tailwind CSS\", \"Vite\"]",
          "title": "Modern Admin Dashboard UI",
          "type": "template",
          "updated_at": "2026-01-13T02:20:25.211149+07:00",
          "views_count": 0
        },
        {
          "category": {
            "created_at": "2026-01-08T21:55:42.325061+07:00",
            "description": "Flutter, React Native, and native apps",
            "icon": "smartphone",
            "id": 3,
            "is_active": true,
            "name": "Mobile Apps",
            "order": 3,
            "slug": "mobile-apps",
            "updated_at": "2026-01-08T21:55:42.325061+07:00"
          },
          "category_id": 3,
          "created_at": "2026-01-13T02:20:25.210572+07:00",
          "created_by": 1,
          "description": "Uber Eats clone made with Flutter. Beautiful animations, real-time tracking, and vendor dashboard included. Works on both iOS and Android.",
          "downloads_count": 0,
          "features": "[\"Real-time Tracking\", \"Push Notifications\", \"Vendor App\", \"Dark Mode\"]",
          "id": 3,
          "is_active": true,
          "preview_images": "[\"https://images.unsplash.com/photo-1512941937669-90a1b58e7e9c?auto=format\u0026fit=crop\u0026q=80\u0026w=1000\"]",
          "price": 500000,
          "rating_average": 0,
          "requirements": "[]",
          "slug": "flutter-delivery-app",
          "tech_stack": "[\"Flutter\", \"Firebase\", \"Google Maps API\"]",
          "title": "Flutter Delivery App",
          "type": "mobile_apps",
          "updated_at": "2026-01-13T02:20:25.210572+07:00",
          "views_count": 0
        },
        {
          "category": {
            "created_at": "2026-01-08T21:55:42.314623+07:00",
            "description": "Full application source codes",
            "icon": "code",
            "id": 1,
            "is_active": true,
            "name": "Source Code",
            "order": 1,
            "slug": "source-code",
            "updated_at": "2026-01-08T21:55:42.314623+07:00"
          },
          "category_id": 1,
          "created_at": "2026-01-13T02:20:25.20936+07:00",
          "created_by": 1,
          "description": "Launch your SaaS in days with this comprehensive Next.js boilerplate. Includes Stripe integration, Authentication, Database setup with Prisma, and tailwind UI components.",
          "downloads_count": 0,
          "features": "[\"Authentication\", \"Subscription Payments\", \"Admin Dashboard\", \"SEO Optimized\"]",
          "id": 2,
          "is_active": true,
          "preview_images": "[\"https://images.unsplash.com/photo-1618477247222-ac591245363d?auto=format\u0026fit=crop\u0026q=80\u0026w=1000\"]",
          "price": 750000,
          "rating_average": 0,
          "requirements": "[]",
          "slug": "nextjs-saas-boilerplate",
          "tech_stack": "[\"Next.js\", \"TypeScript\", \"Tailwind CSS\", \"Prisma\", \"Stripe\"]",
          "title": "NextJS SaaS Boilerplate",
          "type": "source_code",
          "updated_at": "2026-01-13T02:20:25.20936+07:00",
          "views_count": 0
        },
        {
          "category": {
            "created_at": "2026-01-08T21:55:42.314623+07:00",
            "description": "Full application source codes",
            "icon": "code",
            "id": 1,
            "is_active": true,
            "name": "Source Code",
            "order": 1,
            "slug": "source-code",
            "updated_at": "2026-01-08T21:55:42.314623+07:00"
          },
          "category_id": 1,
          "created_at": "2026-01-13T02:20:25.197105+07:00",
          "created_by": 1,
          "description": "A complete microservices-based e-commerce backend written in Go (Golang). Includes services for products, orders, users, and payments. Features gRPC communication, Kafka event bus, and Docker compose setup.",
          "downloads_count": 0,
          "features": "[\"Microservices Architecture\", \"gRPC Communication\", \"Event-Driven\", \"Scalable\"]",
          "id": 1,
          "is_active": true,
          "preview_images": "[\"https://images.unsplash.com/photo-1555949963-aa79dcee981c?auto=format\u0026fit=crop\u0026q=80\u0026w=1000\", \"https://images.unsplash.com/photo-1555066931-4365d14bab8c?auto=format\u0026fit=crop\u0026q=80\u0026w=1000\"]",
          "price": 1500000,
          "rating_average": 0,
          "requirements": "[]",
          "slug": "ecommerce-microservices-go",
          "tech_stack": "[\"Golang\", \"gRPC\", \"Kafka\", \"PostgreSQL\", \"Docker\"]",
          "title": "E-Commerce Microservices Go",
          "type": "source_code",
          "updated_at": "2026-01-13T02:20:25.197105+07:00",
          "views_count": 0
        }
      ],
      "total": 5
    },
    "message": "Products retrieved successfully",
    "success": true
  },
  "duration": "4.6902ms",
  "duration_ms": 4,
  "client_ip": "::1",
  "user_agent": "Mozilla/5.0 (Windows NT 10.0; Win64; x64) AppleWebKit/537.36 (KHTML, like Gecko) Chrome/143.0.0.0 Safari/537.36"
}
========================================

{
  "timestamp": "2026-01-13 05:34:02",
  "method": "GET",
  "path": "/api/v1/products",
  "query": {
    "limit": "6"
  },
  "headers": {
    "Accept": "application/json, text/plain, */*",
    "Authorization": "",
    "Content-Type": ""
  },
  "status_code": 200,
  "response_body": {
    "data": {
      "limit": 6,
      "page": 1,
      "products": [
        {
          "category": {
            "created_at": "2026-01-08T21:55:42.326209+07:00",
            "description": "Python, PHP, and JS utility scripts",
            "icon": "terminal",
            "id": 4,
            "is_active": true,
            "name": "Scripts",
            "order": 4,
            "slug": "scripts",
            "updated_at": "2026-01-08T21:55:42.326209+07:00"
          },
          "category_id": 4,
          "created_at": "2026-01-13T02:20:25.212431+07:00",
          "created_by": 1,
          "description": "Python script to automate likes, follows, and comments. Includes safety limits to prevent account bans.",
          "downloads_count": 0,
          "features": "[\"Auto Like\", \"Auto Follow\", \"Targeting by Hashtag\"]",
          "id": 5,
          "is_active": true,
          "preview_images": "[\"https://images.unsplash.com/photo-1611162617474-5b21e879e113?auto=format\u0026fit=crop\u0026q=80\u0026w=1000\"]",
          "price": 150000,
          "rating_average": 0,
          "requirements": "[]",
          "slug": "instagram-automation-bot",
          "tech_stack": "[\"Python\", \"Selenium\"]",
          "title": "Instagram Automation Bot",
          "type": "scripts",
          "updated_at": "2026-01-13T02:20:25.212431+07:00",
          "views_count": 0
        },
        {
          "category": {
            "created_at": "2026-01-08T21:55:42.322557+07:00",
            "description": "UI kits and website templates",
            "icon": "layout",
            "id": 2,
            "is_active": true,
            "name": "Templates",
            "order": 2,
            "slug": "templates",
            "updated_at": "2026-01-08T21:55:42.322557+07:00"
          },
          "category_id": 2,
          "created_at": "2026-01-13T02:20:25.211149+07:00",
          "created_by": 1,
          "description": "Clean, responsive, and customizable admin dashboard template built with Vue 3 and Tailwind CSS.",
          "downloads_count": 0,
          "features": "[\"Dark Mode Support\", \"Responsive Layout\", \"Chart.js Integration\", \"Form Components\"]",
          "id": 4,
          "is_active": true,
          "preview_images": "[\"https://images.unsplash.com/photo-1551288049-bebda4e38f71?auto=format\u0026fit=crop\u0026q=80\u0026w=1000\"]",
          "price": 250000,
          "rating_average": 0,
          "requirements": "[]",
          "slug": "modern-admin-dashboard",
          "tech_stack": "[\"Vue 3\", \"Tailwind CSS\", \"Vite\"]",
          "title": "Modern Admin Dashboard UI",
          "type": "template",
          "updated_at": "2026-01-13T02:20:25.211149+07:00",
          "views_count": 0
        },
        {
          "category": {
            "created_at": "2026-01-08T21:55:42.325061+07:00",
            "description": "Flutter, React Native, and native apps",
            "icon": "smartphone",
            "id": 3,
            "is_active": true,
            "name": "Mobile Apps",
            "order": 3,
            "slug": "mobile-apps",
            "updated_at": "2026-01-08T21:55:42.325061+07:00"
          },
          "category_id": 3,
          "created_at": "2026-01-13T02:20:25.210572+07:00",
          "created_by": 1,
          "description": "Uber Eats clone made with Flutter. Beautiful animations, real-time tracking, and vendor dashboard included. Works on both iOS and Android.",
          "downloads_count": 0,
          "features": "[\"Real-time Tracking\", \"Push Notifications\", \"Vendor App\", \"Dark Mode\"]",
          "id": 3,
          "is_active": true,
          "preview_images": "[\"https://images.unsplash.com/photo-1512941937669-90a1b58e7e9c?auto=format\u0026fit=crop\u0026q=80\u0026w=1000\"]",
          "price": 500000,
          "rating_average": 0,
          "requirements": "[]",
          "slug": "flutter-delivery-app",
          "tech_stack": "[\"Flutter\", \"Firebase\", \"Google Maps API\"]",
          "title": "Flutter Delivery App",
          "type": "mobile_apps",
          "updated_at": "2026-01-13T02:20:25.210572+07:00",
          "views_count": 0
        },
        {
          "category": {
            "created_at": "2026-01-08T21:55:42.314623+07:00",
            "description": "Full application source codes",
            "icon": "code",
            "id": 1,
            "is_active": true,
            "name": "Source Code",
            "order": 1,
            "slug": "source-code",
            "updated_at": "2026-01-08T21:55:42.314623+07:00"
          },
          "category_id": 1,
          "created_at": "2026-01-13T02:20:25.20936+07:00",
          "created_by": 1,
          "description": "Launch your SaaS in days with this comprehensive Next.js boilerplate. Includes Stripe integration, Authentication, Database setup with Prisma, and tailwind UI components.",
          "downloads_count": 0,
          "features": "[\"Authentication\", \"Subscription Payments\", \"Admin Dashboard\", \"SEO Optimized\"]",
          "id": 2,
          "is_active": true,
          "preview_images": "[\"https://images.unsplash.com/photo-1618477247222-ac591245363d?auto=format\u0026fit=crop\u0026q=80\u0026w=1000\"]",
          "price": 750000,
          "rating_average": 0,
          "requirements": "[]",
          "slug": "nextjs-saas-boilerplate",
          "tech_stack": "[\"Next.js\", \"TypeScript\", \"Tailwind CSS\", \"Prisma\", \"Stripe\"]",
          "title": "NextJS SaaS Boilerplate",
          "type": "source_code",
          "updated_at": "2026-01-13T02:20:25.20936+07:00",
          "views_count": 0
        },
        {
          "category": {
            "created_at": "2026-01-08T21:55:42.314623+07:00",
            "description": "Full application source codes",
            "icon": "code",
            "id": 1,
            "is_active": true,
            "name": "Source Code",
            "order": 1,
            "slug": "source-code",
            "updated_at": "2026-01-08T21:55:42.314623+07:00"
          },
          "category_id": 1,
          "created_at": "2026-01-13T02:20:25.197105+07:00",
          "created_by": 1,
          "description": "A complete microservices-based e-commerce backend written in Go (Golang). Includes services for products, orders, users, and payments. Features gRPC communication, Kafka event bus, and Docker compose setup.",
          "downloads_count": 0,
          "features": "[\"Microservices Architecture\", \"gRPC Communication\", \"Event-Driven\", \"Scalable\"]",
          "id": 1,
          "is_active": true,
          "preview_images": "[\"https://images.unsplash.com/photo-1555949963-aa79dcee981c?auto=format\u0026fit=crop\u0026q=80\u0026w=1000\", \"https://images.unsplash.com/photo-1555066931-4365d14bab8c?auto=format\u0026fit=crop\u0026q=80\u0026w=1000\"]",
          "price": 1500000,
          "rating_average": 0,
          "requirements": "[]",
          "slug": "ecommerce-microservices-go",
          "tech_stack": "[\"Golang\", \"gRPC\", \"Kafka\", \"PostgreSQL\", \"Docker\"]",
          "title": "E-Commerce Microservices Go",
          "type": "source_code",
          "updated_at": "2026-01-13T02:20:25.197105+07:00",
          "views_count": 0
        }
      ],
      "total": 5
    },
    "message": "Products retrieved successfully",
    "success": true
  },
  "duration": "5.9844ms",
  "duration_ms": 5,
  "client_ip": "::1",
  "user_agent": "Mozilla/5.0 (Windows NT 10.0; Win64; x64) AppleWebKit/537.36 (KHTML, like Gecko) Chrome/143.0.0.0 Safari/537.36"
}
========================================

{
  "timestamp": "2026-01-13 05:34:11",
  "method": "GET",
  "path": "/api/v1/products",
  "query": {
    "limit": "6"
  },
  "headers": {
    "Accept": "application/json, text/plain, */*",
    "Authorization": "",
    "Content-Type": ""
  },
  "status_code": 200,
  "response_body": {
    "data": {
      "limit": 6,
      "page": 1,
      "products": [
        {
          "category": {
            "created_at": "2026-01-08T21:55:42.326209+07:00",
            "description": "Python, PHP, and JS utility scripts",
            "icon": "terminal",
            "id": 4,
            "is_active": true,
            "name": "Scripts",
            "order": 4,
            "slug": "scripts",
            "updated_at": "2026-01-08T21:55:42.326209+07:00"
          },
          "category_id": 4,
          "created_at": "2026-01-13T02:20:25.212431+07:00",
          "created_by": 1,
          "description": "Python script to automate likes, follows, and comments. Includes safety limits to prevent account bans.",
          "downloads_count": 0,
          "features": "[\"Auto Like\", \"Auto Follow\", \"Targeting by Hashtag\"]",
          "id": 5,
          "is_active": true,
          "preview_images": "[\"https://images.unsplash.com/photo-1611162617474-5b21e879e113?auto=format\u0026fit=crop\u0026q=80\u0026w=1000\"]",
          "price": 150000,
          "rating_average": 0,
          "requirements": "[]",
          "slug": "instagram-automation-bot",
          "tech_stack": "[\"Python\", \"Selenium\"]",
          "title": "Instagram Automation Bot",
          "type": "scripts",
          "updated_at": "2026-01-13T02:20:25.212431+07:00",
          "views_count": 0
        },
        {
          "category": {
            "created_at": "2026-01-08T21:55:42.322557+07:00",
            "description": "UI kits and website templates",
            "icon": "layout",
            "id": 2,
            "is_active": true,
            "name": "Templates",
            "order": 2,
            "slug": "templates",
            "updated_at": "2026-01-08T21:55:42.322557+07:00"
          },
          "category_id": 2,
          "created_at": "2026-01-13T02:20:25.211149+07:00",
          "created_by": 1,
          "description": "Clean, responsive, and customizable admin dashboard template built with Vue 3 and Tailwind CSS.",
          "downloads_count": 0,
          "features": "[\"Dark Mode Support\", \"Responsive Layout\", \"Chart.js Integration\", \"Form Components\"]",
          "id": 4,
          "is_active": true,
          "preview_images": "[\"https://images.unsplash.com/photo-1551288049-bebda4e38f71?auto=format\u0026fit=crop\u0026q=80\u0026w=1000\"]",
          "price": 250000,
          "rating_average": 0,
          "requirements": "[]",
          "slug": "modern-admin-dashboard",
          "tech_stack": "[\"Vue 3\", \"Tailwind CSS\", \"Vite\"]",
          "title": "Modern Admin Dashboard UI",
          "type": "template",
          "updated_at": "2026-01-13T02:20:25.211149+07:00",
          "views_count": 0
        },
        {
          "category": {
            "created_at": "2026-01-08T21:55:42.325061+07:00",
            "description": "Flutter, React Native, and native apps",
            "icon": "smartphone",
            "id": 3,
            "is_active": true,
            "name": "Mobile Apps",
            "order": 3,
            "slug": "mobile-apps",
            "updated_at": "2026-01-08T21:55:42.325061+07:00"
          },
          "category_id": 3,
          "created_at": "2026-01-13T02:20:25.210572+07:00",
          "created_by": 1,
          "description": "Uber Eats clone made with Flutter. Beautiful animations, real-time tracking, and vendor dashboard included. Works on both iOS and Android.",
          "downloads_count": 0,
          "features": "[\"Real-time Tracking\", \"Push Notifications\", \"Vendor App\", \"Dark Mode\"]",
          "id": 3,
          "is_active": true,
          "preview_images": "[\"https://images.unsplash.com/photo-1512941937669-90a1b58e7e9c?auto=format\u0026fit=crop\u0026q=80\u0026w=1000\"]",
          "price": 500000,
          "rating_average": 0,
          "requirements": "[]",
          "slug": "flutter-delivery-app",
          "tech_stack": "[\"Flutter\", \"Firebase\", \"Google Maps API\"]",
          "title": "Flutter Delivery App",
          "type": "mobile_apps",
          "updated_at": "2026-01-13T02:20:25.210572+07:00",
          "views_count": 0
        },
        {
          "category": {
            "created_at": "2026-01-08T21:55:42.314623+07:00",
            "description": "Full application source codes",
            "icon": "code",
            "id": 1,
            "is_active": true,
            "name": "Source Code",
            "order": 1,
            "slug": "source-code",
            "updated_at": "2026-01-08T21:55:42.314623+07:00"
          },
          "category_id": 1,
          "created_at": "2026-01-13T02:20:25.20936+07:00",
          "created_by": 1,
          "description": "Launch your SaaS in days with this comprehensive Next.js boilerplate. Includes Stripe integration, Authentication, Database setup with Prisma, and tailwind UI components.",
          "downloads_count": 0,
          "features": "[\"Authentication\", \"Subscription Payments\", \"Admin Dashboard\", \"SEO Optimized\"]",
          "id": 2,
          "is_active": true,
          "preview_images": "[\"https://images.unsplash.com/photo-1618477247222-ac591245363d?auto=format\u0026fit=crop\u0026q=80\u0026w=1000\"]",
          "price": 750000,
          "rating_average": 0,
          "requirements": "[]",
          "slug": "nextjs-saas-boilerplate",
          "tech_stack": "[\"Next.js\", \"TypeScript\", \"Tailwind CSS\", \"Prisma\", \"Stripe\"]",
          "title": "NextJS SaaS Boilerplate",
          "type": "source_code",
          "updated_at": "2026-01-13T02:20:25.20936+07:00",
          "views_count": 0
        },
        {
          "category": {
            "created_at": "2026-01-08T21:55:42.314623+07:00",
            "description": "Full application source codes",
            "icon": "code",
            "id": 1,
            "is_active": true,
            "name": "Source Code",
            "order": 1,
            "slug": "source-code",
            "updated_at": "2026-01-08T21:55:42.314623+07:00"
          },
          "category_id": 1,
          "created_at": "2026-01-13T02:20:25.197105+07:00",
          "created_by": 1,
          "description": "A complete microservices-based e-commerce backend written in Go (Golang). Includes services for products, orders, users, and payments. Features gRPC communication, Kafka event bus, and Docker compose setup.",
          "downloads_count": 0,
          "features": "[\"Microservices Architecture\", \"gRPC Communication\", \"Event-Driven\", \"Scalable\"]",
          "id": 1,
          "is_active": true,
          "preview_images": "[\"https://images.unsplash.com/photo-1555949963-aa79dcee981c?auto=format\u0026fit=crop\u0026q=80\u0026w=1000\", \"https://images.unsplash.com/photo-1555066931-4365d14bab8c?auto=format\u0026fit=crop\u0026q=80\u0026w=1000\"]",
          "price": 1500000,
          "rating_average": 0,
          "requirements": "[]",
          "slug": "ecommerce-microservices-go",
          "tech_stack": "[\"Golang\", \"gRPC\", \"Kafka\", \"PostgreSQL\", \"Docker\"]",
          "title": "E-Commerce Microservices Go",
          "type": "source_code",
          "updated_at": "2026-01-13T02:20:25.197105+07:00",
          "views_count": 0
        }
      ],
      "total": 5
    },
    "message": "Products retrieved successfully",
    "success": true
  },
  "duration": "2.333ms",
  "duration_ms": 2,
  "client_ip": "::1",
  "user_agent": "Mozilla/5.0 (Windows NT 10.0; Win64; x64) AppleWebKit/537.36 (KHTML, like Gecko) Chrome/143.0.0.0 Safari/537.36"
}
========================================

{
  "timestamp": "2026-01-13 05:34:46",
  "method": "GET",
  "path": "/api/v1/products",
  "query": {
    "limit": "6"
  },
  "headers": {
    "Accept": "application/json, text/plain, */*",
    "Authorization": "",
    "Content-Type": ""
  },
  "status_code": 200,
  "response_body": {
    "data": {
      "limit": 6,
      "page": 1,
      "products": [
        {
          "category": {
            "created_at": "2026-01-08T21:55:42.326209+07:00",
            "description": "Python, PHP, and JS utility scripts",
            "icon": "terminal",
            "id": 4,
            "is_active": true,
            "name": "Scripts",
            "order": 4,
            "slug": "scripts",
            "updated_at": "2026-01-08T21:55:42.326209+07:00"
          },
          "category_id": 4,
          "created_at": "2026-01-13T02:20:25.212431+07:00",
          "created_by": 1,
          "description": "Python script to automate likes, follows, and comments. Includes safety limits to prevent account bans.",
          "downloads_count": 0,
          "features": "[\"Auto Like\", \"Auto Follow\", \"Targeting by Hashtag\"]",
          "id": 5,
          "is_active": true,
          "preview_images": "[\"https://images.unsplash.com/photo-1611162617474-5b21e879e113?auto=format\u0026fit=crop\u0026q=80\u0026w=1000\"]",
          "price": 150000,
          "rating_average": 0,
          "requirements": "[]",
          "slug": "instagram-automation-bot",
          "tech_stack": "[\"Python\", \"Selenium\"]",
          "title": "Instagram Automation Bot",
          "type": "scripts",
          "updated_at": "2026-01-13T02:20:25.212431+07:00",
          "views_count": 0
        },
        {
          "category": {
            "created_at": "2026-01-08T21:55:42.322557+07:00",
            "description": "UI kits and website templates",
            "icon": "layout",
            "id": 2,
            "is_active": true,
            "name": "Templates",
            "order": 2,
            "slug": "templates",
            "updated_at": "2026-01-08T21:55:42.322557+07:00"
          },
          "category_id": 2,
          "created_at": "2026-01-13T02:20:25.211149+07:00",
          "created_by": 1,
          "description": "Clean, responsive, and customizable admin dashboard template built with Vue 3 and Tailwind CSS.",
          "downloads_count": 0,
          "features": "[\"Dark Mode Support\", \"Responsive Layout\", \"Chart.js Integration\", \"Form Components\"]",
          "id": 4,
          "is_active": true,
          "preview_images": "[\"https://images.unsplash.com/photo-1551288049-bebda4e38f71?auto=format\u0026fit=crop\u0026q=80\u0026w=1000\"]",
          "price": 250000,
          "rating_average": 0,
          "requirements": "[]",
          "slug": "modern-admin-dashboard",
          "tech_stack": "[\"Vue 3\", \"Tailwind CSS\", \"Vite\"]",
          "title": "Modern Admin Dashboard UI",
          "type": "template",
          "updated_at": "2026-01-13T02:20:25.211149+07:00",
          "views_count": 0
        },
        {
          "category": {
            "created_at": "2026-01-08T21:55:42.325061+07:00",
            "description": "Flutter, React Native, and native apps",
            "icon": "smartphone",
            "id": 3,
            "is_active": true,
            "name": "Mobile Apps",
            "order": 3,
            "slug": "mobile-apps",
            "updated_at": "2026-01-08T21:55:42.325061+07:00"
          },
          "category_id": 3,
          "created_at": "2026-01-13T02:20:25.210572+07:00",
          "created_by": 1,
          "description": "Uber Eats clone made with Flutter. Beautiful animations, real-time tracking, and vendor dashboard included. Works on both iOS and Android.",
          "downloads_count": 0,
          "features": "[\"Real-time Tracking\", \"Push Notifications\", \"Vendor App\", \"Dark Mode\"]",
          "id": 3,
          "is_active": true,
          "preview_images": "[\"https://images.unsplash.com/photo-1512941937669-90a1b58e7e9c?auto=format\u0026fit=crop\u0026q=80\u0026w=1000\"]",
          "price": 500000,
          "rating_average": 0,
          "requirements": "[]",
          "slug": "flutter-delivery-app",
          "tech_stack": "[\"Flutter\", \"Firebase\", \"Google Maps API\"]",
          "title": "Flutter Delivery App",
          "type": "mobile_apps",
          "updated_at": "2026-01-13T02:20:25.210572+07:00",
          "views_count": 0
        },
        {
          "category": {
            "created_at": "2026-01-08T21:55:42.314623+07:00",
            "description": "Full application source codes",
            "icon": "code",
            "id": 1,
            "is_active": true,
            "name": "Source Code",
            "order": 1,
            "slug": "source-code",
            "updated_at": "2026-01-08T21:55:42.314623+07:00"
          },
          "category_id": 1,
          "created_at": "2026-01-13T02:20:25.20936+07:00",
          "created_by": 1,
          "description": "Launch your SaaS in days with this comprehensive Next.js boilerplate. Includes Stripe integration, Authentication, Database setup with Prisma, and tailwind UI components.",
          "downloads_count": 0,
          "features": "[\"Authentication\", \"Subscription Payments\", \"Admin Dashboard\", \"SEO Optimized\"]",
          "id": 2,
          "is_active": true,
          "preview_images": "[\"https://images.unsplash.com/photo-1618477247222-ac591245363d?auto=format\u0026fit=crop\u0026q=80\u0026w=1000\"]",
          "price": 750000,
          "rating_average": 0,
          "requirements": "[]",
          "slug": "nextjs-saas-boilerplate",
          "tech_stack": "[\"Next.js\", \"TypeScript\", \"Tailwind CSS\", \"Prisma\", \"Stripe\"]",
          "title": "NextJS SaaS Boilerplate",
          "type": "source_code",
          "updated_at": "2026-01-13T02:20:25.20936+07:00",
          "views_count": 0
        },
        {
          "category": {
            "created_at": "2026-01-08T21:55:42.314623+07:00",
            "description": "Full application source codes",
            "icon": "code",
            "id": 1,
            "is_active": true,
            "name": "Source Code",
            "order": 1,
            "slug": "source-code",
            "updated_at": "2026-01-08T21:55:42.314623+07:00"
          },
          "category_id": 1,
          "created_at": "2026-01-13T02:20:25.197105+07:00",
          "created_by": 1,
          "description": "A complete microservices-based e-commerce backend written in Go (Golang). Includes services for products, orders, users, and payments. Features gRPC communication, Kafka event bus, and Docker compose setup.",
          "downloads_count": 0,
          "features": "[\"Microservices Architecture\", \"gRPC Communication\", \"Event-Driven\", \"Scalable\"]",
          "id": 1,
          "is_active": true,
          "preview_images": "[\"https://images.unsplash.com/photo-1555949963-aa79dcee981c?auto=format\u0026fit=crop\u0026q=80\u0026w=1000\", \"https://images.unsplash.com/photo-1555066931-4365d14bab8c?auto=format\u0026fit=crop\u0026q=80\u0026w=1000\"]",
          "price": 1500000,
          "rating_average": 0,
          "requirements": "[]",
          "slug": "ecommerce-microservices-go",
          "tech_stack": "[\"Golang\", \"gRPC\", \"Kafka\", \"PostgreSQL\", \"Docker\"]",
          "title": "E-Commerce Microservices Go",
          "type": "source_code",
          "updated_at": "2026-01-13T02:20:25.197105+07:00",
          "views_count": 0
        }
      ],
      "total": 5
    },
    "message": "Products retrieved successfully",
    "success": true
  },
  "duration": "4.3489ms",
  "duration_ms": 4,
  "client_ip": "::1",
  "user_agent": "Mozilla/5.0 (Windows NT 10.0; Win64; x64) AppleWebKit/537.36 (KHTML, like Gecko) Chrome/143.0.0.0 Safari/537.36"
}
========================================

{
  "timestamp": "2026-01-13 05:34:48",
  "method": "GET",
  "path": "/api/v1/products",
  "query": {
    "limit": "6"
  },
  "headers": {
    "Accept": "application/json, text/plain, */*",
    "Authorization": "",
    "Content-Type": ""
  },
  "status_code": 200,
  "response_body": {
    "data": {
      "limit": 6,
      "page": 1,
      "products": [
        {
          "category": {
            "created_at": "2026-01-08T21:55:42.326209+07:00",
            "description": "Python, PHP, and JS utility scripts",
            "icon": "terminal",
            "id": 4,
            "is_active": true,
            "name": "Scripts",
            "order": 4,
            "slug": "scripts",
            "updated_at": "2026-01-08T21:55:42.326209+07:00"
          },
          "category_id": 4,
          "created_at": "2026-01-13T02:20:25.212431+07:00",
          "created_by": 1,
          "description": "Python script to automate likes, follows, and comments. Includes safety limits to prevent account bans.",
          "downloads_count": 0,
          "features": "[\"Auto Like\", \"Auto Follow\", \"Targeting by Hashtag\"]",
          "id": 5,
          "is_active": true,
          "preview_images": "[\"https://images.unsplash.com/photo-1611162617474-5b21e879e113?auto=format\u0026fit=crop\u0026q=80\u0026w=1000\"]",
          "price": 150000,
          "rating_average": 0,
          "requirements": "[]",
          "slug": "instagram-automation-bot",
          "tech_stack": "[\"Python\", \"Selenium\"]",
          "title": "Instagram Automation Bot",
          "type": "scripts",
          "updated_at": "2026-01-13T02:20:25.212431+07:00",
          "views_count": 0
        },
        {
          "category": {
            "created_at": "2026-01-08T21:55:42.322557+07:00",
            "description": "UI kits and website templates",
            "icon": "layout",
            "id": 2,
            "is_active": true,
            "name": "Templates",
            "order": 2,
            "slug": "templates",
            "updated_at": "2026-01-08T21:55:42.322557+07:00"
          },
          "category_id": 2,
          "created_at": "2026-01-13T02:20:25.211149+07:00",
          "created_by": 1,
          "description": "Clean, responsive, and customizable admin dashboard template built with Vue 3 and Tailwind CSS.",
          "downloads_count": 0,
          "features": "[\"Dark Mode Support\", \"Responsive Layout\", \"Chart.js Integration\", \"Form Components\"]",
          "id": 4,
          "is_active": true,
          "preview_images": "[\"https://images.unsplash.com/photo-1551288049-bebda4e38f71?auto=format\u0026fit=crop\u0026q=80\u0026w=1000\"]",
          "price": 250000,
          "rating_average": 0,
          "requirements": "[]",
          "slug": "modern-admin-dashboard",
          "tech_stack": "[\"Vue 3\", \"Tailwind CSS\", \"Vite\"]",
          "title": "Modern Admin Dashboard UI",
          "type": "template",
          "updated_at": "2026-01-13T02:20:25.211149+07:00",
          "views_count": 0
        },
        {
          "category": {
            "created_at": "2026-01-08T21:55:42.325061+07:00",
            "description": "Flutter, React Native, and native apps",
            "icon": "smartphone",
            "id": 3,
            "is_active": true,
            "name": "Mobile Apps",
            "order": 3,
            "slug": "mobile-apps",
            "updated_at": "2026-01-08T21:55:42.325061+07:00"
          },
          "category_id": 3,
          "created_at": "2026-01-13T02:20:25.210572+07:00",
          "created_by": 1,
          "description": "Uber Eats clone made with Flutter. Beautiful animations, real-time tracking, and vendor dashboard included. Works on both iOS and Android.",
          "downloads_count": 0,
          "features": "[\"Real-time Tracking\", \"Push Notifications\", \"Vendor App\", \"Dark Mode\"]",
          "id": 3,
          "is_active": true,
          "preview_images": "[\"https://images.unsplash.com/photo-1512941937669-90a1b58e7e9c?auto=format\u0026fit=crop\u0026q=80\u0026w=1000\"]",
          "price": 500000,
          "rating_average": 0,
          "requirements": "[]",
          "slug": "flutter-delivery-app",
          "tech_stack": "[\"Flutter\", \"Firebase\", \"Google Maps API\"]",
          "title": "Flutter Delivery App",
          "type": "mobile_apps",
          "updated_at": "2026-01-13T02:20:25.210572+07:00",
          "views_count": 0
        },
        {
          "category": {
            "created_at": "2026-01-08T21:55:42.314623+07:00",
            "description": "Full application source codes",
            "icon": "code",
            "id": 1,
            "is_active": true,
            "name": "Source Code",
            "order": 1,
            "slug": "source-code",
            "updated_at": "2026-01-08T21:55:42.314623+07:00"
          },
          "category_id": 1,
          "created_at": "2026-01-13T02:20:25.20936+07:00",
          "created_by": 1,
          "description": "Launch your SaaS in days with this comprehensive Next.js boilerplate. Includes Stripe integration, Authentication, Database setup with Prisma, and tailwind UI components.",
          "downloads_count": 0,
          "features": "[\"Authentication\", \"Subscription Payments\", \"Admin Dashboard\", \"SEO Optimized\"]",
          "id": 2,
          "is_active": true,
          "preview_images": "[\"https://images.unsplash.com/photo-1618477247222-ac591245363d?auto=format\u0026fit=crop\u0026q=80\u0026w=1000\"]",
          "price": 750000,
          "rating_average": 0,
          "requirements": "[]",
          "slug": "nextjs-saas-boilerplate",
          "tech_stack": "[\"Next.js\", \"TypeScript\", \"Tailwind CSS\", \"Prisma\", \"Stripe\"]",
          "title": "NextJS SaaS Boilerplate",
          "type": "source_code",
          "updated_at": "2026-01-13T02:20:25.20936+07:00",
          "views_count": 0
        },
        {
          "category": {
            "created_at": "2026-01-08T21:55:42.314623+07:00",
            "description": "Full application source codes",
            "icon": "code",
            "id": 1,
            "is_active": true,
            "name": "Source Code",
            "order": 1,
            "slug": "source-code",
            "updated_at": "2026-01-08T21:55:42.314623+07:00"
          },
          "category_id": 1,
          "created_at": "2026-01-13T02:20:25.197105+07:00",
          "created_by": 1,
          "description": "A complete microservices-based e-commerce backend written in Go (Golang). Includes services for products, orders, users, and payments. Features gRPC communication, Kafka event bus, and Docker compose setup.",
          "downloads_count": 0,
          "features": "[\"Microservices Architecture\", \"gRPC Communication\", \"Event-Driven\", \"Scalable\"]",
          "id": 1,
          "is_active": true,
          "preview_images": "[\"https://images.unsplash.com/photo-1555949963-aa79dcee981c?auto=format\u0026fit=crop\u0026q=80\u0026w=1000\", \"https://images.unsplash.com/photo-1555066931-4365d14bab8c?auto=format\u0026fit=crop\u0026q=80\u0026w=1000\"]",
          "price": 1500000,
          "rating_average": 0,
          "requirements": "[]",
          "slug": "ecommerce-microservices-go",
          "tech_stack": "[\"Golang\", \"gRPC\", \"Kafka\", \"PostgreSQL\", \"Docker\"]",
          "title": "E-Commerce Microservices Go",
          "type": "source_code",
          "updated_at": "2026-01-13T02:20:25.197105+07:00",
          "views_count": 0
        }
      ],
      "total": 5
    },
    "message": "Products retrieved successfully",
    "success": true
  },
  "duration": "3.1074ms",
  "duration_ms": 3,
  "client_ip": "::1",
  "user_agent": "Mozilla/5.0 (Windows NT 10.0; Win64; x64) AppleWebKit/537.36 (KHTML, like Gecko) Chrome/143.0.0.0 Safari/537.36"
}
========================================

{
  "timestamp": "2026-01-13 05:36:13",
  "method": "GET",
  "path": "/api/v1/products",
  "query": {
    "limit": "6"
  },
  "headers": {
    "Accept": "application/json, text/plain, */*",
    "Authorization": "",
    "Content-Type": ""
  },
  "status_code": 200,
  "response_body": {
    "data": {
      "limit": 6,
      "page": 1,
      "products": [
        {
          "category": {
            "created_at": "2026-01-08T21:55:42.326209+07:00",
            "description": "Python, PHP, and JS utility scripts",
            "icon": "terminal",
            "id": 4,
            "is_active": true,
            "name": "Scripts",
            "order": 4,
            "slug": "scripts",
            "updated_at": "2026-01-08T21:55:42.326209+07:00"
          },
          "category_id": 4,
          "created_at": "2026-01-13T02:20:25.212431+07:00",
          "created_by": 1,
          "description": "Python script to automate likes, follows, and comments. Includes safety limits to prevent account bans.",
          "downloads_count": 0,
          "features": "[\"Auto Like\", \"Auto Follow\", \"Targeting by Hashtag\"]",
          "id": 5,
          "is_active": true,
          "preview_images": "[\"https://images.unsplash.com/photo-1611162617474-5b21e879e113?auto=format\u0026fit=crop\u0026q=80\u0026w=1000\"]",
          "price": 150000,
          "rating_average": 0,
          "requirements": "[]",
          "slug": "instagram-automation-bot",
          "tech_stack": "[\"Python\", \"Selenium\"]",
          "title": "Instagram Automation Bot",
          "type": "scripts",
          "updated_at": "2026-01-13T02:20:25.212431+07:00",
          "views_count": 0
        },
        {
          "category": {
            "created_at": "2026-01-08T21:55:42.322557+07:00",
            "description": "UI kits and website templates",
            "icon": "layout",
            "id": 2,
            "is_active": true,
            "name": "Templates",
            "order": 2,
            "slug": "templates",
            "updated_at": "2026-01-08T21:55:42.322557+07:00"
          },
          "category_id": 2,
          "created_at": "2026-01-13T02:20:25.211149+07:00",
          "created_by": 1,
          "description": "Clean, responsive, and customizable admin dashboard template built with Vue 3 and Tailwind CSS.",
          "downloads_count": 0,
          "features": "[\"Dark Mode Support\", \"Responsive Layout\", \"Chart.js Integration\", \"Form Components\"]",
          "id": 4,
          "is_active": true,
          "preview_images": "[\"https://images.unsplash.com/photo-1551288049-bebda4e38f71?auto=format\u0026fit=crop\u0026q=80\u0026w=1000\"]",
          "price": 250000,
          "rating_average": 0,
          "requirements": "[]",
          "slug": "modern-admin-dashboard",
          "tech_stack": "[\"Vue 3\", \"Tailwind CSS\", \"Vite\"]",
          "title": "Modern Admin Dashboard UI",
          "type": "template",
          "updated_at": "2026-01-13T02:20:25.211149+07:00",
          "views_count": 0
        },
        {
          "category": {
            "created_at": "2026-01-08T21:55:42.325061+07:00",
            "description": "Flutter, React Native, and native apps",
            "icon": "smartphone",
            "id": 3,
            "is_active": true,
            "name": "Mobile Apps",
            "order": 3,
            "slug": "mobile-apps",
            "updated_at": "2026-01-08T21:55:42.325061+07:00"
          },
          "category_id": 3,
          "created_at": "2026-01-13T02:20:25.210572+07:00",
          "created_by": 1,
          "description": "Uber Eats clone made with Flutter. Beautiful animations, real-time tracking, and vendor dashboard included. Works on both iOS and Android.",
          "downloads_count": 0,
          "features": "[\"Real-time Tracking\", \"Push Notifications\", \"Vendor App\", \"Dark Mode\"]",
          "id": 3,
          "is_active": true,
          "preview_images": "[\"https://images.unsplash.com/photo-1512941937669-90a1b58e7e9c?auto=format\u0026fit=crop\u0026q=80\u0026w=1000\"]",
          "price": 500000,
          "rating_average": 0,
          "requirements": "[]",
          "slug": "flutter-delivery-app",
          "tech_stack": "[\"Flutter\", \"Firebase\", \"Google Maps API\"]",
          "title": "Flutter Delivery App",
          "type": "mobile_apps",
          "updated_at": "2026-01-13T02:20:25.210572+07:00",
          "views_count": 0
        },
        {
          "category": {
            "created_at": "2026-01-08T21:55:42.314623+07:00",
            "description": "Full application source codes",
            "icon": "code",
            "id": 1,
            "is_active": true,
            "name": "Source Code",
            "order": 1,
            "slug": "source-code",
            "updated_at": "2026-01-08T21:55:42.314623+07:00"
          },
          "category_id": 1,
          "created_at": "2026-01-13T02:20:25.20936+07:00",
          "created_by": 1,
          "description": "Launch your SaaS in days with this comprehensive Next.js boilerplate. Includes Stripe integration, Authentication, Database setup with Prisma, and tailwind UI components.",
          "downloads_count": 0,
          "features": "[\"Authentication\", \"Subscription Payments\", \"Admin Dashboard\", \"SEO Optimized\"]",
          "id": 2,
          "is_active": true,
          "preview_images": "[\"https://images.unsplash.com/photo-1618477247222-ac591245363d?auto=format\u0026fit=crop\u0026q=80\u0026w=1000\"]",
          "price": 750000,
          "rating_average": 0,
          "requirements": "[]",
          "slug": "nextjs-saas-boilerplate",
          "tech_stack": "[\"Next.js\", \"TypeScript\", \"Tailwind CSS\", \"Prisma\", \"Stripe\"]",
          "title": "NextJS SaaS Boilerplate",
          "type": "source_code",
          "updated_at": "2026-01-13T02:20:25.20936+07:00",
          "views_count": 0
        },
        {
          "category": {
            "created_at": "2026-01-08T21:55:42.314623+07:00",
            "description": "Full application source codes",
            "icon": "code",
            "id": 1,
            "is_active": true,
            "name": "Source Code",
            "order": 1,
            "slug": "source-code",
            "updated_at": "2026-01-08T21:55:42.314623+07:00"
          },
          "category_id": 1,
          "created_at": "2026-01-13T02:20:25.197105+07:00",
          "created_by": 1,
          "description": "A complete microservices-based e-commerce backend written in Go (Golang). Includes services for products, orders, users, and payments. Features gRPC communication, Kafka event bus, and Docker compose setup.",
          "downloads_count": 0,
          "features": "[\"Microservices Architecture\", \"gRPC Communication\", \"Event-Driven\", \"Scalable\"]",
          "id": 1,
          "is_active": true,
          "preview_images": "[\"https://images.unsplash.com/photo-1555949963-aa79dcee981c?auto=format\u0026fit=crop\u0026q=80\u0026w=1000\", \"https://images.unsplash.com/photo-1555066931-4365d14bab8c?auto=format\u0026fit=crop\u0026q=80\u0026w=1000\"]",
          "price": 1500000,
          "rating_average": 0,
          "requirements": "[]",
          "slug": "ecommerce-microservices-go",
          "tech_stack": "[\"Golang\", \"gRPC\", \"Kafka\", \"PostgreSQL\", \"Docker\"]",
          "title": "E-Commerce Microservices Go",
          "type": "source_code",
          "updated_at": "2026-01-13T02:20:25.197105+07:00",
          "views_count": 0
        }
      ],
      "total": 5
    },
    "message": "Products retrieved successfully",
    "success": true
  },
  "duration": "3.0497ms",
  "duration_ms": 3,
  "client_ip": "::1",
  "user_agent": "Mozilla/5.0 (Windows NT 10.0; Win64; x64) AppleWebKit/537.36 (KHTML, like Gecko) Chrome/143.0.0.0 Safari/537.36"
}
========================================

{
  "timestamp": "2026-01-13 05:36:25",
  "method": "GET",
  "path": "/api/v1/products",
  "query": {
    "limit": "20"
  },
  "headers": {
    "Accept": "application/json, text/plain, */*",
    "Authorization": "",
    "Content-Type": ""
  },
  "status_code": 200,
  "response_body": {
    "data": {
      "limit": 20,
      "page": 1,
      "products": [
        {
          "category": {
            "created_at": "2026-01-08T21:55:42.326209+07:00",
            "description": "Python, PHP, and JS utility scripts",
            "icon": "terminal",
            "id": 4,
            "is_active": true,
            "name": "Scripts",
            "order": 4,
            "slug": "scripts",
            "updated_at": "2026-01-08T21:55:42.326209+07:00"
          },
          "category_id": 4,
          "created_at": "2026-01-13T02:20:25.212431+07:00",
          "created_by": 1,
          "description": "Python script to automate likes, follows, and comments. Includes safety limits to prevent account bans.",
          "downloads_count": 0,
          "features": "[\"Auto Like\", \"Auto Follow\", \"Targeting by Hashtag\"]",
          "id": 5,
          "is_active": true,
          "preview_images": "[\"https://images.unsplash.com/photo-1611162617474-5b21e879e113?auto=format\u0026fit=crop\u0026q=80\u0026w=1000\"]",
          "price": 150000,
          "rating_average": 0,
          "requirements": "[]",
          "slug": "instagram-automation-bot",
          "tech_stack": "[\"Python\", \"Selenium\"]",
          "title": "Instagram Automation Bot",
          "type": "scripts",
          "updated_at": "2026-01-13T02:20:25.212431+07:00",
          "views_count": 0
        },
        {
          "category": {
            "created_at": "2026-01-08T21:55:42.322557+07:00",
            "description": "UI kits and website templates",
            "icon": "layout",
            "id": 2,
            "is_active": true,
            "name": "Templates",
            "order": 2,
            "slug": "templates",
            "updated_at": "2026-01-08T21:55:42.322557+07:00"
          },
          "category_id": 2,
          "created_at": "2026-01-13T02:20:25.211149+07:00",
          "created_by": 1,
          "description": "Clean, responsive, and customizable admin dashboard template built with Vue 3 and Tailwind CSS.",
          "downloads_count": 0,
          "features": "[\"Dark Mode Support\", \"Responsive Layout\", \"Chart.js Integration\", \"Form Components\"]",
          "id": 4,
          "is_active": true,
          "preview_images": "[\"https://images.unsplash.com/photo-1551288049-bebda4e38f71?auto=format\u0026fit=crop\u0026q=80\u0026w=1000\"]",
          "price": 250000,
          "rating_average": 0,
          "requirements": "[]",
          "slug": "modern-admin-dashboard",
          "tech_stack": "[\"Vue 3\", \"Tailwind CSS\", \"Vite\"]",
          "title": "Modern Admin Dashboard UI",
          "type": "template",
          "updated_at": "2026-01-13T02:20:25.211149+07:00",
          "views_count": 0
        },
        {
          "category": {
            "created_at": "2026-01-08T21:55:42.325061+07:00",
            "description": "Flutter, React Native, and native apps",
            "icon": "smartphone",
            "id": 3,
            "is_active": true,
            "name": "Mobile Apps",
            "order": 3,
            "slug": "mobile-apps",
            "updated_at": "2026-01-08T21:55:42.325061+07:00"
          },
          "category_id": 3,
          "created_at": "2026-01-13T02:20:25.210572+07:00",
          "created_by": 1,
          "description": "Uber Eats clone made with Flutter. Beautiful animations, real-time tracking, and vendor dashboard included. Works on both iOS and Android.",
          "downloads_count": 0,
          "features": "[\"Real-time Tracking\", \"Push Notifications\", \"Vendor App\", \"Dark Mode\"]",
          "id": 3,
          "is_active": true,
          "preview_images": "[\"https://images.unsplash.com/photo-1512941937669-90a1b58e7e9c?auto=format\u0026fit=crop\u0026q=80\u0026w=1000\"]",
          "price": 500000,
          "rating_average": 0,
          "requirements": "[]",
          "slug": "flutter-delivery-app",
          "tech_stack": "[\"Flutter\", \"Firebase\", \"Google Maps API\"]",
          "title": "Flutter Delivery App",
          "type": "mobile_apps",
          "updated_at": "2026-01-13T02:20:25.210572+07:00",
          "views_count": 0
        },
        {
          "category": {
            "created_at": "2026-01-08T21:55:42.314623+07:00",
            "description": "Full application source codes",
            "icon": "code",
            "id": 1,
            "is_active": true,
            "name": "Source Code",
            "order": 1,
            "slug": "source-code",
            "updated_at": "2026-01-08T21:55:42.314623+07:00"
          },
          "category_id": 1,
          "created_at": "2026-01-13T02:20:25.20936+07:00",
          "created_by": 1,
          "description": "Launch your SaaS in days with this comprehensive Next.js boilerplate. Includes Stripe integration, Authentication, Database setup with Prisma, and tailwind UI components.",
          "downloads_count": 0,
          "features": "[\"Authentication\", \"Subscription Payments\", \"Admin Dashboard\", \"SEO Optimized\"]",
          "id": 2,
          "is_active": true,
          "preview_images": "[\"https://images.unsplash.com/photo-1618477247222-ac591245363d?auto=format\u0026fit=crop\u0026q=80\u0026w=1000\"]",
          "price": 750000,
          "rating_average": 0,
          "requirements": "[]",
          "slug": "nextjs-saas-boilerplate",
          "tech_stack": "[\"Next.js\", \"TypeScript\", \"Tailwind CSS\", \"Prisma\", \"Stripe\"]",
          "title": "NextJS SaaS Boilerplate",
          "type": "source_code",
          "updated_at": "2026-01-13T02:20:25.20936+07:00",
          "views_count": 0
        },
        {
          "category": {
            "created_at": "2026-01-08T21:55:42.314623+07:00",
            "description": "Full application source codes",
            "icon": "code",
            "id": 1,
            "is_active": true,
            "name": "Source Code",
            "order": 1,
            "slug": "source-code",
            "updated_at": "2026-01-08T21:55:42.314623+07:00"
          },
          "category_id": 1,
          "created_at": "2026-01-13T02:20:25.197105+07:00",
          "created_by": 1,
          "description": "A complete microservices-based e-commerce backend written in Go (Golang). Includes services for products, orders, users, and payments. Features gRPC communication, Kafka event bus, and Docker compose setup.",
          "downloads_count": 0,
          "features": "[\"Microservices Architecture\", \"gRPC Communication\", \"Event-Driven\", \"Scalable\"]",
          "id": 1,
          "is_active": true,
          "preview_images": "[\"https://images.unsplash.com/photo-1555949963-aa79dcee981c?auto=format\u0026fit=crop\u0026q=80\u0026w=1000\", \"https://images.unsplash.com/photo-1555066931-4365d14bab8c?auto=format\u0026fit=crop\u0026q=80\u0026w=1000\"]",
          "price": 1500000,
          "rating_average": 0,
          "requirements": "[]",
          "slug": "ecommerce-microservices-go",
          "tech_stack": "[\"Golang\", \"gRPC\", \"Kafka\", \"PostgreSQL\", \"Docker\"]",
          "title": "E-Commerce Microservices Go",
          "type": "source_code",
          "updated_at": "2026-01-13T02:20:25.197105+07:00",
          "views_count": 0
        }
      ],
      "total": 5
    },
    "message": "Products retrieved successfully",
    "success": true
  },
  "duration": "4.4863ms",
  "duration_ms": 4,
  "client_ip": "::1",
  "user_agent": "Mozilla/5.0 (Windows NT 10.0; Win64; x64) AppleWebKit/537.36 (KHTML, like Gecko) Chrome/143.0.0.0 Safari/537.36"
}
========================================

{
  "timestamp": "2026-01-13 05:39:03",
  "method": "GET",
  "path": "/api/v1/products",
  "query": {
    "limit": "20"
  },
  "headers": {
    "Accept": "application/json, text/plain, */*",
    "Authorization": "",
    "Content-Type": ""
  },
  "status_code": 200,
  "response_body": {
    "data": {
      "limit": 20,
      "page": 1,
      "products": [
        {
          "category": {
            "created_at": "2026-01-08T21:55:42.326209+07:00",
            "description": "Python, PHP, and JS utility scripts",
            "icon": "terminal",
            "id": 4,
            "is_active": true,
            "name": "Scripts",
            "order": 4,
            "slug": "scripts",
            "updated_at": "2026-01-08T21:55:42.326209+07:00"
          },
          "category_id": 4,
          "created_at": "2026-01-13T02:20:25.212431+07:00",
          "created_by": 1,
          "description": "Python script to automate likes, follows, and comments. Includes safety limits to prevent account bans.",
          "downloads_count": 0,
          "features": "[\"Auto Like\", \"Auto Follow\", \"Targeting by Hashtag\"]",
          "id": 5,
          "is_active": true,
          "preview_images": "[\"https://images.unsplash.com/photo-1611162617474-5b21e879e113?auto=format\u0026fit=crop\u0026q=80\u0026w=1000\"]",
          "price": 150000,
          "rating_average": 0,
          "requirements": "[]",
          "slug": "instagram-automation-bot",
          "tech_stack": "[\"Python\", \"Selenium\"]",
          "title": "Instagram Automation Bot",
          "type": "scripts",
          "updated_at": "2026-01-13T02:20:25.212431+07:00",
          "views_count": 0
        },
        {
          "category": {
            "created_at": "2026-01-08T21:55:42.322557+07:00",
            "description": "UI kits and website templates",
            "icon": "layout",
            "id": 2,
            "is_active": true,
            "name": "Templates",
            "order": 2,
            "slug": "templates",
            "updated_at": "2026-01-08T21:55:42.322557+07:00"
          },
          "category_id": 2,
          "created_at": "2026-01-13T02:20:25.211149+07:00",
          "created_by": 1,
          "description": "Clean, responsive, and customizable admin dashboard template built with Vue 3 and Tailwind CSS.",
          "downloads_count": 0,
          "features": "[\"Dark Mode Support\", \"Responsive Layout\", \"Chart.js Integration\", \"Form Components\"]",
          "id": 4,
          "is_active": true,
          "preview_images": "[\"https://images.unsplash.com/photo-1551288049-bebda4e38f71?auto=format\u0026fit=crop\u0026q=80\u0026w=1000\"]",
          "price": 250000,
          "rating_average": 0,
          "requirements": "[]",
          "slug": "modern-admin-dashboard",
          "tech_stack": "[\"Vue 3\", \"Tailwind CSS\", \"Vite\"]",
          "title": "Modern Admin Dashboard UI",
          "type": "template",
          "updated_at": "2026-01-13T02:20:25.211149+07:00",
          "views_count": 0
        },
        {
          "category": {
            "created_at": "2026-01-08T21:55:42.325061+07:00",
            "description": "Flutter, React Native, and native apps",
            "icon": "smartphone",
            "id": 3,
            "is_active": true,
            "name": "Mobile Apps",
            "order": 3,
            "slug": "mobile-apps",
            "updated_at": "2026-01-08T21:55:42.325061+07:00"
          },
          "category_id": 3,
          "created_at": "2026-01-13T02:20:25.210572+07:00",
          "created_by": 1,
          "description": "Uber Eats clone made with Flutter. Beautiful animations, real-time tracking, and vendor dashboard included. Works on both iOS and Android.",
          "downloads_count": 0,
          "features": "[\"Real-time Tracking\", \"Push Notifications\", \"Vendor App\", \"Dark Mode\"]",
          "id": 3,
          "is_active": true,
          "preview_images": "[\"https://images.unsplash.com/photo-1512941937669-90a1b58e7e9c?auto=format\u0026fit=crop\u0026q=80\u0026w=1000\"]",
          "price": 500000,
          "rating_average": 0,
          "requirements": "[]",
          "slug": "flutter-delivery-app",
          "tech_stack": "[\"Flutter\", \"Firebase\", \"Google Maps API\"]",
          "title": "Flutter Delivery App",
          "type": "mobile_apps",
          "updated_at": "2026-01-13T02:20:25.210572+07:00",
          "views_count": 0
        },
        {
          "category": {
            "created_at": "2026-01-08T21:55:42.314623+07:00",
            "description": "Full application source codes",
            "icon": "code",
            "id": 1,
            "is_active": true,
            "name": "Source Code",
            "order": 1,
            "slug": "source-code",
            "updated_at": "2026-01-08T21:55:42.314623+07:00"
          },
          "category_id": 1,
          "created_at": "2026-01-13T02:20:25.20936+07:00",
          "created_by": 1,
          "description": "Launch your SaaS in days with this comprehensive Next.js boilerplate. Includes Stripe integration, Authentication, Database setup with Prisma, and tailwind UI components.",
          "downloads_count": 0,
          "features": "[\"Authentication\", \"Subscription Payments\", \"Admin Dashboard\", \"SEO Optimized\"]",
          "id": 2,
          "is_active": true,
          "preview_images": "[\"https://images.unsplash.com/photo-1618477247222-ac591245363d?auto=format\u0026fit=crop\u0026q=80\u0026w=1000\"]",
          "price": 750000,
          "rating_average": 0,
          "requirements": "[]",
          "slug": "nextjs-saas-boilerplate",
          "tech_stack": "[\"Next.js\", \"TypeScript\", \"Tailwind CSS\", \"Prisma\", \"Stripe\"]",
          "title": "NextJS SaaS Boilerplate",
          "type": "source_code",
          "updated_at": "2026-01-13T02:20:25.20936+07:00",
          "views_count": 0
        },
        {
          "category": {
            "created_at": "2026-01-08T21:55:42.314623+07:00",
            "description": "Full application source codes",
            "icon": "code",
            "id": 1,
            "is_active": true,
            "name": "Source Code",
            "order": 1,
            "slug": "source-code",
            "updated_at": "2026-01-08T21:55:42.314623+07:00"
          },
          "category_id": 1,
          "created_at": "2026-01-13T02:20:25.197105+07:00",
          "created_by": 1,
          "description": "A complete microservices-based e-commerce backend written in Go (Golang). Includes services for products, orders, users, and payments. Features gRPC communication, Kafka event bus, and Docker compose setup.",
          "downloads_count": 0,
          "features": "[\"Microservices Architecture\", \"gRPC Communication\", \"Event-Driven\", \"Scalable\"]",
          "id": 1,
          "is_active": true,
          "preview_images": "[\"https://images.unsplash.com/photo-1555949963-aa79dcee981c?auto=format\u0026fit=crop\u0026q=80\u0026w=1000\", \"https://images.unsplash.com/photo-1555066931-4365d14bab8c?auto=format\u0026fit=crop\u0026q=80\u0026w=1000\"]",
          "price": 1500000,
          "rating_average": 0,
          "requirements": "[]",
          "slug": "ecommerce-microservices-go",
          "tech_stack": "[\"Golang\", \"gRPC\", \"Kafka\", \"PostgreSQL\", \"Docker\"]",
          "title": "E-Commerce Microservices Go",
          "type": "source_code",
          "updated_at": "2026-01-13T02:20:25.197105+07:00",
          "views_count": 0
        }
      ],
      "total": 5
    },
    "message": "Products retrieved successfully",
    "success": true
  },
  "duration": "3.0318ms",
  "duration_ms": 3,
  "client_ip": "::1",
  "user_agent": "Mozilla/5.0 (Windows NT 10.0; Win64; x64) AppleWebKit/537.36 (KHTML, like Gecko) Chrome/143.0.0.0 Safari/537.36"
}
========================================

{
  "timestamp": "2026-01-13 05:39:30",
  "method": "GET",
  "path": "/api/v1/products",
  "query": {
    "limit": "6"
  },
  "headers": {
    "Accept": "application/json, text/plain, */*",
    "Authorization": "",
    "Content-Type": ""
  },
  "status_code": 200,
  "response_body": {
    "data": {
      "limit": 6,
      "page": 1,
      "products": [
        {
          "category": {
            "created_at": "2026-01-08T21:55:42.326209+07:00",
            "description": "Python, PHP, and JS utility scripts",
            "icon": "terminal",
            "id": 4,
            "is_active": true,
            "name": "Scripts",
            "order": 4,
            "slug": "scripts",
            "updated_at": "2026-01-08T21:55:42.326209+07:00"
          },
          "category_id": 4,
          "created_at": "2026-01-13T02:20:25.212431+07:00",
          "created_by": 1,
          "description": "Python script to automate likes, follows, and comments. Includes safety limits to prevent account bans.",
          "downloads_count": 0,
          "features": "[\"Auto Like\", \"Auto Follow\", \"Targeting by Hashtag\"]",
          "id": 5,
          "is_active": true,
          "preview_images": "[\"https://images.unsplash.com/photo-1611162617474-5b21e879e113?auto=format\u0026fit=crop\u0026q=80\u0026w=1000\"]",
          "price": 150000,
          "rating_average": 0,
          "requirements": "[]",
          "slug": "instagram-automation-bot",
          "tech_stack": "[\"Python\", \"Selenium\"]",
          "title": "Instagram Automation Bot",
          "type": "scripts",
          "updated_at": "2026-01-13T02:20:25.212431+07:00",
          "views_count": 0
        },
        {
          "category": {
            "created_at": "2026-01-08T21:55:42.322557+07:00",
            "description": "UI kits and website templates",
            "icon": "layout",
            "id": 2,
            "is_active": true,
            "name": "Templates",
            "order": 2,
            "slug": "templates",
            "updated_at": "2026-01-08T21:55:42.322557+07:00"
          },
          "category_id": 2,
          "created_at": "2026-01-13T02:20:25.211149+07:00",
          "created_by": 1,
          "description": "Clean, responsive, and customizable admin dashboard template built with Vue 3 and Tailwind CSS.",
          "downloads_count": 0,
          "features": "[\"Dark Mode Support\", \"Responsive Layout\", \"Chart.js Integration\", \"Form Components\"]",
          "id": 4,
          "is_active": true,
          "preview_images": "[\"https://images.unsplash.com/photo-1551288049-bebda4e38f71?auto=format\u0026fit=crop\u0026q=80\u0026w=1000\"]",
          "price": 250000,
          "rating_average": 0,
          "requirements": "[]",
          "slug": "modern-admin-dashboard",
          "tech_stack": "[\"Vue 3\", \"Tailwind CSS\", \"Vite\"]",
          "title": "Modern Admin Dashboard UI",
          "type": "template",
          "updated_at": "2026-01-13T02:20:25.211149+07:00",
          "views_count": 0
        },
        {
          "category": {
            "created_at": "2026-01-08T21:55:42.325061+07:00",
            "description": "Flutter, React Native, and native apps",
            "icon": "smartphone",
            "id": 3,
            "is_active": true,
            "name": "Mobile Apps",
            "order": 3,
            "slug": "mobile-apps",
            "updated_at": "2026-01-08T21:55:42.325061+07:00"
          },
          "category_id": 3,
          "created_at": "2026-01-13T02:20:25.210572+07:00",
          "created_by": 1,
          "description": "Uber Eats clone made with Flutter. Beautiful animations, real-time tracking, and vendor dashboard included. Works on both iOS and Android.",
          "downloads_count": 0,
          "features": "[\"Real-time Tracking\", \"Push Notifications\", \"Vendor App\", \"Dark Mode\"]",
          "id": 3,
          "is_active": true,
          "preview_images": "[\"https://images.unsplash.com/photo-1512941937669-90a1b58e7e9c?auto=format\u0026fit=crop\u0026q=80\u0026w=1000\"]",
          "price": 500000,
          "rating_average": 0,
          "requirements": "[]",
          "slug": "flutter-delivery-app",
          "tech_stack": "[\"Flutter\", \"Firebase\", \"Google Maps API\"]",
          "title": "Flutter Delivery App",
          "type": "mobile_apps",
          "updated_at": "2026-01-13T02:20:25.210572+07:00",
          "views_count": 0
        },
        {
          "category": {
            "created_at": "2026-01-08T21:55:42.314623+07:00",
            "description": "Full application source codes",
            "icon": "code",
            "id": 1,
            "is_active": true,
            "name": "Source Code",
            "order": 1,
            "slug": "source-code",
            "updated_at": "2026-01-08T21:55:42.314623+07:00"
          },
          "category_id": 1,
          "created_at": "2026-01-13T02:20:25.20936+07:00",
          "created_by": 1,
          "description": "Launch your SaaS in days with this comprehensive Next.js boilerplate. Includes Stripe integration, Authentication, Database setup with Prisma, and tailwind UI components.",
          "downloads_count": 0,
          "features": "[\"Authentication\", \"Subscription Payments\", \"Admin Dashboard\", \"SEO Optimized\"]",
          "id": 2,
          "is_active": true,
          "preview_images": "[\"https://images.unsplash.com/photo-1618477247222-ac591245363d?auto=format\u0026fit=crop\u0026q=80\u0026w=1000\"]",
          "price": 750000,
          "rating_average": 0,
          "requirements": "[]",
          "slug": "nextjs-saas-boilerplate",
          "tech_stack": "[\"Next.js\", \"TypeScript\", \"Tailwind CSS\", \"Prisma\", \"Stripe\"]",
          "title": "NextJS SaaS Boilerplate",
          "type": "source_code",
          "updated_at": "2026-01-13T02:20:25.20936+07:00",
          "views_count": 0
        },
        {
          "category": {
            "created_at": "2026-01-08T21:55:42.314623+07:00",
            "description": "Full application source codes",
            "icon": "code",
            "id": 1,
            "is_active": true,
            "name": "Source Code",
            "order": 1,
            "slug": "source-code",
            "updated_at": "2026-01-08T21:55:42.314623+07:00"
          },
          "category_id": 1,
          "created_at": "2026-01-13T02:20:25.197105+07:00",
          "created_by": 1,
          "description": "A complete microservices-based e-commerce backend written in Go (Golang). Includes services for products, orders, users, and payments. Features gRPC communication, Kafka event bus, and Docker compose setup.",
          "downloads_count": 0,
          "features": "[\"Microservices Architecture\", \"gRPC Communication\", \"Event-Driven\", \"Scalable\"]",
          "id": 1,
          "is_active": true,
          "preview_images": "[\"https://images.unsplash.com/photo-1555949963-aa79dcee981c?auto=format\u0026fit=crop\u0026q=80\u0026w=1000\", \"https://images.unsplash.com/photo-1555066931-4365d14bab8c?auto=format\u0026fit=crop\u0026q=80\u0026w=1000\"]",
          "price": 1500000,
          "rating_average": 0,
          "requirements": "[]",
          "slug": "ecommerce-microservices-go",
          "tech_stack": "[\"Golang\", \"gRPC\", \"Kafka\", \"PostgreSQL\", \"Docker\"]",
          "title": "E-Commerce Microservices Go",
          "type": "source_code",
          "updated_at": "2026-01-13T02:20:25.197105+07:00",
          "views_count": 0
        }
      ],
      "total": 5
    },
    "message": "Products retrieved successfully",
    "success": true
  },
  "duration": "4.1156ms",
  "duration_ms": 4,
  "client_ip": "::1",
  "user_agent": "Mozilla/5.0 (Windows NT 10.0; Win64; x64) AppleWebKit/537.36 (KHTML, like Gecko) Chrome/143.0.0.0 Safari/537.36"
}
========================================

{
  "timestamp": "2026-01-13 05:39:45",
  "method": "GET",
  "path": "/api/v1/products",
  "query": {
    "limit": "6"
  },
  "headers": {
    "Accept": "application/json, text/plain, */*",
    "Authorization": "",
    "Content-Type": ""
  },
  "status_code": 200,
  "response_body": {
    "data": {
      "limit": 6,
      "page": 1,
      "products": [
        {
          "category": {
            "created_at": "2026-01-08T21:55:42.326209+07:00",
            "description": "Python, PHP, and JS utility scripts",
            "icon": "terminal",
            "id": 4,
            "is_active": true,
            "name": "Scripts",
            "order": 4,
            "slug": "scripts",
            "updated_at": "2026-01-08T21:55:42.326209+07:00"
          },
          "category_id": 4,
          "created_at": "2026-01-13T02:20:25.212431+07:00",
          "created_by": 1,
          "description": "Python script to automate likes, follows, and comments. Includes safety limits to prevent account bans.",
          "downloads_count": 0,
          "features": "[\"Auto Like\", \"Auto Follow\", \"Targeting by Hashtag\"]",
          "id": 5,
          "is_active": true,
          "preview_images": "[\"https://images.unsplash.com/photo-1611162617474-5b21e879e113?auto=format\u0026fit=crop\u0026q=80\u0026w=1000\"]",
          "price": 150000,
          "rating_average": 0,
          "requirements": "[]",
          "slug": "instagram-automation-bot",
          "tech_stack": "[\"Python\", \"Selenium\"]",
          "title": "Instagram Automation Bot",
          "type": "scripts",
          "updated_at": "2026-01-13T02:20:25.212431+07:00",
          "views_count": 0
        },
        {
          "category": {
            "created_at": "2026-01-08T21:55:42.322557+07:00",
            "description": "UI kits and website templates",
            "icon": "layout",
            "id": 2,
            "is_active": true,
            "name": "Templates",
            "order": 2,
            "slug": "templates",
            "updated_at": "2026-01-08T21:55:42.322557+07:00"
          },
          "category_id": 2,
          "created_at": "2026-01-13T02:20:25.211149+07:00",
          "created_by": 1,
          "description": "Clean, responsive, and customizable admin dashboard template built with Vue 3 and Tailwind CSS.",
          "downloads_count": 0,
          "features": "[\"Dark Mode Support\", \"Responsive Layout\", \"Chart.js Integration\", \"Form Components\"]",
          "id": 4,
          "is_active": true,
          "preview_images": "[\"https://images.unsplash.com/photo-1551288049-bebda4e38f71?auto=format\u0026fit=crop\u0026q=80\u0026w=1000\"]",
          "price": 250000,
          "rating_average": 0,
          "requirements": "[]",
          "slug": "modern-admin-dashboard",
          "tech_stack": "[\"Vue 3\", \"Tailwind CSS\", \"Vite\"]",
          "title": "Modern Admin Dashboard UI",
          "type": "template",
          "updated_at": "2026-01-13T02:20:25.211149+07:00",
          "views_count": 0
        },
        {
          "category": {
            "created_at": "2026-01-08T21:55:42.325061+07:00",
            "description": "Flutter, React Native, and native apps",
            "icon": "smartphone",
            "id": 3,
            "is_active": true,
            "name": "Mobile Apps",
            "order": 3,
            "slug": "mobile-apps",
            "updated_at": "2026-01-08T21:55:42.325061+07:00"
          },
          "category_id": 3,
          "created_at": "2026-01-13T02:20:25.210572+07:00",
          "created_by": 1,
          "description": "Uber Eats clone made with Flutter. Beautiful animations, real-time tracking, and vendor dashboard included. Works on both iOS and Android.",
          "downloads_count": 0,
          "features": "[\"Real-time Tracking\", \"Push Notifications\", \"Vendor App\", \"Dark Mode\"]",
          "id": 3,
          "is_active": true,
          "preview_images": "[\"https://images.unsplash.com/photo-1512941937669-90a1b58e7e9c?auto=format\u0026fit=crop\u0026q=80\u0026w=1000\"]",
          "price": 500000,
          "rating_average": 0,
          "requirements": "[]",
          "slug": "flutter-delivery-app",
          "tech_stack": "[\"Flutter\", \"Firebase\", \"Google Maps API\"]",
          "title": "Flutter Delivery App",
          "type": "mobile_apps",
          "updated_at": "2026-01-13T02:20:25.210572+07:00",
          "views_count": 0
        },
        {
          "category": {
            "created_at": "2026-01-08T21:55:42.314623+07:00",
            "description": "Full application source codes",
            "icon": "code",
            "id": 1,
            "is_active": true,
            "name": "Source Code",
            "order": 1,
            "slug": "source-code",
            "updated_at": "2026-01-08T21:55:42.314623+07:00"
          },
          "category_id": 1,
          "created_at": "2026-01-13T02:20:25.20936+07:00",
          "created_by": 1,
          "description": "Launch your SaaS in days with this comprehensive Next.js boilerplate. Includes Stripe integration, Authentication, Database setup with Prisma, and tailwind UI components.",
          "downloads_count": 0,
          "features": "[\"Authentication\", \"Subscription Payments\", \"Admin Dashboard\", \"SEO Optimized\"]",
          "id": 2,
          "is_active": true,
          "preview_images": "[\"https://images.unsplash.com/photo-1618477247222-ac591245363d?auto=format\u0026fit=crop\u0026q=80\u0026w=1000\"]",
          "price": 750000,
          "rating_average": 0,
          "requirements": "[]",
          "slug": "nextjs-saas-boilerplate",
          "tech_stack": "[\"Next.js\", \"TypeScript\", \"Tailwind CSS\", \"Prisma\", \"Stripe\"]",
          "title": "NextJS SaaS Boilerplate",
          "type": "source_code",
          "updated_at": "2026-01-13T02:20:25.20936+07:00",
          "views_count": 0
        },
        {
          "category": {
            "created_at": "2026-01-08T21:55:42.314623+07:00",
            "description": "Full application source codes",
            "icon": "code",
            "id": 1,
            "is_active": true,
            "name": "Source Code",
            "order": 1,
            "slug": "source-code",
            "updated_at": "2026-01-08T21:55:42.314623+07:00"
          },
          "category_id": 1,
          "created_at": "2026-01-13T02:20:25.197105+07:00",
          "created_by": 1,
          "description": "A complete microservices-based e-commerce backend written in Go (Golang). Includes services for products, orders, users, and payments. Features gRPC communication, Kafka event bus, and Docker compose setup.",
          "downloads_count": 0,
          "features": "[\"Microservices Architecture\", \"gRPC Communication\", \"Event-Driven\", \"Scalable\"]",
          "id": 1,
          "is_active": true,
          "preview_images": "[\"https://images.unsplash.com/photo-1555949963-aa79dcee981c?auto=format\u0026fit=crop\u0026q=80\u0026w=1000\", \"https://images.unsplash.com/photo-1555066931-4365d14bab8c?auto=format\u0026fit=crop\u0026q=80\u0026w=1000\"]",
          "price": 1500000,
          "rating_average": 0,
          "requirements": "[]",
          "slug": "ecommerce-microservices-go",
          "tech_stack": "[\"Golang\", \"gRPC\", \"Kafka\", \"PostgreSQL\", \"Docker\"]",
          "title": "E-Commerce Microservices Go",
          "type": "source_code",
          "updated_at": "2026-01-13T02:20:25.197105+07:00",
          "views_count": 0
        }
      ],
      "total": 5
    },
    "message": "Products retrieved successfully",
    "success": true
  },
  "duration": "3.0442ms",
  "duration_ms": 3,
  "client_ip": "::1",
  "user_agent": "Mozilla/5.0 (Windows NT 10.0; Win64; x64) AppleWebKit/537.36 (KHTML, like Gecko) Chrome/143.0.0.0 Safari/537.36"
}
========================================

{
  "timestamp": "2026-01-13 05:39:46",
  "method": "GET",
  "path": "/api/v1/products",
  "query": {
    "limit": "20"
  },
  "headers": {
    "Accept": "application/json, text/plain, */*",
    "Authorization": "",
    "Content-Type": ""
  },
  "status_code": 200,
  "response_body": {
    "data": {
      "limit": 20,
      "page": 1,
      "products": [
        {
          "category": {
            "created_at": "2026-01-08T21:55:42.326209+07:00",
            "description": "Python, PHP, and JS utility scripts",
            "icon": "terminal",
            "id": 4,
            "is_active": true,
            "name": "Scripts",
            "order": 4,
            "slug": "scripts",
            "updated_at": "2026-01-08T21:55:42.326209+07:00"
          },
          "category_id": 4,
          "created_at": "2026-01-13T02:20:25.212431+07:00",
          "created_by": 1,
          "description": "Python script to automate likes, follows, and comments. Includes safety limits to prevent account bans.",
          "downloads_count": 0,
          "features": "[\"Auto Like\", \"Auto Follow\", \"Targeting by Hashtag\"]",
          "id": 5,
          "is_active": true,
          "preview_images": "[\"https://images.unsplash.com/photo-1611162617474-5b21e879e113?auto=format\u0026fit=crop\u0026q=80\u0026w=1000\"]",
          "price": 150000,
          "rating_average": 0,
          "requirements": "[]",
          "slug": "instagram-automation-bot",
          "tech_stack": "[\"Python\", \"Selenium\"]",
          "title": "Instagram Automation Bot",
          "type": "scripts",
          "updated_at": "2026-01-13T02:20:25.212431+07:00",
          "views_count": 0
        },
        {
          "category": {
            "created_at": "2026-01-08T21:55:42.322557+07:00",
            "description": "UI kits and website templates",
            "icon": "layout",
            "id": 2,
            "is_active": true,
            "name": "Templates",
            "order": 2,
            "slug": "templates",
            "updated_at": "2026-01-08T21:55:42.322557+07:00"
          },
          "category_id": 2,
          "created_at": "2026-01-13T02:20:25.211149+07:00",
          "created_by": 1,
          "description": "Clean, responsive, and customizable admin dashboard template built with Vue 3 and Tailwind CSS.",
          "downloads_count": 0,
          "features": "[\"Dark Mode Support\", \"Responsive Layout\", \"Chart.js Integration\", \"Form Components\"]",
          "id": 4,
          "is_active": true,
          "preview_images": "[\"https://images.unsplash.com/photo-1551288049-bebda4e38f71?auto=format\u0026fit=crop\u0026q=80\u0026w=1000\"]",
          "price": 250000,
          "rating_average": 0,
          "requirements": "[]",
          "slug": "modern-admin-dashboard",
          "tech_stack": "[\"Vue 3\", \"Tailwind CSS\", \"Vite\"]",
          "title": "Modern Admin Dashboard UI",
          "type": "template",
          "updated_at": "2026-01-13T02:20:25.211149+07:00",
          "views_count": 0
        },
        {
          "category": {
            "created_at": "2026-01-08T21:55:42.325061+07:00",
            "description": "Flutter, React Native, and native apps",
            "icon": "smartphone",
            "id": 3,
            "is_active": true,
            "name": "Mobile Apps",
            "order": 3,
            "slug": "mobile-apps",
            "updated_at": "2026-01-08T21:55:42.325061+07:00"
          },
          "category_id": 3,
          "created_at": "2026-01-13T02:20:25.210572+07:00",
          "created_by": 1,
          "description": "Uber Eats clone made with Flutter. Beautiful animations, real-time tracking, and vendor dashboard included. Works on both iOS and Android.",
          "downloads_count": 0,
          "features": "[\"Real-time Tracking\", \"Push Notifications\", \"Vendor App\", \"Dark Mode\"]",
          "id": 3,
          "is_active": true,
          "preview_images": "[\"https://images.unsplash.com/photo-1512941937669-90a1b58e7e9c?auto=format\u0026fit=crop\u0026q=80\u0026w=1000\"]",
          "price": 500000,
          "rating_average": 0,
          "requirements": "[]",
          "slug": "flutter-delivery-app",
          "tech_stack": "[\"Flutter\", \"Firebase\", \"Google Maps API\"]",
          "title": "Flutter Delivery App",
          "type": "mobile_apps",
          "updated_at": "2026-01-13T02:20:25.210572+07:00",
          "views_count": 0
        },
        {
          "category": {
            "created_at": "2026-01-08T21:55:42.314623+07:00",
            "description": "Full application source codes",
            "icon": "code",
            "id": 1,
            "is_active": true,
            "name": "Source Code",
            "order": 1,
            "slug": "source-code",
            "updated_at": "2026-01-08T21:55:42.314623+07:00"
          },
          "category_id": 1,
          "created_at": "2026-01-13T02:20:25.20936+07:00",
          "created_by": 1,
          "description": "Launch your SaaS in days with this comprehensive Next.js boilerplate. Includes Stripe integration, Authentication, Database setup with Prisma, and tailwind UI components.",
          "downloads_count": 0,
          "features": "[\"Authentication\", \"Subscription Payments\", \"Admin Dashboard\", \"SEO Optimized\"]",
          "id": 2,
          "is_active": true,
          "preview_images": "[\"https://images.unsplash.com/photo-1618477247222-ac591245363d?auto=format\u0026fit=crop\u0026q=80\u0026w=1000\"]",
          "price": 750000,
          "rating_average": 0,
          "requirements": "[]",
          "slug": "nextjs-saas-boilerplate",
          "tech_stack": "[\"Next.js\", \"TypeScript\", \"Tailwind CSS\", \"Prisma\", \"Stripe\"]",
          "title": "NextJS SaaS Boilerplate",
          "type": "source_code",
          "updated_at": "2026-01-13T02:20:25.20936+07:00",
          "views_count": 0
        },
        {
          "category": {
            "created_at": "2026-01-08T21:55:42.314623+07:00",
            "description": "Full application source codes",
            "icon": "code",
            "id": 1,
            "is_active": true,
            "name": "Source Code",
            "order": 1,
            "slug": "source-code",
            "updated_at": "2026-01-08T21:55:42.314623+07:00"
          },
          "category_id": 1,
          "created_at": "2026-01-13T02:20:25.197105+07:00",
          "created_by": 1,
          "description": "A complete microservices-based e-commerce backend written in Go (Golang). Includes services for products, orders, users, and payments. Features gRPC communication, Kafka event bus, and Docker compose setup.",
          "downloads_count": 0,
          "features": "[\"Microservices Architecture\", \"gRPC Communication\", \"Event-Driven\", \"Scalable\"]",
          "id": 1,
          "is_active": true,
          "preview_images": "[\"https://images.unsplash.com/photo-1555949963-aa79dcee981c?auto=format\u0026fit=crop\u0026q=80\u0026w=1000\", \"https://images.unsplash.com/photo-1555066931-4365d14bab8c?auto=format\u0026fit=crop\u0026q=80\u0026w=1000\"]",
          "price": 1500000,
          "rating_average": 0,
          "requirements": "[]",
          "slug": "ecommerce-microservices-go",
          "tech_stack": "[\"Golang\", \"gRPC\", \"Kafka\", \"PostgreSQL\", \"Docker\"]",
          "title": "E-Commerce Microservices Go",
          "type": "source_code",
          "updated_at": "2026-01-13T02:20:25.197105+07:00",
          "views_count": 0
        }
      ],
      "total": 5
    },
    "message": "Products retrieved successfully",
    "success": true
  },
  "duration": "2.5686ms",
  "duration_ms": 2,
  "client_ip": "::1",
  "user_agent": "Mozilla/5.0 (Windows NT 10.0; Win64; x64) AppleWebKit/537.36 (KHTML, like Gecko) Chrome/143.0.0.0 Safari/537.36"
}
========================================

{
  "timestamp": "2026-01-13 05:39:48",
  "method": "GET",
  "path": "/api/v1/products",
  "query": {
    "limit": "6"
  },
  "headers": {
    "Accept": "application/json, text/plain, */*",
    "Authorization": "",
    "Content-Type": ""
  },
  "status_code": 200,
  "response_body": {
    "data": {
      "limit": 6,
      "page": 1,
      "products": [
        {
          "category": {
            "created_at": "2026-01-08T21:55:42.326209+07:00",
            "description": "Python, PHP, and JS utility scripts",
            "icon": "terminal",
            "id": 4,
            "is_active": true,
            "name": "Scripts",
            "order": 4,
            "slug": "scripts",
            "updated_at": "2026-01-08T21:55:42.326209+07:00"
          },
          "category_id": 4,
          "created_at": "2026-01-13T02:20:25.212431+07:00",
          "created_by": 1,
          "description": "Python script to automate likes, follows, and comments. Includes safety limits to prevent account bans.",
          "downloads_count": 0,
          "features": "[\"Auto Like\", \"Auto Follow\", \"Targeting by Hashtag\"]",
          "id": 5,
          "is_active": true,
          "preview_images": "[\"https://images.unsplash.com/photo-1611162617474-5b21e879e113?auto=format\u0026fit=crop\u0026q=80\u0026w=1000\"]",
          "price": 150000,
          "rating_average": 0,
          "requirements": "[]",
          "slug": "instagram-automation-bot",
          "tech_stack": "[\"Python\", \"Selenium\"]",
          "title": "Instagram Automation Bot",
          "type": "scripts",
          "updated_at": "2026-01-13T02:20:25.212431+07:00",
          "views_count": 0
        },
        {
          "category": {
            "created_at": "2026-01-08T21:55:42.322557+07:00",
            "description": "UI kits and website templates",
            "icon": "layout",
            "id": 2,
            "is_active": true,
            "name": "Templates",
            "order": 2,
            "slug": "templates",
            "updated_at": "2026-01-08T21:55:42.322557+07:00"
          },
          "category_id": 2,
          "created_at": "2026-01-13T02:20:25.211149+07:00",
          "created_by": 1,
          "description": "Clean, responsive, and customizable admin dashboard template built with Vue 3 and Tailwind CSS.",
          "downloads_count": 0,
          "features": "[\"Dark Mode Support\", \"Responsive Layout\", \"Chart.js Integration\", \"Form Components\"]",
          "id": 4,
          "is_active": true,
          "preview_images": "[\"https://images.unsplash.com/photo-1551288049-bebda4e38f71?auto=format\u0026fit=crop\u0026q=80\u0026w=1000\"]",
          "price": 250000,
          "rating_average": 0,
          "requirements": "[]",
          "slug": "modern-admin-dashboard",
          "tech_stack": "[\"Vue 3\", \"Tailwind CSS\", \"Vite\"]",
          "title": "Modern Admin Dashboard UI",
          "type": "template",
          "updated_at": "2026-01-13T02:20:25.211149+07:00",
          "views_count": 0
        },
        {
          "category": {
            "created_at": "2026-01-08T21:55:42.325061+07:00",
            "description": "Flutter, React Native, and native apps",
            "icon": "smartphone",
            "id": 3,
            "is_active": true,
            "name": "Mobile Apps",
            "order": 3,
            "slug": "mobile-apps",
            "updated_at": "2026-01-08T21:55:42.325061+07:00"
          },
          "category_id": 3,
          "created_at": "2026-01-13T02:20:25.210572+07:00",
          "created_by": 1,
          "description": "Uber Eats clone made with Flutter. Beautiful animations, real-time tracking, and vendor dashboard included. Works on both iOS and Android.",
          "downloads_count": 0,
          "features": "[\"Real-time Tracking\", \"Push Notifications\", \"Vendor App\", \"Dark Mode\"]",
          "id": 3,
          "is_active": true,
          "preview_images": "[\"https://images.unsplash.com/photo-1512941937669-90a1b58e7e9c?auto=format\u0026fit=crop\u0026q=80\u0026w=1000\"]",
          "price": 500000,
          "rating_average": 0,
          "requirements": "[]",
          "slug": "flutter-delivery-app",
          "tech_stack": "[\"Flutter\", \"Firebase\", \"Google Maps API\"]",
          "title": "Flutter Delivery App",
          "type": "mobile_apps",
          "updated_at": "2026-01-13T02:20:25.210572+07:00",
          "views_count": 0
        },
        {
          "category": {
            "created_at": "2026-01-08T21:55:42.314623+07:00",
            "description": "Full application source codes",
            "icon": "code",
            "id": 1,
            "is_active": true,
            "name": "Source Code",
            "order": 1,
            "slug": "source-code",
            "updated_at": "2026-01-08T21:55:42.314623+07:00"
          },
          "category_id": 1,
          "created_at": "2026-01-13T02:20:25.20936+07:00",
          "created_by": 1,
          "description": "Launch your SaaS in days with this comprehensive Next.js boilerplate. Includes Stripe integration, Authentication, Database setup with Prisma, and tailwind UI components.",
          "downloads_count": 0,
          "features": "[\"Authentication\", \"Subscription Payments\", \"Admin Dashboard\", \"SEO Optimized\"]",
          "id": 2,
          "is_active": true,
          "preview_images": "[\"https://images.unsplash.com/photo-1618477247222-ac591245363d?auto=format\u0026fit=crop\u0026q=80\u0026w=1000\"]",
          "price": 750000,
          "rating_average": 0,
          "requirements": "[]",
          "slug": "nextjs-saas-boilerplate",
          "tech_stack": "[\"Next.js\", \"TypeScript\", \"Tailwind CSS\", \"Prisma\", \"Stripe\"]",
          "title": "NextJS SaaS Boilerplate",
          "type": "source_code",
          "updated_at": "2026-01-13T02:20:25.20936+07:00",
          "views_count": 0
        },
        {
          "category": {
            "created_at": "2026-01-08T21:55:42.314623+07:00",
            "description": "Full application source codes",
            "icon": "code",
            "id": 1,
            "is_active": true,
            "name": "Source Code",
            "order": 1,
            "slug": "source-code",
            "updated_at": "2026-01-08T21:55:42.314623+07:00"
          },
          "category_id": 1,
          "created_at": "2026-01-13T02:20:25.197105+07:00",
          "created_by": 1,
          "description": "A complete microservices-based e-commerce backend written in Go (Golang). Includes services for products, orders, users, and payments. Features gRPC communication, Kafka event bus, and Docker compose setup.",
          "downloads_count": 0,
          "features": "[\"Microservices Architecture\", \"gRPC Communication\", \"Event-Driven\", \"Scalable\"]",
          "id": 1,
          "is_active": true,
          "preview_images": "[\"https://images.unsplash.com/photo-1555949963-aa79dcee981c?auto=format\u0026fit=crop\u0026q=80\u0026w=1000\", \"https://images.unsplash.com/photo-1555066931-4365d14bab8c?auto=format\u0026fit=crop\u0026q=80\u0026w=1000\"]",
          "price": 1500000,
          "rating_average": 0,
          "requirements": "[]",
          "slug": "ecommerce-microservices-go",
          "tech_stack": "[\"Golang\", \"gRPC\", \"Kafka\", \"PostgreSQL\", \"Docker\"]",
          "title": "E-Commerce Microservices Go",
          "type": "source_code",
          "updated_at": "2026-01-13T02:20:25.197105+07:00",
          "views_count": 0
        }
      ],
      "total": 5
    },
    "message": "Products retrieved successfully",
    "success": true
  },
  "duration": "2.4702ms",
  "duration_ms": 2,
  "client_ip": "::1",
  "user_agent": "Mozilla/5.0 (Windows NT 10.0; Win64; x64) AppleWebKit/537.36 (KHTML, like Gecko) Chrome/143.0.0.0 Safari/537.36"
}
========================================

{
  "timestamp": "2026-01-13 05:41:22",
  "method": "GET",
  "path": "/api/v1/products/slug/modern-admin-dashboard",
  "headers": {
    "Accept": "application/json, text/plain, */*",
    "Authorization": "",
    "Content-Type": ""
  },
  "status_code": 200,
  "response_body": {
    "data": {
      "category": {
        "created_at": "2026-01-08T21:55:42.322557+07:00",
        "description": "UI kits and website templates",
        "icon": "layout",
        "id": 2,
        "is_active": true,
        "name": "Templates",
        "order": 2,
        "slug": "templates",
        "updated_at": "2026-01-08T21:55:42.322557+07:00"
      },
      "category_id": 2,
      "created_at": "2026-01-13T02:20:25.211149+07:00",
      "created_by": 1,
      "description": "Clean, responsive, and customizable admin dashboard template built with Vue 3 and Tailwind CSS.",
      "downloads_count": 0,
      "features": "[\"Dark Mode Support\", \"Responsive Layout\", \"Chart.js Integration\", \"Form Components\"]",
      "id": 4,
      "is_active": true,
      "preview_images": "[\"https://images.unsplash.com/photo-1551288049-bebda4e38f71?auto=format\u0026fit=crop\u0026q=80\u0026w=1000\"]",
      "price": 250000,
      "rating_average": 0,
      "requirements": "[]",
      "slug": "modern-admin-dashboard",
      "tech_stack": "[\"Vue 3\", \"Tailwind CSS\", \"Vite\"]",
      "title": "Modern Admin Dashboard UI",
      "type": "template",
      "updated_at": "2026-01-13T02:20:25.211149+07:00",
      "views_count": 0
    },
    "message": "Product retrieved successfully",
    "success": true
  },
  "duration": "81.1326ms",
  "duration_ms": 81,
  "client_ip": "::1",
  "user_agent": "Mozilla/5.0 (Windows NT 10.0; Win64; x64) AppleWebKit/537.36 (KHTML, like Gecko) Chrome/143.0.0.0 Safari/537.36"
}
========================================

{
  "timestamp": "2026-01-13 05:41:49",
  "method": "GET",
  "path": "/api/v1/products/slug/modern-admin-dashboard",
  "headers": {
    "Accept": "application/json, text/plain, */*",
    "Authorization": "",
    "Content-Type": ""
  },
  "status_code": 200,
  "response_body": {
    "data": {
      "category": {
        "created_at": "2026-01-08T21:55:42.322557+07:00",
        "description": "UI kits and website templates",
        "icon": "layout",
        "id": 2,
        "is_active": true,
        "name": "Templates",
        "order": 2,
        "slug": "templates",
        "updated_at": "2026-01-08T21:55:42.322557+07:00"
      },
      "category_id": 2,
      "created_at": "2026-01-13T02:20:25.211149+07:00",
      "created_by": 1,
      "description": "Clean, responsive, and customizable admin dashboard template built with Vue 3 and Tailwind CSS.",
      "downloads_count": 0,
      "features": "[\"Dark Mode Support\", \"Responsive Layout\", \"Chart.js Integration\", \"Form Components\"]",
      "id": 4,
      "is_active": true,
      "preview_images": "[\"https://images.unsplash.com/photo-1551288049-bebda4e38f71?auto=format\u0026fit=crop\u0026q=80\u0026w=1000\"]",
      "price": 250000,
      "rating_average": 0,
      "requirements": "[]",
      "slug": "modern-admin-dashboard",
      "tech_stack": "[\"Vue 3\", \"Tailwind CSS\", \"Vite\"]",
      "title": "Modern Admin Dashboard UI",
      "type": "template",
      "updated_at": "2026-01-13T02:20:25.211149+07:00",
      "views_count": 0
    },
    "message": "Product retrieved successfully",
    "success": true
  },
  "duration": "4.5238ms",
  "duration_ms": 4,
  "client_ip": "::1",
  "user_agent": "Mozilla/5.0 (Windows NT 10.0; Win64; x64) AppleWebKit/537.36 (KHTML, like Gecko) Chrome/143.0.0.0 Safari/537.36"
}
========================================

{
  "timestamp": "2026-01-13 05:41:51",
  "method": "GET",
  "path": "/api/v1/products",
  "query": {
    "limit": "6"
  },
  "headers": {
    "Accept": "application/json, text/plain, */*",
    "Authorization": "",
    "Content-Type": ""
  },
  "status_code": 200,
  "response_body": {
    "data": {
      "limit": 6,
      "page": 1,
      "products": [
        {
          "category": {
            "created_at": "2026-01-08T21:55:42.326209+07:00",
            "description": "Python, PHP, and JS utility scripts",
            "icon": "terminal",
            "id": 4,
            "is_active": true,
            "name": "Scripts",
            "order": 4,
            "slug": "scripts",
            "updated_at": "2026-01-08T21:55:42.326209+07:00"
          },
          "category_id": 4,
          "created_at": "2026-01-13T02:20:25.212431+07:00",
          "created_by": 1,
          "description": "Python script to automate likes, follows, and comments. Includes safety limits to prevent account bans.",
          "downloads_count": 0,
          "features": "[\"Auto Like\", \"Auto Follow\", \"Targeting by Hashtag\"]",
          "id": 5,
          "is_active": true,
          "preview_images": "[\"https://images.unsplash.com/photo-1611162617474-5b21e879e113?auto=format\u0026fit=crop\u0026q=80\u0026w=1000\"]",
          "price": 150000,
          "rating_average": 0,
          "requirements": "[]",
          "slug": "instagram-automation-bot",
          "tech_stack": "[\"Python\", \"Selenium\"]",
          "title": "Instagram Automation Bot",
          "type": "scripts",
          "updated_at": "2026-01-13T02:20:25.212431+07:00",
          "views_count": 0
        },
        {
          "category": {
            "created_at": "2026-01-08T21:55:42.322557+07:00",
            "description": "UI kits and website templates",
            "icon": "layout",
            "id": 2,
            "is_active": true,
            "name": "Templates",
            "order": 2,
            "slug": "templates",
            "updated_at": "2026-01-08T21:55:42.322557+07:00"
          },
          "category_id": 2,
          "created_at": "2026-01-13T02:20:25.211149+07:00",
          "created_by": 1,
          "description": "Clean, responsive, and customizable admin dashboard template built with Vue 3 and Tailwind CSS.",
          "downloads_count": 0,
          "features": "[\"Dark Mode Support\", \"Responsive Layout\", \"Chart.js Integration\", \"Form Components\"]",
          "id": 4,
          "is_active": true,
          "preview_images": "[\"https://images.unsplash.com/photo-1551288049-bebda4e38f71?auto=format\u0026fit=crop\u0026q=80\u0026w=1000\"]",
          "price": 250000,
          "rating_average": 0,
          "requirements": "[]",
          "slug": "modern-admin-dashboard",
          "tech_stack": "[\"Vue 3\", \"Tailwind CSS\", \"Vite\"]",
          "title": "Modern Admin Dashboard UI",
          "type": "template",
          "updated_at": "2026-01-13T02:20:25.211149+07:00",
          "views_count": 0
        },
        {
          "category": {
            "created_at": "2026-01-08T21:55:42.325061+07:00",
            "description": "Flutter, React Native, and native apps",
            "icon": "smartphone",
            "id": 3,
            "is_active": true,
            "name": "Mobile Apps",
            "order": 3,
            "slug": "mobile-apps",
            "updated_at": "2026-01-08T21:55:42.325061+07:00"
          },
          "category_id": 3,
          "created_at": "2026-01-13T02:20:25.210572+07:00",
          "created_by": 1,
          "description": "Uber Eats clone made with Flutter. Beautiful animations, real-time tracking, and vendor dashboard included. Works on both iOS and Android.",
          "downloads_count": 0,
          "features": "[\"Real-time Tracking\", \"Push Notifications\", \"Vendor App\", \"Dark Mode\"]",
          "id": 3,
          "is_active": true,
          "preview_images": "[\"https://images.unsplash.com/photo-1512941937669-90a1b58e7e9c?auto=format\u0026fit=crop\u0026q=80\u0026w=1000\"]",
          "price": 500000,
          "rating_average": 0,
          "requirements": "[]",
          "slug": "flutter-delivery-app",
          "tech_stack": "[\"Flutter\", \"Firebase\", \"Google Maps API\"]",
          "title": "Flutter Delivery App",
          "type": "mobile_apps",
          "updated_at": "2026-01-13T02:20:25.210572+07:00",
          "views_count": 0
        },
        {
          "category": {
            "created_at": "2026-01-08T21:55:42.314623+07:00",
            "description": "Full application source codes",
            "icon": "code",
            "id": 1,
            "is_active": true,
            "name": "Source Code",
            "order": 1,
            "slug": "source-code",
            "updated_at": "2026-01-08T21:55:42.314623+07:00"
          },
          "category_id": 1,
          "created_at": "2026-01-13T02:20:25.20936+07:00",
          "created_by": 1,
          "description": "Launch your SaaS in days with this comprehensive Next.js boilerplate. Includes Stripe integration, Authentication, Database setup with Prisma, and tailwind UI components.",
          "downloads_count": 0,
          "features": "[\"Authentication\", \"Subscription Payments\", \"Admin Dashboard\", \"SEO Optimized\"]",
          "id": 2,
          "is_active": true,
          "preview_images": "[\"https://images.unsplash.com/photo-1618477247222-ac591245363d?auto=format\u0026fit=crop\u0026q=80\u0026w=1000\"]",
          "price": 750000,
          "rating_average": 0,
          "requirements": "[]",
          "slug": "nextjs-saas-boilerplate",
          "tech_stack": "[\"Next.js\", \"TypeScript\", \"Tailwind CSS\", \"Prisma\", \"Stripe\"]",
          "title": "NextJS SaaS Boilerplate",
          "type": "source_code",
          "updated_at": "2026-01-13T02:20:25.20936+07:00",
          "views_count": 0
        },
        {
          "category": {
            "created_at": "2026-01-08T21:55:42.314623+07:00",
            "description": "Full application source codes",
            "icon": "code",
            "id": 1,
            "is_active": true,
            "name": "Source Code",
            "order": 1,
            "slug": "source-code",
            "updated_at": "2026-01-08T21:55:42.314623+07:00"
          },
          "category_id": 1,
          "created_at": "2026-01-13T02:20:25.197105+07:00",
          "created_by": 1,
          "description": "A complete microservices-based e-commerce backend written in Go (Golang). Includes services for products, orders, users, and payments. Features gRPC communication, Kafka event bus, and Docker compose setup.",
          "downloads_count": 0,
          "features": "[\"Microservices Architecture\", \"gRPC Communication\", \"Event-Driven\", \"Scalable\"]",
          "id": 1,
          "is_active": true,
          "preview_images": "[\"https://images.unsplash.com/photo-1555949963-aa79dcee981c?auto=format\u0026fit=crop\u0026q=80\u0026w=1000\", \"https://images.unsplash.com/photo-1555066931-4365d14bab8c?auto=format\u0026fit=crop\u0026q=80\u0026w=1000\"]",
          "price": 1500000,
          "rating_average": 0,
          "requirements": "[]",
          "slug": "ecommerce-microservices-go",
          "tech_stack": "[\"Golang\", \"gRPC\", \"Kafka\", \"PostgreSQL\", \"Docker\"]",
          "title": "E-Commerce Microservices Go",
          "type": "source_code",
          "updated_at": "2026-01-13T02:20:25.197105+07:00",
          "views_count": 0
        }
      ],
      "total": 5
    },
    "message": "Products retrieved successfully",
    "success": true
  },
  "duration": "4.1215ms",
  "duration_ms": 4,
  "client_ip": "::1",
  "user_agent": "Mozilla/5.0 (Windows NT 10.0; Win64; x64) AppleWebKit/537.36 (KHTML, like Gecko) Chrome/143.0.0.0 Safari/537.36"
}
========================================

{
  "timestamp": "2026-01-13 05:44:50",
  "method": "GET",
  "path": "/api/v1/products",
  "query": {
    "limit": "6"
  },
  "headers": {
    "Accept": "application/json, text/plain, */*",
    "Authorization": "",
    "Content-Type": ""
  },
  "status_code": 200,
  "response_body": {
    "data": {
      "limit": 6,
      "page": 1,
      "products": [
        {
          "category": {
            "created_at": "2026-01-08T21:55:42.326209+07:00",
            "description": "Python, PHP, and JS utility scripts",
            "icon": "terminal",
            "id": 4,
            "is_active": true,
            "name": "Scripts",
            "order": 4,
            "slug": "scripts",
            "updated_at": "2026-01-08T21:55:42.326209+07:00"
          },
          "category_id": 4,
          "created_at": "2026-01-13T02:20:25.212431+07:00",
          "created_by": 1,
          "description": "Python script to automate likes, follows, and comments. Includes safety limits to prevent account bans.",
          "downloads_count": 0,
          "features": "[\"Auto Like\", \"Auto Follow\", \"Targeting by Hashtag\"]",
          "id": 5,
          "is_active": true,
          "preview_images": "[\"https://images.unsplash.com/photo-1611162617474-5b21e879e113?auto=format\u0026fit=crop\u0026q=80\u0026w=1000\"]",
          "price": 150000,
          "rating_average": 0,
          "requirements": "[]",
          "slug": "instagram-automation-bot",
          "tech_stack": "[\"Python\", \"Selenium\"]",
          "title": "Instagram Automation Bot",
          "type": "scripts",
          "updated_at": "2026-01-13T02:20:25.212431+07:00",
          "views_count": 0
        },
        {
          "category": {
            "created_at": "2026-01-08T21:55:42.322557+07:00",
            "description": "UI kits and website templates",
            "icon": "layout",
            "id": 2,
            "is_active": true,
            "name": "Templates",
            "order": 2,
            "slug": "templates",
            "updated_at": "2026-01-08T21:55:42.322557+07:00"
          },
          "category_id": 2,
          "created_at": "2026-01-13T02:20:25.211149+07:00",
          "created_by": 1,
          "description": "Clean, responsive, and customizable admin dashboard template built with Vue 3 and Tailwind CSS.",
          "downloads_count": 0,
          "features": "[\"Dark Mode Support\", \"Responsive Layout\", \"Chart.js Integration\", \"Form Components\"]",
          "id": 4,
          "is_active": true,
          "preview_images": "[\"https://images.unsplash.com/photo-1551288049-bebda4e38f71?auto=format\u0026fit=crop\u0026q=80\u0026w=1000\"]",
          "price": 250000,
          "rating_average": 0,
          "requirements": "[]",
          "slug": "modern-admin-dashboard",
          "tech_stack": "[\"Vue 3\", \"Tailwind CSS\", \"Vite\"]",
          "title": "Modern Admin Dashboard UI",
          "type": "template",
          "updated_at": "2026-01-13T02:20:25.211149+07:00",
          "views_count": 0
        },
        {
          "category": {
            "created_at": "2026-01-08T21:55:42.325061+07:00",
            "description": "Flutter, React Native, and native apps",
            "icon": "smartphone",
            "id": 3,
            "is_active": true,
            "name": "Mobile Apps",
            "order": 3,
            "slug": "mobile-apps",
            "updated_at": "2026-01-08T21:55:42.325061+07:00"
          },
          "category_id": 3,
          "created_at": "2026-01-13T02:20:25.210572+07:00",
          "created_by": 1,
          "description": "Uber Eats clone made with Flutter. Beautiful animations, real-time tracking, and vendor dashboard included. Works on both iOS and Android.",
          "downloads_count": 0,
          "features": "[\"Real-time Tracking\", \"Push Notifications\", \"Vendor App\", \"Dark Mode\"]",
          "id": 3,
          "is_active": true,
          "preview_images": "[\"https://images.unsplash.com/photo-1512941937669-90a1b58e7e9c?auto=format\u0026fit=crop\u0026q=80\u0026w=1000\"]",
          "price": 500000,
          "rating_average": 0,
          "requirements": "[]",
          "slug": "flutter-delivery-app",
          "tech_stack": "[\"Flutter\", \"Firebase\", \"Google Maps API\"]",
          "title": "Flutter Delivery App",
          "type": "mobile_apps",
          "updated_at": "2026-01-13T02:20:25.210572+07:00",
          "views_count": 0
        },
        {
          "category": {
            "created_at": "2026-01-08T21:55:42.314623+07:00",
            "description": "Full application source codes",
            "icon": "code",
            "id": 1,
            "is_active": true,
            "name": "Source Code",
            "order": 1,
            "slug": "source-code",
            "updated_at": "2026-01-08T21:55:42.314623+07:00"
          },
          "category_id": 1,
          "created_at": "2026-01-13T02:20:25.20936+07:00",
          "created_by": 1,
          "description": "Launch your SaaS in days with this comprehensive Next.js boilerplate. Includes Stripe integration, Authentication, Database setup with Prisma, and tailwind UI components.",
          "downloads_count": 0,
          "features": "[\"Authentication\", \"Subscription Payments\", \"Admin Dashboard\", \"SEO Optimized\"]",
          "id": 2,
          "is_active": true,
          "preview_images": "[\"https://images.unsplash.com/photo-1618477247222-ac591245363d?auto=format\u0026fit=crop\u0026q=80\u0026w=1000\"]",
          "price": 750000,
          "rating_average": 0,
          "requirements": "[]",
          "slug": "nextjs-saas-boilerplate",
          "tech_stack": "[\"Next.js\", \"TypeScript\", \"Tailwind CSS\", \"Prisma\", \"Stripe\"]",
          "title": "NextJS SaaS Boilerplate",
          "type": "source_code",
          "updated_at": "2026-01-13T02:20:25.20936+07:00",
          "views_count": 0
        },
        {
          "category": {
            "created_at": "2026-01-08T21:55:42.314623+07:00",
            "description": "Full application source codes",
            "icon": "code",
            "id": 1,
            "is_active": true,
            "name": "Source Code",
            "order": 1,
            "slug": "source-code",
            "updated_at": "2026-01-08T21:55:42.314623+07:00"
          },
          "category_id": 1,
          "created_at": "2026-01-13T02:20:25.197105+07:00",
          "created_by": 1,
          "description": "A complete microservices-based e-commerce backend written in Go (Golang). Includes services for products, orders, users, and payments. Features gRPC communication, Kafka event bus, and Docker compose setup.",
          "downloads_count": 0,
          "features": "[\"Microservices Architecture\", \"gRPC Communication\", \"Event-Driven\", \"Scalable\"]",
          "id": 1,
          "is_active": true,
          "preview_images": "[\"https://images.unsplash.com/photo-1555949963-aa79dcee981c?auto=format\u0026fit=crop\u0026q=80\u0026w=1000\", \"https://images.unsplash.com/photo-1555066931-4365d14bab8c?auto=format\u0026fit=crop\u0026q=80\u0026w=1000\"]",
          "price": 1500000,
          "rating_average": 0,
          "requirements": "[]",
          "slug": "ecommerce-microservices-go",
          "tech_stack": "[\"Golang\", \"gRPC\", \"Kafka\", \"PostgreSQL\", \"Docker\"]",
          "title": "E-Commerce Microservices Go",
          "type": "source_code",
          "updated_at": "2026-01-13T02:20:25.197105+07:00",
          "views_count": 0
        }
      ],
      "total": 5
    },
    "message": "Products retrieved successfully",
    "success": true
  },
  "duration": "3.4821ms",
  "duration_ms": 3,
  "client_ip": "::1",
  "user_agent": "Mozilla/5.0 (Windows NT 10.0; Win64; x64) AppleWebKit/537.36 (KHTML, like Gecko) Chrome/143.0.0.0 Safari/537.36"
}
========================================

{
  "timestamp": "2026-01-13 05:49:05",
  "method": "GET",
  "path": "/api/v1/products",
  "query": {
    "limit": "6"
  },
  "headers": {
    "Accept": "application/json, text/plain, */*",
    "Authorization": "",
    "Content-Type": ""
  },
  "status_code": 200,
  "response_body": {
    "data": {
      "limit": 6,
      "page": 1,
      "products": [
        {
          "category": {
            "created_at": "2026-01-08T21:55:42.326209+07:00",
            "description": "Python, PHP, and JS utility scripts",
            "icon": "terminal",
            "id": 4,
            "is_active": true,
            "name": "Scripts",
            "order": 4,
            "slug": "scripts",
            "updated_at": "2026-01-08T21:55:42.326209+07:00"
          },
          "category_id": 4,
          "created_at": "2026-01-13T02:20:25.212431+07:00",
          "created_by": 1,
          "description": "Python script to automate likes, follows, and comments. Includes safety limits to prevent account bans.",
          "downloads_count": 0,
          "features": "[\"Auto Like\", \"Auto Follow\", \"Targeting by Hashtag\"]",
          "id": 5,
          "is_active": true,
          "preview_images": "[\"https://images.unsplash.com/photo-1611162617474-5b21e879e113?auto=format\u0026fit=crop\u0026q=80\u0026w=1000\"]",
          "price": 150000,
          "rating_average": 0,
          "requirements": "[]",
          "slug": "instagram-automation-bot",
          "tech_stack": "[\"Python\", \"Selenium\"]",
          "title": "Instagram Automation Bot",
          "type": "scripts",
          "updated_at": "2026-01-13T02:20:25.212431+07:00",
          "views_count": 0
        },
        {
          "category": {
            "created_at": "2026-01-08T21:55:42.322557+07:00",
            "description": "UI kits and website templates",
            "icon": "layout",
            "id": 2,
            "is_active": true,
            "name": "Templates",
            "order": 2,
            "slug": "templates",
            "updated_at": "2026-01-08T21:55:42.322557+07:00"
          },
          "category_id": 2,
          "created_at": "2026-01-13T02:20:25.211149+07:00",
          "created_by": 1,
          "description": "Clean, responsive, and customizable admin dashboard template built with Vue 3 and Tailwind CSS.",
          "downloads_count": 0,
          "features": "[\"Dark Mode Support\", \"Responsive Layout\", \"Chart.js Integration\", \"Form Components\"]",
          "id": 4,
          "is_active": true,
          "preview_images": "[\"https://images.unsplash.com/photo-1551288049-bebda4e38f71?auto=format\u0026fit=crop\u0026q=80\u0026w=1000\"]",
          "price": 250000,
          "rating_average": 0,
          "requirements": "[]",
          "slug": "modern-admin-dashboard",
          "tech_stack": "[\"Vue 3\", \"Tailwind CSS\", \"Vite\"]",
          "title": "Modern Admin Dashboard UI",
          "type": "template",
          "updated_at": "2026-01-13T02:20:25.211149+07:00",
          "views_count": 0
        },
        {
          "category": {
            "created_at": "2026-01-08T21:55:42.325061+07:00",
            "description": "Flutter, React Native, and native apps",
            "icon": "smartphone",
            "id": 3,
            "is_active": true,
            "name": "Mobile Apps",
            "order": 3,
            "slug": "mobile-apps",
            "updated_at": "2026-01-08T21:55:42.325061+07:00"
          },
          "category_id": 3,
          "created_at": "2026-01-13T02:20:25.210572+07:00",
          "created_by": 1,
          "description": "Uber Eats clone made with Flutter. Beautiful animations, real-time tracking, and vendor dashboard included. Works on both iOS and Android.",
          "downloads_count": 0,
          "features": "[\"Real-time Tracking\", \"Push Notifications\", \"Vendor App\", \"Dark Mode\"]",
          "id": 3,
          "is_active": true,
          "preview_images": "[\"https://images.unsplash.com/photo-1512941937669-90a1b58e7e9c?auto=format\u0026fit=crop\u0026q=80\u0026w=1000\"]",
          "price": 500000,
          "rating_average": 0,
          "requirements": "[]",
          "slug": "flutter-delivery-app",
          "tech_stack": "[\"Flutter\", \"Firebase\", \"Google Maps API\"]",
          "title": "Flutter Delivery App",
          "type": "mobile_apps",
          "updated_at": "2026-01-13T02:20:25.210572+07:00",
          "views_count": 0
        },
        {
          "category": {
            "created_at": "2026-01-08T21:55:42.314623+07:00",
            "description": "Full application source codes",
            "icon": "code",
            "id": 1,
            "is_active": true,
            "name": "Source Code",
            "order": 1,
            "slug": "source-code",
            "updated_at": "2026-01-08T21:55:42.314623+07:00"
          },
          "category_id": 1,
          "created_at": "2026-01-13T02:20:25.20936+07:00",
          "created_by": 1,
          "description": "Launch your SaaS in days with this comprehensive Next.js boilerplate. Includes Stripe integration, Authentication, Database setup with Prisma, and tailwind UI components.",
          "downloads_count": 0,
          "features": "[\"Authentication\", \"Subscription Payments\", \"Admin Dashboard\", \"SEO Optimized\"]",
          "id": 2,
          "is_active": true,
          "preview_images": "[\"https://images.unsplash.com/photo-1618477247222-ac591245363d?auto=format\u0026fit=crop\u0026q=80\u0026w=1000\"]",
          "price": 750000,
          "rating_average": 0,
          "requirements": "[]",
          "slug": "nextjs-saas-boilerplate",
          "tech_stack": "[\"Next.js\", \"TypeScript\", \"Tailwind CSS\", \"Prisma\", \"Stripe\"]",
          "title": "NextJS SaaS Boilerplate",
          "type": "source_code",
          "updated_at": "2026-01-13T02:20:25.20936+07:00",
          "views_count": 0
        },
        {
          "category": {
            "created_at": "2026-01-08T21:55:42.314623+07:00",
            "description": "Full application source codes",
            "icon": "code",
            "id": 1,
            "is_active": true,
            "name": "Source Code",
            "order": 1,
            "slug": "source-code",
            "updated_at": "2026-01-08T21:55:42.314623+07:00"
          },
          "category_id": 1,
          "created_at": "2026-01-13T02:20:25.197105+07:00",
          "created_by": 1,
          "description": "A complete microservices-based e-commerce backend written in Go (Golang). Includes services for products, orders, users, and payments. Features gRPC communication, Kafka event bus, and Docker compose setup.",
          "downloads_count": 0,
          "features": "[\"Microservices Architecture\", \"gRPC Communication\", \"Event-Driven\", \"Scalable\"]",
          "id": 1,
          "is_active": true,
          "preview_images": "[\"https://images.unsplash.com/photo-1555949963-aa79dcee981c?auto=format\u0026fit=crop\u0026q=80\u0026w=1000\", \"https://images.unsplash.com/photo-1555066931-4365d14bab8c?auto=format\u0026fit=crop\u0026q=80\u0026w=1000\"]",
          "price": 1500000,
          "rating_average": 0,
          "requirements": "[]",
          "slug": "ecommerce-microservices-go",
          "tech_stack": "[\"Golang\", \"gRPC\", \"Kafka\", \"PostgreSQL\", \"Docker\"]",
          "title": "E-Commerce Microservices Go",
          "type": "source_code",
          "updated_at": "2026-01-13T02:20:25.197105+07:00",
          "views_count": 0
        }
      ],
      "total": 5
    },
    "message": "Products retrieved successfully",
    "success": true
  },
  "duration": "4.5134ms",
  "duration_ms": 4,
  "client_ip": "::1",
  "user_agent": "Mozilla/5.0 (Windows NT 10.0; Win64; x64) AppleWebKit/537.36 (KHTML, like Gecko) Chrome/143.0.0.0 Safari/537.36"
}
========================================

{
  "timestamp": "2026-01-13 05:52:53",
  "method": "GET",
  "path": "/api/v1/products",
  "query": {
    "limit": "6"
  },
  "headers": {
    "Accept": "application/json, text/plain, */*",
    "Authorization": "",
    "Content-Type": ""
  },
  "status_code": 200,
  "response_body": {
    "data": {
      "limit": 6,
      "page": 1,
      "products": [
        {
          "category": {
            "created_at": "2026-01-08T21:55:42.326209+07:00",
            "description": "Python, PHP, and JS utility scripts",
            "icon": "terminal",
            "id": 4,
            "is_active": true,
            "name": "Scripts",
            "order": 4,
            "slug": "scripts",
            "updated_at": "2026-01-08T21:55:42.326209+07:00"
          },
          "category_id": 4,
          "created_at": "2026-01-13T02:20:25.212431+07:00",
          "created_by": 1,
          "description": "Python script to automate likes, follows, and comments. Includes safety limits to prevent account bans.",
          "downloads_count": 0,
          "features": "[\"Auto Like\", \"Auto Follow\", \"Targeting by Hashtag\"]",
          "id": 5,
          "is_active": true,
          "preview_images": "[\"https://images.unsplash.com/photo-1611162617474-5b21e879e113?auto=format\u0026fit=crop\u0026q=80\u0026w=1000\"]",
          "price": 150000,
          "rating_average": 0,
          "requirements": "[]",
          "slug": "instagram-automation-bot",
          "tech_stack": "[\"Python\", \"Selenium\"]",
          "title": "Instagram Automation Bot",
          "type": "scripts",
          "updated_at": "2026-01-13T02:20:25.212431+07:00",
          "views_count": 0
        },
        {
          "category": {
            "created_at": "2026-01-08T21:55:42.322557+07:00",
            "description": "UI kits and website templates",
            "icon": "layout",
            "id": 2,
            "is_active": true,
            "name": "Templates",
            "order": 2,
            "slug": "templates",
            "updated_at": "2026-01-08T21:55:42.322557+07:00"
          },
          "category_id": 2,
          "created_at": "2026-01-13T02:20:25.211149+07:00",
          "created_by": 1,
          "description": "Clean, responsive, and customizable admin dashboard template built with Vue 3 and Tailwind CSS.",
          "downloads_count": 0,
          "features": "[\"Dark Mode Support\", \"Responsive Layout\", \"Chart.js Integration\", \"Form Components\"]",
          "id": 4,
          "is_active": true,
          "preview_images": "[\"https://images.unsplash.com/photo-1551288049-bebda4e38f71?auto=format\u0026fit=crop\u0026q=80\u0026w=1000\"]",
          "price": 250000,
          "rating_average": 0,
          "requirements": "[]",
          "slug": "modern-admin-dashboard",
          "tech_stack": "[\"Vue 3\", \"Tailwind CSS\", \"Vite\"]",
          "title": "Modern Admin Dashboard UI",
          "type": "template",
          "updated_at": "2026-01-13T02:20:25.211149+07:00",
          "views_count": 0
        },
        {
          "category": {
            "created_at": "2026-01-08T21:55:42.325061+07:00",
            "description": "Flutter, React Native, and native apps",
            "icon": "smartphone",
            "id": 3,
            "is_active": true,
            "name": "Mobile Apps",
            "order": 3,
            "slug": "mobile-apps",
            "updated_at": "2026-01-08T21:55:42.325061+07:00"
          },
          "category_id": 3,
          "created_at": "2026-01-13T02:20:25.210572+07:00",
          "created_by": 1,
          "description": "Uber Eats clone made with Flutter. Beautiful animations, real-time tracking, and vendor dashboard included. Works on both iOS and Android.",
          "downloads_count": 0,
          "features": "[\"Real-time Tracking\", \"Push Notifications\", \"Vendor App\", \"Dark Mode\"]",
          "id": 3,
          "is_active": true,
          "preview_images": "[\"https://images.unsplash.com/photo-1512941937669-90a1b58e7e9c?auto=format\u0026fit=crop\u0026q=80\u0026w=1000\"]",
          "price": 500000,
          "rating_average": 0,
          "requirements": "[]",
          "slug": "flutter-delivery-app",
          "tech_stack": "[\"Flutter\", \"Firebase\", \"Google Maps API\"]",
          "title": "Flutter Delivery App",
          "type": "mobile_apps",
          "updated_at": "2026-01-13T02:20:25.210572+07:00",
          "views_count": 0
        },
        {
          "category": {
            "created_at": "2026-01-08T21:55:42.314623+07:00",
            "description": "Full application source codes",
            "icon": "code",
            "id": 1,
            "is_active": true,
            "name": "Source Code",
            "order": 1,
            "slug": "source-code",
            "updated_at": "2026-01-08T21:55:42.314623+07:00"
          },
          "category_id": 1,
          "created_at": "2026-01-13T02:20:25.20936+07:00",
          "created_by": 1,
          "description": "Launch your SaaS in days with this comprehensive Next.js boilerplate. Includes Stripe integration, Authentication, Database setup with Prisma, and tailwind UI components.",
          "downloads_count": 0,
          "features": "[\"Authentication\", \"Subscription Payments\", \"Admin Dashboard\", \"SEO Optimized\"]",
          "id": 2,
          "is_active": true,
          "preview_images": "[\"https://images.unsplash.com/photo-1618477247222-ac591245363d?auto=format\u0026fit=crop\u0026q=80\u0026w=1000\"]",
          "price": 750000,
          "rating_average": 0,
          "requirements": "[]",
          "slug": "nextjs-saas-boilerplate",
          "tech_stack": "[\"Next.js\", \"TypeScript\", \"Tailwind CSS\", \"Prisma\", \"Stripe\"]",
          "title": "NextJS SaaS Boilerplate",
          "type": "source_code",
          "updated_at": "2026-01-13T02:20:25.20936+07:00",
          "views_count": 0
        },
        {
          "category": {
            "created_at": "2026-01-08T21:55:42.314623+07:00",
            "description": "Full application source codes",
            "icon": "code",
            "id": 1,
            "is_active": true,
            "name": "Source Code",
            "order": 1,
            "slug": "source-code",
            "updated_at": "2026-01-08T21:55:42.314623+07:00"
          },
          "category_id": 1,
          "created_at": "2026-01-13T02:20:25.197105+07:00",
          "created_by": 1,
          "description": "A complete microservices-based e-commerce backend written in Go (Golang). Includes services for products, orders, users, and payments. Features gRPC communication, Kafka event bus, and Docker compose setup.",
          "downloads_count": 0,
          "features": "[\"Microservices Architecture\", \"gRPC Communication\", \"Event-Driven\", \"Scalable\"]",
          "id": 1,
          "is_active": true,
          "preview_images": "[\"https://images.unsplash.com/photo-1555949963-aa79dcee981c?auto=format\u0026fit=crop\u0026q=80\u0026w=1000\", \"https://images.unsplash.com/photo-1555066931-4365d14bab8c?auto=format\u0026fit=crop\u0026q=80\u0026w=1000\"]",
          "price": 1500000,
          "rating_average": 0,
          "requirements": "[]",
          "slug": "ecommerce-microservices-go",
          "tech_stack": "[\"Golang\", \"gRPC\", \"Kafka\", \"PostgreSQL\", \"Docker\"]",
          "title": "E-Commerce Microservices Go",
          "type": "source_code",
          "updated_at": "2026-01-13T02:20:25.197105+07:00",
          "views_count": 0
        }
      ],
      "total": 5
    },
    "message": "Products retrieved successfully",
    "success": true
  },
  "duration": "3.1272ms",
  "duration_ms": 3,
  "client_ip": "::1",
  "user_agent": "Mozilla/5.0 (Windows NT 10.0; Win64; x64) AppleWebKit/537.36 (KHTML, like Gecko) Chrome/143.0.0.0 Safari/537.36"
}
========================================

{
  "timestamp": "2026-01-13 05:52:56",
  "method": "GET",
  "path": "/api/v1/products",
  "query": {
    "limit": "6"
  },
  "headers": {
    "Accept": "application/json, text/plain, */*",
    "Authorization": "",
    "Content-Type": ""
  },
  "status_code": 200,
  "response_body": {
    "data": {
      "limit": 6,
      "page": 1,
      "products": [
        {
          "category": {
            "created_at": "2026-01-08T21:55:42.326209+07:00",
            "description": "Python, PHP, and JS utility scripts",
            "icon": "terminal",
            "id": 4,
            "is_active": true,
            "name": "Scripts",
            "order": 4,
            "slug": "scripts",
            "updated_at": "2026-01-08T21:55:42.326209+07:00"
          },
          "category_id": 4,
          "created_at": "2026-01-13T02:20:25.212431+07:00",
          "created_by": 1,
          "description": "Python script to automate likes, follows, and comments. Includes safety limits to prevent account bans.",
          "downloads_count": 0,
          "features": "[\"Auto Like\", \"Auto Follow\", \"Targeting by Hashtag\"]",
          "id": 5,
          "is_active": true,
          "preview_images": "[\"https://images.unsplash.com/photo-1611162617474-5b21e879e113?auto=format\u0026fit=crop\u0026q=80\u0026w=1000\"]",
          "price": 150000,
          "rating_average": 0,
          "requirements": "[]",
          "slug": "instagram-automation-bot",
          "tech_stack": "[\"Python\", \"Selenium\"]",
          "title": "Instagram Automation Bot",
          "type": "scripts",
          "updated_at": "2026-01-13T02:20:25.212431+07:00",
          "views_count": 0
        },
        {
          "category": {
            "created_at": "2026-01-08T21:55:42.322557+07:00",
            "description": "UI kits and website templates",
            "icon": "layout",
            "id": 2,
            "is_active": true,
            "name": "Templates",
            "order": 2,
            "slug": "templates",
            "updated_at": "2026-01-08T21:55:42.322557+07:00"
          },
          "category_id": 2,
          "created_at": "2026-01-13T02:20:25.211149+07:00",
          "created_by": 1,
          "description": "Clean, responsive, and customizable admin dashboard template built with Vue 3 and Tailwind CSS.",
          "downloads_count": 0,
          "features": "[\"Dark Mode Support\", \"Responsive Layout\", \"Chart.js Integration\", \"Form Components\"]",
          "id": 4,
          "is_active": true,
          "preview_images": "[\"https://images.unsplash.com/photo-1551288049-bebda4e38f71?auto=format\u0026fit=crop\u0026q=80\u0026w=1000\"]",
          "price": 250000,
          "rating_average": 0,
          "requirements": "[]",
          "slug": "modern-admin-dashboard",
          "tech_stack": "[\"Vue 3\", \"Tailwind CSS\", \"Vite\"]",
          "title": "Modern Admin Dashboard UI",
          "type": "template",
          "updated_at": "2026-01-13T02:20:25.211149+07:00",
          "views_count": 0
        },
        {
          "category": {
            "created_at": "2026-01-08T21:55:42.325061+07:00",
            "description": "Flutter, React Native, and native apps",
            "icon": "smartphone",
            "id": 3,
            "is_active": true,
            "name": "Mobile Apps",
            "order": 3,
            "slug": "mobile-apps",
            "updated_at": "2026-01-08T21:55:42.325061+07:00"
          },
          "category_id": 3,
          "created_at": "2026-01-13T02:20:25.210572+07:00",
          "created_by": 1,
          "description": "Uber Eats clone made with Flutter. Beautiful animations, real-time tracking, and vendor dashboard included. Works on both iOS and Android.",
          "downloads_count": 0,
          "features": "[\"Real-time Tracking\", \"Push Notifications\", \"Vendor App\", \"Dark Mode\"]",
          "id": 3,
          "is_active": true,
          "preview_images": "[\"https://images.unsplash.com/photo-1512941937669-90a1b58e7e9c?auto=format\u0026fit=crop\u0026q=80\u0026w=1000\"]",
          "price": 500000,
          "rating_average": 0,
          "requirements": "[]",
          "slug": "flutter-delivery-app",
          "tech_stack": "[\"Flutter\", \"Firebase\", \"Google Maps API\"]",
          "title": "Flutter Delivery App",
          "type": "mobile_apps",
          "updated_at": "2026-01-13T02:20:25.210572+07:00",
          "views_count": 0
        },
        {
          "category": {
            "created_at": "2026-01-08T21:55:42.314623+07:00",
            "description": "Full application source codes",
            "icon": "code",
            "id": 1,
            "is_active": true,
            "name": "Source Code",
            "order": 1,
            "slug": "source-code",
            "updated_at": "2026-01-08T21:55:42.314623+07:00"
          },
          "category_id": 1,
          "created_at": "2026-01-13T02:20:25.20936+07:00",
          "created_by": 1,
          "description": "Launch your SaaS in days with this comprehensive Next.js boilerplate. Includes Stripe integration, Authentication, Database setup with Prisma, and tailwind UI components.",
          "downloads_count": 0,
          "features": "[\"Authentication\", \"Subscription Payments\", \"Admin Dashboard\", \"SEO Optimized\"]",
          "id": 2,
          "is_active": true,
          "preview_images": "[\"https://images.unsplash.com/photo-1618477247222-ac591245363d?auto=format\u0026fit=crop\u0026q=80\u0026w=1000\"]",
          "price": 750000,
          "rating_average": 0,
          "requirements": "[]",
          "slug": "nextjs-saas-boilerplate",
          "tech_stack": "[\"Next.js\", \"TypeScript\", \"Tailwind CSS\", \"Prisma\", \"Stripe\"]",
          "title": "NextJS SaaS Boilerplate",
          "type": "source_code",
          "updated_at": "2026-01-13T02:20:25.20936+07:00",
          "views_count": 0
        },
        {
          "category": {
            "created_at": "2026-01-08T21:55:42.314623+07:00",
            "description": "Full application source codes",
            "icon": "code",
            "id": 1,
            "is_active": true,
            "name": "Source Code",
            "order": 1,
            "slug": "source-code",
            "updated_at": "2026-01-08T21:55:42.314623+07:00"
          },
          "category_id": 1,
          "created_at": "2026-01-13T02:20:25.197105+07:00",
          "created_by": 1,
          "description": "A complete microservices-based e-commerce backend written in Go (Golang). Includes services for products, orders, users, and payments. Features gRPC communication, Kafka event bus, and Docker compose setup.",
          "downloads_count": 0,
          "features": "[\"Microservices Architecture\", \"gRPC Communication\", \"Event-Driven\", \"Scalable\"]",
          "id": 1,
          "is_active": true,
          "preview_images": "[\"https://images.unsplash.com/photo-1555949963-aa79dcee981c?auto=format\u0026fit=crop\u0026q=80\u0026w=1000\", \"https://images.unsplash.com/photo-1555066931-4365d14bab8c?auto=format\u0026fit=crop\u0026q=80\u0026w=1000\"]",
          "price": 1500000,
          "rating_average": 0,
          "requirements": "[]",
          "slug": "ecommerce-microservices-go",
          "tech_stack": "[\"Golang\", \"gRPC\", \"Kafka\", \"PostgreSQL\", \"Docker\"]",
          "title": "E-Commerce Microservices Go",
          "type": "source_code",
          "updated_at": "2026-01-13T02:20:25.197105+07:00",
          "views_count": 0
        }
      ],
      "total": 5
    },
    "message": "Products retrieved successfully",
    "success": true
  },
  "duration": "3.2579ms",
  "duration_ms": 3,
  "client_ip": "::1",
  "user_agent": "Mozilla/5.0 (Windows NT 10.0; Win64; x64) AppleWebKit/537.36 (KHTML, like Gecko) Chrome/143.0.0.0 Safari/537.36"
}
========================================

{
  "timestamp": "2026-01-13 05:55:04",
  "method": "GET",
  "path": "/api/v1/products",
  "query": {
    "limit": "20"
  },
  "headers": {
    "Accept": "application/json, text/plain, */*",
    "Authorization": "",
    "Content-Type": ""
  },
  "status_code": 200,
  "response_body": {
    "data": {
      "limit": 20,
      "page": 1,
      "products": [
        {
          "category": {
            "created_at": "2026-01-08T21:55:42.326209+07:00",
            "description": "Python, PHP, and JS utility scripts",
            "icon": "terminal",
            "id": 4,
            "is_active": true,
            "name": "Scripts",
            "order": 4,
            "slug": "scripts",
            "updated_at": "2026-01-08T21:55:42.326209+07:00"
          },
          "category_id": 4,
          "created_at": "2026-01-13T02:20:25.212431+07:00",
          "created_by": 1,
          "description": "Python script to automate likes, follows, and comments. Includes safety limits to prevent account bans.",
          "downloads_count": 0,
          "features": "[\"Auto Like\", \"Auto Follow\", \"Targeting by Hashtag\"]",
          "id": 5,
          "is_active": true,
          "preview_images": "[\"https://images.unsplash.com/photo-1611162617474-5b21e879e113?auto=format\u0026fit=crop\u0026q=80\u0026w=1000\"]",
          "price": 150000,
          "rating_average": 0,
          "requirements": "[]",
          "slug": "instagram-automation-bot",
          "tech_stack": "[\"Python\", \"Selenium\"]",
          "title": "Instagram Automation Bot",
          "type": "scripts",
          "updated_at": "2026-01-13T02:20:25.212431+07:00",
          "views_count": 0
        },
        {
          "category": {
            "created_at": "2026-01-08T21:55:42.322557+07:00",
            "description": "UI kits and website templates",
            "icon": "layout",
            "id": 2,
            "is_active": true,
            "name": "Templates",
            "order": 2,
            "slug": "templates",
            "updated_at": "2026-01-08T21:55:42.322557+07:00"
          },
          "category_id": 2,
          "created_at": "2026-01-13T02:20:25.211149+07:00",
          "created_by": 1,
          "description": "Clean, responsive, and customizable admin dashboard template built with Vue 3 and Tailwind CSS.",
          "downloads_count": 0,
          "features": "[\"Dark Mode Support\", \"Responsive Layout\", \"Chart.js Integration\", \"Form Components\"]",
          "id": 4,
          "is_active": true,
          "preview_images": "[\"https://images.unsplash.com/photo-1551288049-bebda4e38f71?auto=format\u0026fit=crop\u0026q=80\u0026w=1000\"]",
          "price": 250000,
          "rating_average": 0,
          "requirements": "[]",
          "slug": "modern-admin-dashboard",
          "tech_stack": "[\"Vue 3\", \"Tailwind CSS\", \"Vite\"]",
          "title": "Modern Admin Dashboard UI",
          "type": "template",
          "updated_at": "2026-01-13T02:20:25.211149+07:00",
          "views_count": 0
        },
        {
          "category": {
            "created_at": "2026-01-08T21:55:42.325061+07:00",
            "description": "Flutter, React Native, and native apps",
            "icon": "smartphone",
            "id": 3,
            "is_active": true,
            "name": "Mobile Apps",
            "order": 3,
            "slug": "mobile-apps",
            "updated_at": "2026-01-08T21:55:42.325061+07:00"
          },
          "category_id": 3,
          "created_at": "2026-01-13T02:20:25.210572+07:00",
          "created_by": 1,
          "description": "Uber Eats clone made with Flutter. Beautiful animations, real-time tracking, and vendor dashboard included. Works on both iOS and Android.",
          "downloads_count": 0,
          "features": "[\"Real-time Tracking\", \"Push Notifications\", \"Vendor App\", \"Dark Mode\"]",
          "id": 3,
          "is_active": true,
          "preview_images": "[\"https://images.unsplash.com/photo-1512941937669-90a1b58e7e9c?auto=format\u0026fit=crop\u0026q=80\u0026w=1000\"]",
          "price": 500000,
          "rating_average": 0,
          "requirements": "[]",
          "slug": "flutter-delivery-app",
          "tech_stack": "[\"Flutter\", \"Firebase\", \"Google Maps API\"]",
          "title": "Flutter Delivery App",
          "type": "mobile_apps",
          "updated_at": "2026-01-13T02:20:25.210572+07:00",
          "views_count": 0
        },
        {
          "category": {
            "created_at": "2026-01-08T21:55:42.314623+07:00",
            "description": "Full application source codes",
            "icon": "code",
            "id": 1,
            "is_active": true,
            "name": "Source Code",
            "order": 1,
            "slug": "source-code",
            "updated_at": "2026-01-08T21:55:42.314623+07:00"
          },
          "category_id": 1,
          "created_at": "2026-01-13T02:20:25.20936+07:00",
          "created_by": 1,
          "description": "Launch your SaaS in days with this comprehensive Next.js boilerplate. Includes Stripe integration, Authentication, Database setup with Prisma, and tailwind UI components.",
          "downloads_count": 0,
          "features": "[\"Authentication\", \"Subscription Payments\", \"Admin Dashboard\", \"SEO Optimized\"]",
          "id": 2,
          "is_active": true,
          "preview_images": "[\"https://images.unsplash.com/photo-1618477247222-ac591245363d?auto=format\u0026fit=crop\u0026q=80\u0026w=1000\"]",
          "price": 750000,
          "rating_average": 0,
          "requirements": "[]",
          "slug": "nextjs-saas-boilerplate",
          "tech_stack": "[\"Next.js\", \"TypeScript\", \"Tailwind CSS\", \"Prisma\", \"Stripe\"]",
          "title": "NextJS SaaS Boilerplate",
          "type": "source_code",
          "updated_at": "2026-01-13T02:20:25.20936+07:00",
          "views_count": 0
        },
        {
          "category": {
            "created_at": "2026-01-08T21:55:42.314623+07:00",
            "description": "Full application source codes",
            "icon": "code",
            "id": 1,
            "is_active": true,
            "name": "Source Code",
            "order": 1,
            "slug": "source-code",
            "updated_at": "2026-01-08T21:55:42.314623+07:00"
          },
          "category_id": 1,
          "created_at": "2026-01-13T02:20:25.197105+07:00",
          "created_by": 1,
          "description": "A complete microservices-based e-commerce backend written in Go (Golang). Includes services for products, orders, users, and payments. Features gRPC communication, Kafka event bus, and Docker compose setup.",
          "downloads_count": 0,
          "features": "[\"Microservices Architecture\", \"gRPC Communication\", \"Event-Driven\", \"Scalable\"]",
          "id": 1,
          "is_active": true,
          "preview_images": "[\"https://images.unsplash.com/photo-1555949963-aa79dcee981c?auto=format\u0026fit=crop\u0026q=80\u0026w=1000\", \"https://images.unsplash.com/photo-1555066931-4365d14bab8c?auto=format\u0026fit=crop\u0026q=80\u0026w=1000\"]",
          "price": 1500000,
          "rating_average": 0,
          "requirements": "[]",
          "slug": "ecommerce-microservices-go",
          "tech_stack": "[\"Golang\", \"gRPC\", \"Kafka\", \"PostgreSQL\", \"Docker\"]",
          "title": "E-Commerce Microservices Go",
          "type": "source_code",
          "updated_at": "2026-01-13T02:20:25.197105+07:00",
          "views_count": 0
        }
      ],
      "total": 5
    },
    "message": "Products retrieved successfully",
    "success": true
  },
  "duration": "3.5847ms",
  "duration_ms": 3,
  "client_ip": "::1",
  "user_agent": "Mozilla/5.0 (Windows NT 10.0; Win64; x64) AppleWebKit/537.36 (KHTML, like Gecko) Chrome/143.0.0.0 Safari/537.36"
}
========================================

{
  "timestamp": "2026-01-13 05:55:05",
  "method": "GET",
  "path": "/api/v1/products",
  "query": {
    "limit": "6"
  },
  "headers": {
    "Accept": "application/json, text/plain, */*",
    "Authorization": "",
    "Content-Type": ""
  },
  "status_code": 200,
  "response_body": {
    "data": {
      "limit": 6,
      "page": 1,
      "products": [
        {
          "category": {
            "created_at": "2026-01-08T21:55:42.326209+07:00",
            "description": "Python, PHP, and JS utility scripts",
            "icon": "terminal",
            "id": 4,
            "is_active": true,
            "name": "Scripts",
            "order": 4,
            "slug": "scripts",
            "updated_at": "2026-01-08T21:55:42.326209+07:00"
          },
          "category_id": 4,
          "created_at": "2026-01-13T02:20:25.212431+07:00",
          "created_by": 1,
          "description": "Python script to automate likes, follows, and comments. Includes safety limits to prevent account bans.",
          "downloads_count": 0,
          "features": "[\"Auto Like\", \"Auto Follow\", \"Targeting by Hashtag\"]",
          "id": 5,
          "is_active": true,
          "preview_images": "[\"https://images.unsplash.com/photo-1611162617474-5b21e879e113?auto=format\u0026fit=crop\u0026q=80\u0026w=1000\"]",
          "price": 150000,
          "rating_average": 0,
          "requirements": "[]",
          "slug": "instagram-automation-bot",
          "tech_stack": "[\"Python\", \"Selenium\"]",
          "title": "Instagram Automation Bot",
          "type": "scripts",
          "updated_at": "2026-01-13T02:20:25.212431+07:00",
          "views_count": 0
        },
        {
          "category": {
            "created_at": "2026-01-08T21:55:42.322557+07:00",
            "description": "UI kits and website templates",
            "icon": "layout",
            "id": 2,
            "is_active": true,
            "name": "Templates",
            "order": 2,
            "slug": "templates",
            "updated_at": "2026-01-08T21:55:42.322557+07:00"
          },
          "category_id": 2,
          "created_at": "2026-01-13T02:20:25.211149+07:00",
          "created_by": 1,
          "description": "Clean, responsive, and customizable admin dashboard template built with Vue 3 and Tailwind CSS.",
          "downloads_count": 0,
          "features": "[\"Dark Mode Support\", \"Responsive Layout\", \"Chart.js Integration\", \"Form Components\"]",
          "id": 4,
          "is_active": true,
          "preview_images": "[\"https://images.unsplash.com/photo-1551288049-bebda4e38f71?auto=format\u0026fit=crop\u0026q=80\u0026w=1000\"]",
          "price": 250000,
          "rating_average": 0,
          "requirements": "[]",
          "slug": "modern-admin-dashboard",
          "tech_stack": "[\"Vue 3\", \"Tailwind CSS\", \"Vite\"]",
          "title": "Modern Admin Dashboard UI",
          "type": "template",
          "updated_at": "2026-01-13T02:20:25.211149+07:00",
          "views_count": 0
        },
        {
          "category": {
            "created_at": "2026-01-08T21:55:42.325061+07:00",
            "description": "Flutter, React Native, and native apps",
            "icon": "smartphone",
            "id": 3,
            "is_active": true,
            "name": "Mobile Apps",
            "order": 3,
            "slug": "mobile-apps",
            "updated_at": "2026-01-08T21:55:42.325061+07:00"
          },
          "category_id": 3,
          "created_at": "2026-01-13T02:20:25.210572+07:00",
          "created_by": 1,
          "description": "Uber Eats clone made with Flutter. Beautiful animations, real-time tracking, and vendor dashboard included. Works on both iOS and Android.",
          "downloads_count": 0,
          "features": "[\"Real-time Tracking\", \"Push Notifications\", \"Vendor App\", \"Dark Mode\"]",
          "id": 3,
          "is_active": true,
          "preview_images": "[\"https://images.unsplash.com/photo-1512941937669-90a1b58e7e9c?auto=format\u0026fit=crop\u0026q=80\u0026w=1000\"]",
          "price": 500000,
          "rating_average": 0,
          "requirements": "[]",
          "slug": "flutter-delivery-app",
          "tech_stack": "[\"Flutter\", \"Firebase\", \"Google Maps API\"]",
          "title": "Flutter Delivery App",
          "type": "mobile_apps",
          "updated_at": "2026-01-13T02:20:25.210572+07:00",
          "views_count": 0
        },
        {
          "category": {
            "created_at": "2026-01-08T21:55:42.314623+07:00",
            "description": "Full application source codes",
            "icon": "code",
            "id": 1,
            "is_active": true,
            "name": "Source Code",
            "order": 1,
            "slug": "source-code",
            "updated_at": "2026-01-08T21:55:42.314623+07:00"
          },
          "category_id": 1,
          "created_at": "2026-01-13T02:20:25.20936+07:00",
          "created_by": 1,
          "description": "Launch your SaaS in days with this comprehensive Next.js boilerplate. Includes Stripe integration, Authentication, Database setup with Prisma, and tailwind UI components.",
          "downloads_count": 0,
          "features": "[\"Authentication\", \"Subscription Payments\", \"Admin Dashboard\", \"SEO Optimized\"]",
          "id": 2,
          "is_active": true,
          "preview_images": "[\"https://images.unsplash.com/photo-1618477247222-ac591245363d?auto=format\u0026fit=crop\u0026q=80\u0026w=1000\"]",
          "price": 750000,
          "rating_average": 0,
          "requirements": "[]",
          "slug": "nextjs-saas-boilerplate",
          "tech_stack": "[\"Next.js\", \"TypeScript\", \"Tailwind CSS\", \"Prisma\", \"Stripe\"]",
          "title": "NextJS SaaS Boilerplate",
          "type": "source_code",
          "updated_at": "2026-01-13T02:20:25.20936+07:00",
          "views_count": 0
        },
        {
          "category": {
            "created_at": "2026-01-08T21:55:42.314623+07:00",
            "description": "Full application source codes",
            "icon": "code",
            "id": 1,
            "is_active": true,
            "name": "Source Code",
            "order": 1,
            "slug": "source-code",
            "updated_at": "2026-01-08T21:55:42.314623+07:00"
          },
          "category_id": 1,
          "created_at": "2026-01-13T02:20:25.197105+07:00",
          "created_by": 1,
          "description": "A complete microservices-based e-commerce backend written in Go (Golang). Includes services for products, orders, users, and payments. Features gRPC communication, Kafka event bus, and Docker compose setup.",
          "downloads_count": 0,
          "features": "[\"Microservices Architecture\", \"gRPC Communication\", \"Event-Driven\", \"Scalable\"]",
          "id": 1,
          "is_active": true,
          "preview_images": "[\"https://images.unsplash.com/photo-1555949963-aa79dcee981c?auto=format\u0026fit=crop\u0026q=80\u0026w=1000\", \"https://images.unsplash.com/photo-1555066931-4365d14bab8c?auto=format\u0026fit=crop\u0026q=80\u0026w=1000\"]",
          "price": 1500000,
          "rating_average": 0,
          "requirements": "[]",
          "slug": "ecommerce-microservices-go",
          "tech_stack": "[\"Golang\", \"gRPC\", \"Kafka\", \"PostgreSQL\", \"Docker\"]",
          "title": "E-Commerce Microservices Go",
          "type": "source_code",
          "updated_at": "2026-01-13T02:20:25.197105+07:00",
          "views_count": 0
        }
      ],
      "total": 5
    },
    "message": "Products retrieved successfully",
    "success": true
  },
  "duration": "2.7671ms",
  "duration_ms": 2,
  "client_ip": "::1",
  "user_agent": "Mozilla/5.0 (Windows NT 10.0; Win64; x64) AppleWebKit/537.36 (KHTML, like Gecko) Chrome/143.0.0.0 Safari/537.36"
}
========================================

{
  "timestamp": "2026-01-13 05:56:35",
  "method": "GET",
  "path": "/api/v1/products",
  "query": {
    "limit": "20"
  },
  "headers": {
    "Accept": "application/json, text/plain, */*",
    "Authorization": "",
    "Content-Type": ""
  },
  "status_code": 200,
  "response_body": {
    "data": {
      "limit": 20,
      "page": 1,
      "products": [
        {
          "category": {
            "created_at": "2026-01-08T21:55:42.326209+07:00",
            "description": "Python, PHP, and JS utility scripts",
            "icon": "terminal",
            "id": 4,
            "is_active": true,
            "name": "Scripts",
            "order": 4,
            "slug": "scripts",
            "updated_at": "2026-01-08T21:55:42.326209+07:00"
          },
          "category_id": 4,
          "created_at": "2026-01-13T02:20:25.212431+07:00",
          "created_by": 1,
          "description": "Python script to automate likes, follows, and comments. Includes safety limits to prevent account bans.",
          "downloads_count": 0,
          "features": "[\"Auto Like\", \"Auto Follow\", \"Targeting by Hashtag\"]",
          "id": 5,
          "is_active": true,
          "preview_images": "[\"https://images.unsplash.com/photo-1611162617474-5b21e879e113?auto=format\u0026fit=crop\u0026q=80\u0026w=1000\"]",
          "price": 150000,
          "rating_average": 0,
          "requirements": "[]",
          "slug": "instagram-automation-bot",
          "tech_stack": "[\"Python\", \"Selenium\"]",
          "title": "Instagram Automation Bot",
          "type": "scripts",
          "updated_at": "2026-01-13T02:20:25.212431+07:00",
          "views_count": 0
        },
        {
          "category": {
            "created_at": "2026-01-08T21:55:42.322557+07:00",
            "description": "UI kits and website templates",
            "icon": "layout",
            "id": 2,
            "is_active": true,
            "name": "Templates",
            "order": 2,
            "slug": "templates",
            "updated_at": "2026-01-08T21:55:42.322557+07:00"
          },
          "category_id": 2,
          "created_at": "2026-01-13T02:20:25.211149+07:00",
          "created_by": 1,
          "description": "Clean, responsive, and customizable admin dashboard template built with Vue 3 and Tailwind CSS.",
          "downloads_count": 0,
          "features": "[\"Dark Mode Support\", \"Responsive Layout\", \"Chart.js Integration\", \"Form Components\"]",
          "id": 4,
          "is_active": true,
          "preview_images": "[\"https://images.unsplash.com/photo-1551288049-bebda4e38f71?auto=format\u0026fit=crop\u0026q=80\u0026w=1000\"]",
          "price": 250000,
          "rating_average": 0,
          "requirements": "[]",
          "slug": "modern-admin-dashboard",
          "tech_stack": "[\"Vue 3\", \"Tailwind CSS\", \"Vite\"]",
          "title": "Modern Admin Dashboard UI",
          "type": "template",
          "updated_at": "2026-01-13T02:20:25.211149+07:00",
          "views_count": 0
        },
        {
          "category": {
            "created_at": "2026-01-08T21:55:42.325061+07:00",
            "description": "Flutter, React Native, and native apps",
            "icon": "smartphone",
            "id": 3,
            "is_active": true,
            "name": "Mobile Apps",
            "order": 3,
            "slug": "mobile-apps",
            "updated_at": "2026-01-08T21:55:42.325061+07:00"
          },
          "category_id": 3,
          "created_at": "2026-01-13T02:20:25.210572+07:00",
          "created_by": 1,
          "description": "Uber Eats clone made with Flutter. Beautiful animations, real-time tracking, and vendor dashboard included. Works on both iOS and Android.",
          "downloads_count": 0,
          "features": "[\"Real-time Tracking\", \"Push Notifications\", \"Vendor App\", \"Dark Mode\"]",
          "id": 3,
          "is_active": true,
          "preview_images": "[\"https://images.unsplash.com/photo-1512941937669-90a1b58e7e9c?auto=format\u0026fit=crop\u0026q=80\u0026w=1000\"]",
          "price": 500000,
          "rating_average": 0,
          "requirements": "[]",
          "slug": "flutter-delivery-app",
          "tech_stack": "[\"Flutter\", \"Firebase\", \"Google Maps API\"]",
          "title": "Flutter Delivery App",
          "type": "mobile_apps",
          "updated_at": "2026-01-13T02:20:25.210572+07:00",
          "views_count": 0
        },
        {
          "category": {
            "created_at": "2026-01-08T21:55:42.314623+07:00",
            "description": "Full application source codes",
            "icon": "code",
            "id": 1,
            "is_active": true,
            "name": "Source Code",
            "order": 1,
            "slug": "source-code",
            "updated_at": "2026-01-08T21:55:42.314623+07:00"
          },
          "category_id": 1,
          "created_at": "2026-01-13T02:20:25.20936+07:00",
          "created_by": 1,
          "description": "Launch your SaaS in days with this comprehensive Next.js boilerplate. Includes Stripe integration, Authentication, Database setup with Prisma, and tailwind UI components.",
          "downloads_count": 0,
          "features": "[\"Authentication\", \"Subscription Payments\", \"Admin Dashboard\", \"SEO Optimized\"]",
          "id": 2,
          "is_active": true,
          "preview_images": "[\"https://images.unsplash.com/photo-1618477247222-ac591245363d?auto=format\u0026fit=crop\u0026q=80\u0026w=1000\"]",
          "price": 750000,
          "rating_average": 0,
          "requirements": "[]",
          "slug": "nextjs-saas-boilerplate",
          "tech_stack": "[\"Next.js\", \"TypeScript\", \"Tailwind CSS\", \"Prisma\", \"Stripe\"]",
          "title": "NextJS SaaS Boilerplate",
          "type": "source_code",
          "updated_at": "2026-01-13T02:20:25.20936+07:00",
          "views_count": 0
        },
        {
          "category": {
            "created_at": "2026-01-08T21:55:42.314623+07:00",
            "description": "Full application source codes",
            "icon": "code",
            "id": 1,
            "is_active": true,
            "name": "Source Code",
            "order": 1,
            "slug": "source-code",
            "updated_at": "2026-01-08T21:55:42.314623+07:00"
          },
          "category_id": 1,
          "created_at": "2026-01-13T02:20:25.197105+07:00",
          "created_by": 1,
          "description": "A complete microservices-based e-commerce backend written in Go (Golang). Includes services for products, orders, users, and payments. Features gRPC communication, Kafka event bus, and Docker compose setup.",
          "downloads_count": 0,
          "features": "[\"Microservices Architecture\", \"gRPC Communication\", \"Event-Driven\", \"Scalable\"]",
          "id": 1,
          "is_active": true,
          "preview_images": "[\"https://images.unsplash.com/photo-1555949963-aa79dcee981c?auto=format\u0026fit=crop\u0026q=80\u0026w=1000\", \"https://images.unsplash.com/photo-1555066931-4365d14bab8c?auto=format\u0026fit=crop\u0026q=80\u0026w=1000\"]",
          "price": 1500000,
          "rating_average": 0,
          "requirements": "[]",
          "slug": "ecommerce-microservices-go",
          "tech_stack": "[\"Golang\", \"gRPC\", \"Kafka\", \"PostgreSQL\", \"Docker\"]",
          "title": "E-Commerce Microservices Go",
          "type": "source_code",
          "updated_at": "2026-01-13T02:20:25.197105+07:00",
          "views_count": 0
        }
      ],
      "total": 5
    },
    "message": "Products retrieved successfully",
    "success": true
  },
  "duration": "3.4883ms",
  "duration_ms": 3,
  "client_ip": "::1",
  "user_agent": "Mozilla/5.0 (Windows NT 10.0; Win64; x64) AppleWebKit/537.36 (KHTML, like Gecko) Chrome/143.0.0.0 Safari/537.36"
}
========================================

{
  "timestamp": "2026-01-13 05:56:36",
  "method": "GET",
  "path": "/api/v1/products",
  "query": {
    "limit": "6"
  },
  "headers": {
    "Accept": "application/json, text/plain, */*",
    "Authorization": "",
    "Content-Type": ""
  },
  "status_code": 200,
  "response_body": {
    "data": {
      "limit": 6,
      "page": 1,
      "products": [
        {
          "category": {
            "created_at": "2026-01-08T21:55:42.326209+07:00",
            "description": "Python, PHP, and JS utility scripts",
            "icon": "terminal",
            "id": 4,
            "is_active": true,
            "name": "Scripts",
            "order": 4,
            "slug": "scripts",
            "updated_at": "2026-01-08T21:55:42.326209+07:00"
          },
          "category_id": 4,
          "created_at": "2026-01-13T02:20:25.212431+07:00",
          "created_by": 1,
          "description": "Python script to automate likes, follows, and comments. Includes safety limits to prevent account bans.",
          "downloads_count": 0,
          "features": "[\"Auto Like\", \"Auto Follow\", \"Targeting by Hashtag\"]",
          "id": 5,
          "is_active": true,
          "preview_images": "[\"https://images.unsplash.com/photo-1611162617474-5b21e879e113?auto=format\u0026fit=crop\u0026q=80\u0026w=1000\"]",
          "price": 150000,
          "rating_average": 0,
          "requirements": "[]",
          "slug": "instagram-automation-bot",
          "tech_stack": "[\"Python\", \"Selenium\"]",
          "title": "Instagram Automation Bot",
          "type": "scripts",
          "updated_at": "2026-01-13T02:20:25.212431+07:00",
          "views_count": 0
        },
        {
          "category": {
            "created_at": "2026-01-08T21:55:42.322557+07:00",
            "description": "UI kits and website templates",
            "icon": "layout",
            "id": 2,
            "is_active": true,
            "name": "Templates",
            "order": 2,
            "slug": "templates",
            "updated_at": "2026-01-08T21:55:42.322557+07:00"
          },
          "category_id": 2,
          "created_at": "2026-01-13T02:20:25.211149+07:00",
          "created_by": 1,
          "description": "Clean, responsive, and customizable admin dashboard template built with Vue 3 and Tailwind CSS.",
          "downloads_count": 0,
          "features": "[\"Dark Mode Support\", \"Responsive Layout\", \"Chart.js Integration\", \"Form Components\"]",
          "id": 4,
          "is_active": true,
          "preview_images": "[\"https://images.unsplash.com/photo-1551288049-bebda4e38f71?auto=format\u0026fit=crop\u0026q=80\u0026w=1000\"]",
          "price": 250000,
          "rating_average": 0,
          "requirements": "[]",
          "slug": "modern-admin-dashboard",
          "tech_stack": "[\"Vue 3\", \"Tailwind CSS\", \"Vite\"]",
          "title": "Modern Admin Dashboard UI",
          "type": "template",
          "updated_at": "2026-01-13T02:20:25.211149+07:00",
          "views_count": 0
        },
        {
          "category": {
            "created_at": "2026-01-08T21:55:42.325061+07:00",
            "description": "Flutter, React Native, and native apps",
            "icon": "smartphone",
            "id": 3,
            "is_active": true,
            "name": "Mobile Apps",
            "order": 3,
            "slug": "mobile-apps",
            "updated_at": "2026-01-08T21:55:42.325061+07:00"
          },
          "category_id": 3,
          "created_at": "2026-01-13T02:20:25.210572+07:00",
          "created_by": 1,
          "description": "Uber Eats clone made with Flutter. Beautiful animations, real-time tracking, and vendor dashboard included. Works on both iOS and Android.",
          "downloads_count": 0,
          "features": "[\"Real-time Tracking\", \"Push Notifications\", \"Vendor App\", \"Dark Mode\"]",
          "id": 3,
          "is_active": true,
          "preview_images": "[\"https://images.unsplash.com/photo-1512941937669-90a1b58e7e9c?auto=format\u0026fit=crop\u0026q=80\u0026w=1000\"]",
          "price": 500000,
          "rating_average": 0,
          "requirements": "[]",
          "slug": "flutter-delivery-app",
          "tech_stack": "[\"Flutter\", \"Firebase\", \"Google Maps API\"]",
          "title": "Flutter Delivery App",
          "type": "mobile_apps",
          "updated_at": "2026-01-13T02:20:25.210572+07:00",
          "views_count": 0
        },
        {
          "category": {
            "created_at": "2026-01-08T21:55:42.314623+07:00",
            "description": "Full application source codes",
            "icon": "code",
            "id": 1,
            "is_active": true,
            "name": "Source Code",
            "order": 1,
            "slug": "source-code",
            "updated_at": "2026-01-08T21:55:42.314623+07:00"
          },
          "category_id": 1,
          "created_at": "2026-01-13T02:20:25.20936+07:00",
          "created_by": 1,
          "description": "Launch your SaaS in days with this comprehensive Next.js boilerplate. Includes Stripe integration, Authentication, Database setup with Prisma, and tailwind UI components.",
          "downloads_count": 0,
          "features": "[\"Authentication\", \"Subscription Payments\", \"Admin Dashboard\", \"SEO Optimized\"]",
          "id": 2,
          "is_active": true,
          "preview_images": "[\"https://images.unsplash.com/photo-1618477247222-ac591245363d?auto=format\u0026fit=crop\u0026q=80\u0026w=1000\"]",
          "price": 750000,
          "rating_average": 0,
          "requirements": "[]",
          "slug": "nextjs-saas-boilerplate",
          "tech_stack": "[\"Next.js\", \"TypeScript\", \"Tailwind CSS\", \"Prisma\", \"Stripe\"]",
          "title": "NextJS SaaS Boilerplate",
          "type": "source_code",
          "updated_at": "2026-01-13T02:20:25.20936+07:00",
          "views_count": 0
        },
        {
          "category": {
            "created_at": "2026-01-08T21:55:42.314623+07:00",
            "description": "Full application source codes",
            "icon": "code",
            "id": 1,
            "is_active": true,
            "name": "Source Code",
            "order": 1,
            "slug": "source-code",
            "updated_at": "2026-01-08T21:55:42.314623+07:00"
          },
          "category_id": 1,
          "created_at": "2026-01-13T02:20:25.197105+07:00",
          "created_by": 1,
          "description": "A complete microservices-based e-commerce backend written in Go (Golang). Includes services for products, orders, users, and payments. Features gRPC communication, Kafka event bus, and Docker compose setup.",
          "downloads_count": 0,
          "features": "[\"Microservices Architecture\", \"gRPC Communication\", \"Event-Driven\", \"Scalable\"]",
          "id": 1,
          "is_active": true,
          "preview_images": "[\"https://images.unsplash.com/photo-1555949963-aa79dcee981c?auto=format\u0026fit=crop\u0026q=80\u0026w=1000\", \"https://images.unsplash.com/photo-1555066931-4365d14bab8c?auto=format\u0026fit=crop\u0026q=80\u0026w=1000\"]",
          "price": 1500000,
          "rating_average": 0,
          "requirements": "[]",
          "slug": "ecommerce-microservices-go",
          "tech_stack": "[\"Golang\", \"gRPC\", \"Kafka\", \"PostgreSQL\", \"Docker\"]",
          "title": "E-Commerce Microservices Go",
          "type": "source_code",
          "updated_at": "2026-01-13T02:20:25.197105+07:00",
          "views_count": 0
        }
      ],
      "total": 5
    },
    "message": "Products retrieved successfully",
    "success": true
  },
  "duration": "2.6112ms",
  "duration_ms": 2,
  "client_ip": "::1",
  "user_agent": "Mozilla/5.0 (Windows NT 10.0; Win64; x64) AppleWebKit/537.36 (KHTML, like Gecko) Chrome/143.0.0.0 Safari/537.36"
}
========================================

{
  "timestamp": "2026-01-13 05:57:12",
  "method": "GET",
  "path": "/api/v1/products",
  "query": {
    "limit": "20"
  },
  "headers": {
    "Accept": "application/json, text/plain, */*",
    "Authorization": "",
    "Content-Type": ""
  },
  "status_code": 200,
  "response_body": {
    "data": {
      "limit": 20,
      "page": 1,
      "products": [
        {
          "category": {
            "created_at": "2026-01-08T21:55:42.326209+07:00",
            "description": "Python, PHP, and JS utility scripts",
            "icon": "terminal",
            "id": 4,
            "is_active": true,
            "name": "Scripts",
            "order": 4,
            "slug": "scripts",
            "updated_at": "2026-01-08T21:55:42.326209+07:00"
          },
          "category_id": 4,
          "created_at": "2026-01-13T02:20:25.212431+07:00",
          "created_by": 1,
          "description": "Python script to automate likes, follows, and comments. Includes safety limits to prevent account bans.",
          "downloads_count": 0,
          "features": "[\"Auto Like\", \"Auto Follow\", \"Targeting by Hashtag\"]",
          "id": 5,
          "is_active": true,
          "preview_images": "[\"https://images.unsplash.com/photo-1611162617474-5b21e879e113?auto=format\u0026fit=crop\u0026q=80\u0026w=1000\"]",
          "price": 150000,
          "rating_average": 0,
          "requirements": "[]",
          "slug": "instagram-automation-bot",
          "tech_stack": "[\"Python\", \"Selenium\"]",
          "title": "Instagram Automation Bot",
          "type": "scripts",
          "updated_at": "2026-01-13T02:20:25.212431+07:00",
          "views_count": 0
        },
        {
          "category": {
            "created_at": "2026-01-08T21:55:42.322557+07:00",
            "description": "UI kits and website templates",
            "icon": "layout",
            "id": 2,
            "is_active": true,
            "name": "Templates",
            "order": 2,
            "slug": "templates",
            "updated_at": "2026-01-08T21:55:42.322557+07:00"
          },
          "category_id": 2,
          "created_at": "2026-01-13T02:20:25.211149+07:00",
          "created_by": 1,
          "description": "Clean, responsive, and customizable admin dashboard template built with Vue 3 and Tailwind CSS.",
          "downloads_count": 0,
          "features": "[\"Dark Mode Support\", \"Responsive Layout\", \"Chart.js Integration\", \"Form Components\"]",
          "id": 4,
          "is_active": true,
          "preview_images": "[\"https://images.unsplash.com/photo-1551288049-bebda4e38f71?auto=format\u0026fit=crop\u0026q=80\u0026w=1000\"]",
          "price": 250000,
          "rating_average": 0,
          "requirements": "[]",
          "slug": "modern-admin-dashboard",
          "tech_stack": "[\"Vue 3\", \"Tailwind CSS\", \"Vite\"]",
          "title": "Modern Admin Dashboard UI",
          "type": "template",
          "updated_at": "2026-01-13T02:20:25.211149+07:00",
          "views_count": 0
        },
        {
          "category": {
            "created_at": "2026-01-08T21:55:42.325061+07:00",
            "description": "Flutter, React Native, and native apps",
            "icon": "smartphone",
            "id": 3,
            "is_active": true,
            "name": "Mobile Apps",
            "order": 3,
            "slug": "mobile-apps",
            "updated_at": "2026-01-08T21:55:42.325061+07:00"
          },
          "category_id": 3,
          "created_at": "2026-01-13T02:20:25.210572+07:00",
          "created_by": 1,
          "description": "Uber Eats clone made with Flutter. Beautiful animations, real-time tracking, and vendor dashboard included. Works on both iOS and Android.",
          "downloads_count": 0,
          "features": "[\"Real-time Tracking\", \"Push Notifications\", \"Vendor App\", \"Dark Mode\"]",
          "id": 3,
          "is_active": true,
          "preview_images": "[\"https://images.unsplash.com/photo-1512941937669-90a1b58e7e9c?auto=format\u0026fit=crop\u0026q=80\u0026w=1000\"]",
          "price": 500000,
          "rating_average": 0,
          "requirements": "[]",
          "slug": "flutter-delivery-app",
          "tech_stack": "[\"Flutter\", \"Firebase\", \"Google Maps API\"]",
          "title": "Flutter Delivery App",
          "type": "mobile_apps",
          "updated_at": "2026-01-13T02:20:25.210572+07:00",
          "views_count": 0
        },
        {
          "category": {
            "created_at": "2026-01-08T21:55:42.314623+07:00",
            "description": "Full application source codes",
            "icon": "code",
            "id": 1,
            "is_active": true,
            "name": "Source Code",
            "order": 1,
            "slug": "source-code",
            "updated_at": "2026-01-08T21:55:42.314623+07:00"
          },
          "category_id": 1,
          "created_at": "2026-01-13T02:20:25.20936+07:00",
          "created_by": 1,
          "description": "Launch your SaaS in days with this comprehensive Next.js boilerplate. Includes Stripe integration, Authentication, Database setup with Prisma, and tailwind UI components.",
          "downloads_count": 0,
          "features": "[\"Authentication\", \"Subscription Payments\", \"Admin Dashboard\", \"SEO Optimized\"]",
          "id": 2,
          "is_active": true,
          "preview_images": "[\"https://images.unsplash.com/photo-1618477247222-ac591245363d?auto=format\u0026fit=crop\u0026q=80\u0026w=1000\"]",
          "price": 750000,
          "rating_average": 0,
          "requirements": "[]",
          "slug": "nextjs-saas-boilerplate",
          "tech_stack": "[\"Next.js\", \"TypeScript\", \"Tailwind CSS\", \"Prisma\", \"Stripe\"]",
          "title": "NextJS SaaS Boilerplate",
          "type": "source_code",
          "updated_at": "2026-01-13T02:20:25.20936+07:00",
          "views_count": 0
        },
        {
          "category": {
            "created_at": "2026-01-08T21:55:42.314623+07:00",
            "description": "Full application source codes",
            "icon": "code",
            "id": 1,
            "is_active": true,
            "name": "Source Code",
            "order": 1,
            "slug": "source-code",
            "updated_at": "2026-01-08T21:55:42.314623+07:00"
          },
          "category_id": 1,
          "created_at": "2026-01-13T02:20:25.197105+07:00",
          "created_by": 1,
          "description": "A complete microservices-based e-commerce backend written in Go (Golang). Includes services for products, orders, users, and payments. Features gRPC communication, Kafka event bus, and Docker compose setup.",
          "downloads_count": 0,
          "features": "[\"Microservices Architecture\", \"gRPC Communication\", \"Event-Driven\", \"Scalable\"]",
          "id": 1,
          "is_active": true,
          "preview_images": "[\"https://images.unsplash.com/photo-1555949963-aa79dcee981c?auto=format\u0026fit=crop\u0026q=80\u0026w=1000\", \"https://images.unsplash.com/photo-1555066931-4365d14bab8c?auto=format\u0026fit=crop\u0026q=80\u0026w=1000\"]",
          "price": 1500000,
          "rating_average": 0,
          "requirements": "[]",
          "slug": "ecommerce-microservices-go",
          "tech_stack": "[\"Golang\", \"gRPC\", \"Kafka\", \"PostgreSQL\", \"Docker\"]",
          "title": "E-Commerce Microservices Go",
          "type": "source_code",
          "updated_at": "2026-01-13T02:20:25.197105+07:00",
          "views_count": 0
        }
      ],
      "total": 5
    },
    "message": "Products retrieved successfully",
    "success": true
  },
  "duration": "2.5892ms",
  "duration_ms": 2,
  "client_ip": "::1",
  "user_agent": "Mozilla/5.0 (Windows NT 10.0; Win64; x64) AppleWebKit/537.36 (KHTML, like Gecko) Chrome/143.0.0.0 Safari/537.36"
}
========================================

{
  "timestamp": "2026-01-13 05:57:13",
  "method": "GET",
  "path": "/api/v1/products",
  "query": {
    "limit": "6"
  },
  "headers": {
    "Accept": "application/json, text/plain, */*",
    "Authorization": "",
    "Content-Type": ""
  },
  "status_code": 200,
  "response_body": {
    "data": {
      "limit": 6,
      "page": 1,
      "products": [
        {
          "category": {
            "created_at": "2026-01-08T21:55:42.326209+07:00",
            "description": "Python, PHP, and JS utility scripts",
            "icon": "terminal",
            "id": 4,
            "is_active": true,
            "name": "Scripts",
            "order": 4,
            "slug": "scripts",
            "updated_at": "2026-01-08T21:55:42.326209+07:00"
          },
          "category_id": 4,
          "created_at": "2026-01-13T02:20:25.212431+07:00",
          "created_by": 1,
          "description": "Python script to automate likes, follows, and comments. Includes safety limits to prevent account bans.",
          "downloads_count": 0,
          "features": "[\"Auto Like\", \"Auto Follow\", \"Targeting by Hashtag\"]",
          "id": 5,
          "is_active": true,
          "preview_images": "[\"https://images.unsplash.com/photo-1611162617474-5b21e879e113?auto=format\u0026fit=crop\u0026q=80\u0026w=1000\"]",
          "price": 150000,
          "rating_average": 0,
          "requirements": "[]",
          "slug": "instagram-automation-bot",
          "tech_stack": "[\"Python\", \"Selenium\"]",
          "title": "Instagram Automation Bot",
          "type": "scripts",
          "updated_at": "2026-01-13T02:20:25.212431+07:00",
          "views_count": 0
        },
        {
          "category": {
            "created_at": "2026-01-08T21:55:42.322557+07:00",
            "description": "UI kits and website templates",
            "icon": "layout",
            "id": 2,
            "is_active": true,
            "name": "Templates",
            "order": 2,
            "slug": "templates",
            "updated_at": "2026-01-08T21:55:42.322557+07:00"
          },
          "category_id": 2,
          "created_at": "2026-01-13T02:20:25.211149+07:00",
          "created_by": 1,
          "description": "Clean, responsive, and customizable admin dashboard template built with Vue 3 and Tailwind CSS.",
          "downloads_count": 0,
          "features": "[\"Dark Mode Support\", \"Responsive Layout\", \"Chart.js Integration\", \"Form Components\"]",
          "id": 4,
          "is_active": true,
          "preview_images": "[\"https://images.unsplash.com/photo-1551288049-bebda4e38f71?auto=format\u0026fit=crop\u0026q=80\u0026w=1000\"]",
          "price": 250000,
          "rating_average": 0,
          "requirements": "[]",
          "slug": "modern-admin-dashboard",
          "tech_stack": "[\"Vue 3\", \"Tailwind CSS\", \"Vite\"]",
          "title": "Modern Admin Dashboard UI",
          "type": "template",
          "updated_at": "2026-01-13T02:20:25.211149+07:00",
          "views_count": 0
        },
        {
          "category": {
            "created_at": "2026-01-08T21:55:42.325061+07:00",
            "description": "Flutter, React Native, and native apps",
            "icon": "smartphone",
            "id": 3,
            "is_active": true,
            "name": "Mobile Apps",
            "order": 3,
            "slug": "mobile-apps",
            "updated_at": "2026-01-08T21:55:42.325061+07:00"
          },
          "category_id": 3,
          "created_at": "2026-01-13T02:20:25.210572+07:00",
          "created_by": 1,
          "description": "Uber Eats clone made with Flutter. Beautiful animations, real-time tracking, and vendor dashboard included. Works on both iOS and Android.",
          "downloads_count": 0,
          "features": "[\"Real-time Tracking\", \"Push Notifications\", \"Vendor App\", \"Dark Mode\"]",
          "id": 3,
          "is_active": true,
          "preview_images": "[\"https://images.unsplash.com/photo-1512941937669-90a1b58e7e9c?auto=format\u0026fit=crop\u0026q=80\u0026w=1000\"]",
          "price": 500000,
          "rating_average": 0,
          "requirements": "[]",
          "slug": "flutter-delivery-app",
          "tech_stack": "[\"Flutter\", \"Firebase\", \"Google Maps API\"]",
          "title": "Flutter Delivery App",
          "type": "mobile_apps",
          "updated_at": "2026-01-13T02:20:25.210572+07:00",
          "views_count": 0
        },
        {
          "category": {
            "created_at": "2026-01-08T21:55:42.314623+07:00",
            "description": "Full application source codes",
            "icon": "code",
            "id": 1,
            "is_active": true,
            "name": "Source Code",
            "order": 1,
            "slug": "source-code",
            "updated_at": "2026-01-08T21:55:42.314623+07:00"
          },
          "category_id": 1,
          "created_at": "2026-01-13T02:20:25.20936+07:00",
          "created_by": 1,
          "description": "Launch your SaaS in days with this comprehensive Next.js boilerplate. Includes Stripe integration, Authentication, Database setup with Prisma, and tailwind UI components.",
          "downloads_count": 0,
          "features": "[\"Authentication\", \"Subscription Payments\", \"Admin Dashboard\", \"SEO Optimized\"]",
          "id": 2,
          "is_active": true,
          "preview_images": "[\"https://images.unsplash.com/photo-1618477247222-ac591245363d?auto=format\u0026fit=crop\u0026q=80\u0026w=1000\"]",
          "price": 750000,
          "rating_average": 0,
          "requirements": "[]",
          "slug": "nextjs-saas-boilerplate",
          "tech_stack": "[\"Next.js\", \"TypeScript\", \"Tailwind CSS\", \"Prisma\", \"Stripe\"]",
          "title": "NextJS SaaS Boilerplate",
          "type": "source_code",
          "updated_at": "2026-01-13T02:20:25.20936+07:00",
          "views_count": 0
        },
        {
          "category": {
            "created_at": "2026-01-08T21:55:42.314623+07:00",
            "description": "Full application source codes",
            "icon": "code",
            "id": 1,
            "is_active": true,
            "name": "Source Code",
            "order": 1,
            "slug": "source-code",
            "updated_at": "2026-01-08T21:55:42.314623+07:00"
          },
          "category_id": 1,
          "created_at": "2026-01-13T02:20:25.197105+07:00",
          "created_by": 1,
          "description": "A complete microservices-based e-commerce backend written in Go (Golang). Includes services for products, orders, users, and payments. Features gRPC communication, Kafka event bus, and Docker compose setup.",
          "downloads_count": 0,
          "features": "[\"Microservices Architecture\", \"gRPC Communication\", \"Event-Driven\", \"Scalable\"]",
          "id": 1,
          "is_active": true,
          "preview_images": "[\"https://images.unsplash.com/photo-1555949963-aa79dcee981c?auto=format\u0026fit=crop\u0026q=80\u0026w=1000\", \"https://images.unsplash.com/photo-1555066931-4365d14bab8c?auto=format\u0026fit=crop\u0026q=80\u0026w=1000\"]",
          "price": 1500000,
          "rating_average": 0,
          "requirements": "[]",
          "slug": "ecommerce-microservices-go",
          "tech_stack": "[\"Golang\", \"gRPC\", \"Kafka\", \"PostgreSQL\", \"Docker\"]",
          "title": "E-Commerce Microservices Go",
          "type": "source_code",
          "updated_at": "2026-01-13T02:20:25.197105+07:00",
          "views_count": 0
        }
      ],
      "total": 5
    },
    "message": "Products retrieved successfully",
    "success": true
  },
  "duration": "2.1764ms",
  "duration_ms": 2,
  "client_ip": "::1",
  "user_agent": "Mozilla/5.0 (Windows NT 10.0; Win64; x64) AppleWebKit/537.36 (KHTML, like Gecko) Chrome/143.0.0.0 Safari/537.36"
}
========================================

{
  "timestamp": "2026-01-13 05:57:26",
  "method": "GET",
  "path": "/api/v1/products",
  "query": {
    "limit": "20"
  },
  "headers": {
    "Accept": "application/json, text/plain, */*",
    "Authorization": "",
    "Content-Type": ""
  },
  "status_code": 200,
  "response_body": {
    "data": {
      "limit": 20,
      "page": 1,
      "products": [
        {
          "category": {
            "created_at": "2026-01-08T21:55:42.326209+07:00",
            "description": "Python, PHP, and JS utility scripts",
            "icon": "terminal",
            "id": 4,
            "is_active": true,
            "name": "Scripts",
            "order": 4,
            "slug": "scripts",
            "updated_at": "2026-01-08T21:55:42.326209+07:00"
          },
          "category_id": 4,
          "created_at": "2026-01-13T02:20:25.212431+07:00",
          "created_by": 1,
          "description": "Python script to automate likes, follows, and comments. Includes safety limits to prevent account bans.",
          "downloads_count": 0,
          "features": "[\"Auto Like\", \"Auto Follow\", \"Targeting by Hashtag\"]",
          "id": 5,
          "is_active": true,
          "preview_images": "[\"https://images.unsplash.com/photo-1611162617474-5b21e879e113?auto=format\u0026fit=crop\u0026q=80\u0026w=1000\"]",
          "price": 150000,
          "rating_average": 0,
          "requirements": "[]",
          "slug": "instagram-automation-bot",
          "tech_stack": "[\"Python\", \"Selenium\"]",
          "title": "Instagram Automation Bot",
          "type": "scripts",
          "updated_at": "2026-01-13T02:20:25.212431+07:00",
          "views_count": 0
        },
        {
          "category": {
            "created_at": "2026-01-08T21:55:42.322557+07:00",
            "description": "UI kits and website templates",
            "icon": "layout",
            "id": 2,
            "is_active": true,
            "name": "Templates",
            "order": 2,
            "slug": "templates",
            "updated_at": "2026-01-08T21:55:42.322557+07:00"
          },
          "category_id": 2,
          "created_at": "2026-01-13T02:20:25.211149+07:00",
          "created_by": 1,
          "description": "Clean, responsive, and customizable admin dashboard template built with Vue 3 and Tailwind CSS.",
          "downloads_count": 0,
          "features": "[\"Dark Mode Support\", \"Responsive Layout\", \"Chart.js Integration\", \"Form Components\"]",
          "id": 4,
          "is_active": true,
          "preview_images": "[\"https://images.unsplash.com/photo-1551288049-bebda4e38f71?auto=format\u0026fit=crop\u0026q=80\u0026w=1000\"]",
          "price": 250000,
          "rating_average": 0,
          "requirements": "[]",
          "slug": "modern-admin-dashboard",
          "tech_stack": "[\"Vue 3\", \"Tailwind CSS\", \"Vite\"]",
          "title": "Modern Admin Dashboard UI",
          "type": "template",
          "updated_at": "2026-01-13T02:20:25.211149+07:00",
          "views_count": 0
        },
        {
          "category": {
            "created_at": "2026-01-08T21:55:42.325061+07:00",
            "description": "Flutter, React Native, and native apps",
            "icon": "smartphone",
            "id": 3,
            "is_active": true,
            "name": "Mobile Apps",
            "order": 3,
            "slug": "mobile-apps",
            "updated_at": "2026-01-08T21:55:42.325061+07:00"
          },
          "category_id": 3,
          "created_at": "2026-01-13T02:20:25.210572+07:00",
          "created_by": 1,
          "description": "Uber Eats clone made with Flutter. Beautiful animations, real-time tracking, and vendor dashboard included. Works on both iOS and Android.",
          "downloads_count": 0,
          "features": "[\"Real-time Tracking\", \"Push Notifications\", \"Vendor App\", \"Dark Mode\"]",
          "id": 3,
          "is_active": true,
          "preview_images": "[\"https://images.unsplash.com/photo-1512941937669-90a1b58e7e9c?auto=format\u0026fit=crop\u0026q=80\u0026w=1000\"]",
          "price": 500000,
          "rating_average": 0,
          "requirements": "[]",
          "slug": "flutter-delivery-app",
          "tech_stack": "[\"Flutter\", \"Firebase\", \"Google Maps API\"]",
          "title": "Flutter Delivery App",
          "type": "mobile_apps",
          "updated_at": "2026-01-13T02:20:25.210572+07:00",
          "views_count": 0
        },
        {
          "category": {
            "created_at": "2026-01-08T21:55:42.314623+07:00",
            "description": "Full application source codes",
            "icon": "code",
            "id": 1,
            "is_active": true,
            "name": "Source Code",
            "order": 1,
            "slug": "source-code",
            "updated_at": "2026-01-08T21:55:42.314623+07:00"
          },
          "category_id": 1,
          "created_at": "2026-01-13T02:20:25.20936+07:00",
          "created_by": 1,
          "description": "Launch your SaaS in days with this comprehensive Next.js boilerplate. Includes Stripe integration, Authentication, Database setup with Prisma, and tailwind UI components.",
          "downloads_count": 0,
          "features": "[\"Authentication\", \"Subscription Payments\", \"Admin Dashboard\", \"SEO Optimized\"]",
          "id": 2,
          "is_active": true,
          "preview_images": "[\"https://images.unsplash.com/photo-1618477247222-ac591245363d?auto=format\u0026fit=crop\u0026q=80\u0026w=1000\"]",
          "price": 750000,
          "rating_average": 0,
          "requirements": "[]",
          "slug": "nextjs-saas-boilerplate",
          "tech_stack": "[\"Next.js\", \"TypeScript\", \"Tailwind CSS\", \"Prisma\", \"Stripe\"]",
          "title": "NextJS SaaS Boilerplate",
          "type": "source_code",
          "updated_at": "2026-01-13T02:20:25.20936+07:00",
          "views_count": 0
        },
        {
          "category": {
            "created_at": "2026-01-08T21:55:42.314623+07:00",
            "description": "Full application source codes",
            "icon": "code",
            "id": 1,
            "is_active": true,
            "name": "Source Code",
            "order": 1,
            "slug": "source-code",
            "updated_at": "2026-01-08T21:55:42.314623+07:00"
          },
          "category_id": 1,
          "created_at": "2026-01-13T02:20:25.197105+07:00",
          "created_by": 1,
          "description": "A complete microservices-based e-commerce backend written in Go (Golang). Includes services for products, orders, users, and payments. Features gRPC communication, Kafka event bus, and Docker compose setup.",
          "downloads_count": 0,
          "features": "[\"Microservices Architecture\", \"gRPC Communication\", \"Event-Driven\", \"Scalable\"]",
          "id": 1,
          "is_active": true,
          "preview_images": "[\"https://images.unsplash.com/photo-1555949963-aa79dcee981c?auto=format\u0026fit=crop\u0026q=80\u0026w=1000\", \"https://images.unsplash.com/photo-1555066931-4365d14bab8c?auto=format\u0026fit=crop\u0026q=80\u0026w=1000\"]",
          "price": 1500000,
          "rating_average": 0,
          "requirements": "[]",
          "slug": "ecommerce-microservices-go",
          "tech_stack": "[\"Golang\", \"gRPC\", \"Kafka\", \"PostgreSQL\", \"Docker\"]",
          "title": "E-Commerce Microservices Go",
          "type": "source_code",
          "updated_at": "2026-01-13T02:20:25.197105+07:00",
          "views_count": 0
        }
      ],
      "total": 5
    },
    "message": "Products retrieved successfully",
    "success": true
  },
  "duration": "2.5036ms",
  "duration_ms": 2,
  "client_ip": "::1",
  "user_agent": "Mozilla/5.0 (Windows NT 10.0; Win64; x64) AppleWebKit/537.36 (KHTML, like Gecko) Chrome/143.0.0.0 Safari/537.36"
}
========================================

{
  "timestamp": "2026-01-13 05:59:40",
  "method": "GET",
  "path": "/api/v1/products",
  "query": {
    "limit": "20"
  },
  "headers": {
    "Accept": "application/json, text/plain, */*",
    "Authorization": "",
    "Content-Type": ""
  },
  "status_code": 200,
  "response_body": {
    "data": {
      "limit": 20,
      "page": 1,
      "products": [
        {
          "category": {
            "created_at": "2026-01-08T21:55:42.326209+07:00",
            "description": "Python, PHP, and JS utility scripts",
            "icon": "terminal",
            "id": 4,
            "is_active": true,
            "name": "Scripts",
            "order": 4,
            "slug": "scripts",
            "updated_at": "2026-01-08T21:55:42.326209+07:00"
          },
          "category_id": 4,
          "created_at": "2026-01-13T02:20:25.212431+07:00",
          "created_by": 1,
          "description": "Python script to automate likes, follows, and comments. Includes safety limits to prevent account bans.",
          "downloads_count": 0,
          "features": "[\"Auto Like\", \"Auto Follow\", \"Targeting by Hashtag\"]",
          "id": 5,
          "is_active": true,
          "preview_images": "[\"https://images.unsplash.com/photo-1611162617474-5b21e879e113?auto=format\u0026fit=crop\u0026q=80\u0026w=1000\"]",
          "price": 150000,
          "rating_average": 0,
          "requirements": "[]",
          "slug": "instagram-automation-bot",
          "tech_stack": "[\"Python\", \"Selenium\"]",
          "title": "Instagram Automation Bot",
          "type": "scripts",
          "updated_at": "2026-01-13T02:20:25.212431+07:00",
          "views_count": 0
        },
        {
          "category": {
            "created_at": "2026-01-08T21:55:42.322557+07:00",
            "description": "UI kits and website templates",
            "icon": "layout",
            "id": 2,
            "is_active": true,
            "name": "Templates",
            "order": 2,
            "slug": "templates",
            "updated_at": "2026-01-08T21:55:42.322557+07:00"
          },
          "category_id": 2,
          "created_at": "2026-01-13T02:20:25.211149+07:00",
          "created_by": 1,
          "description": "Clean, responsive, and customizable admin dashboard template built with Vue 3 and Tailwind CSS.",
          "downloads_count": 0,
          "features": "[\"Dark Mode Support\", \"Responsive Layout\", \"Chart.js Integration\", \"Form Components\"]",
          "id": 4,
          "is_active": true,
          "preview_images": "[\"https://images.unsplash.com/photo-1551288049-bebda4e38f71?auto=format\u0026fit=crop\u0026q=80\u0026w=1000\"]",
          "price": 250000,
          "rating_average": 0,
          "requirements": "[]",
          "slug": "modern-admin-dashboard",
          "tech_stack": "[\"Vue 3\", \"Tailwind CSS\", \"Vite\"]",
          "title": "Modern Admin Dashboard UI",
          "type": "template",
          "updated_at": "2026-01-13T02:20:25.211149+07:00",
          "views_count": 0
        },
        {
          "category": {
            "created_at": "2026-01-08T21:55:42.325061+07:00",
            "description": "Flutter, React Native, and native apps",
            "icon": "smartphone",
            "id": 3,
            "is_active": true,
            "name": "Mobile Apps",
            "order": 3,
            "slug": "mobile-apps",
            "updated_at": "2026-01-08T21:55:42.325061+07:00"
          },
          "category_id": 3,
          "created_at": "2026-01-13T02:20:25.210572+07:00",
          "created_by": 1,
          "description": "Uber Eats clone made with Flutter. Beautiful animations, real-time tracking, and vendor dashboard included. Works on both iOS and Android.",
          "downloads_count": 0,
          "features": "[\"Real-time Tracking\", \"Push Notifications\", \"Vendor App\", \"Dark Mode\"]",
          "id": 3,
          "is_active": true,
          "preview_images": "[\"https://images.unsplash.com/photo-1512941937669-90a1b58e7e9c?auto=format\u0026fit=crop\u0026q=80\u0026w=1000\"]",
          "price": 500000,
          "rating_average": 0,
          "requirements": "[]",
          "slug": "flutter-delivery-app",
          "tech_stack": "[\"Flutter\", \"Firebase\", \"Google Maps API\"]",
          "title": "Flutter Delivery App",
          "type": "mobile_apps",
          "updated_at": "2026-01-13T02:20:25.210572+07:00",
          "views_count": 0
        },
        {
          "category": {
            "created_at": "2026-01-08T21:55:42.314623+07:00",
            "description": "Full application source codes",
            "icon": "code",
            "id": 1,
            "is_active": true,
            "name": "Source Code",
            "order": 1,
            "slug": "source-code",
            "updated_at": "2026-01-08T21:55:42.314623+07:00"
          },
          "category_id": 1,
          "created_at": "2026-01-13T02:20:25.20936+07:00",
          "created_by": 1,
          "description": "Launch your SaaS in days with this comprehensive Next.js boilerplate. Includes Stripe integration, Authentication, Database setup with Prisma, and tailwind UI components.",
          "downloads_count": 0,
          "features": "[\"Authentication\", \"Subscription Payments\", \"Admin Dashboard\", \"SEO Optimized\"]",
          "id": 2,
          "is_active": true,
          "preview_images": "[\"https://images.unsplash.com/photo-1618477247222-ac591245363d?auto=format\u0026fit=crop\u0026q=80\u0026w=1000\"]",
          "price": 750000,
          "rating_average": 0,
          "requirements": "[]",
          "slug": "nextjs-saas-boilerplate",
          "tech_stack": "[\"Next.js\", \"TypeScript\", \"Tailwind CSS\", \"Prisma\", \"Stripe\"]",
          "title": "NextJS SaaS Boilerplate",
          "type": "source_code",
          "updated_at": "2026-01-13T02:20:25.20936+07:00",
          "views_count": 0
        },
        {
          "category": {
            "created_at": "2026-01-08T21:55:42.314623+07:00",
            "description": "Full application source codes",
            "icon": "code",
            "id": 1,
            "is_active": true,
            "name": "Source Code",
            "order": 1,
            "slug": "source-code",
            "updated_at": "2026-01-08T21:55:42.314623+07:00"
          },
          "category_id": 1,
          "created_at": "2026-01-13T02:20:25.197105+07:00",
          "created_by": 1,
          "description": "A complete microservices-based e-commerce backend written in Go (Golang). Includes services for products, orders, users, and payments. Features gRPC communication, Kafka event bus, and Docker compose setup.",
          "downloads_count": 0,
          "features": "[\"Microservices Architecture\", \"gRPC Communication\", \"Event-Driven\", \"Scalable\"]",
          "id": 1,
          "is_active": true,
          "preview_images": "[\"https://images.unsplash.com/photo-1555949963-aa79dcee981c?auto=format\u0026fit=crop\u0026q=80\u0026w=1000\", \"https://images.unsplash.com/photo-1555066931-4365d14bab8c?auto=format\u0026fit=crop\u0026q=80\u0026w=1000\"]",
          "price": 1500000,
          "rating_average": 0,
          "requirements": "[]",
          "slug": "ecommerce-microservices-go",
          "tech_stack": "[\"Golang\", \"gRPC\", \"Kafka\", \"PostgreSQL\", \"Docker\"]",
          "title": "E-Commerce Microservices Go",
          "type": "source_code",
          "updated_at": "2026-01-13T02:20:25.197105+07:00",
          "views_count": 0
        }
      ],
      "total": 5
    },
    "message": "Products retrieved successfully",
    "success": true
  },
  "duration": "2.5432ms",
  "duration_ms": 2,
  "client_ip": "::1",
  "user_agent": "Mozilla/5.0 (Windows NT 10.0; Win64; x64) AppleWebKit/537.36 (KHTML, like Gecko) Chrome/143.0.0.0 Safari/537.36"
}
========================================

{
  "timestamp": "2026-01-13 06:02:12",
  "method": "GET",
  "path": "/api/v1/products",
  "query": {
    "limit": "20"
  },
  "headers": {
    "Accept": "application/json, text/plain, */*",
    "Authorization": "",
    "Content-Type": ""
  },
  "status_code": 200,
  "response_body": {
    "data": {
      "limit": 20,
      "page": 1,
      "products": [
        {
          "category": {
            "created_at": "2026-01-08T21:55:42.326209+07:00",
            "description": "Python, PHP, and JS utility scripts",
            "icon": "terminal",
            "id": 4,
            "is_active": true,
            "name": "Scripts",
            "order": 4,
            "slug": "scripts",
            "updated_at": "2026-01-08T21:55:42.326209+07:00"
          },
          "category_id": 4,
          "created_at": "2026-01-13T02:20:25.212431+07:00",
          "created_by": 1,
          "description": "Python script to automate likes, follows, and comments. Includes safety limits to prevent account bans.",
          "downloads_count": 0,
          "features": "[\"Auto Like\", \"Auto Follow\", \"Targeting by Hashtag\"]",
          "id": 5,
          "is_active": true,
          "preview_images": "[\"https://images.unsplash.com/photo-1611162617474-5b21e879e113?auto=format\u0026fit=crop\u0026q=80\u0026w=1000\"]",
          "price": 150000,
          "rating_average": 0,
          "requirements": "[]",
          "slug": "instagram-automation-bot",
          "tech_stack": "[\"Python\", \"Selenium\"]",
          "title": "Instagram Automation Bot",
          "type": "scripts",
          "updated_at": "2026-01-13T02:20:25.212431+07:00",
          "views_count": 0
        },
        {
          "category": {
            "created_at": "2026-01-08T21:55:42.322557+07:00",
            "description": "UI kits and website templates",
            "icon": "layout",
            "id": 2,
            "is_active": true,
            "name": "Templates",
            "order": 2,
            "slug": "templates",
            "updated_at": "2026-01-08T21:55:42.322557+07:00"
          },
          "category_id": 2,
          "created_at": "2026-01-13T02:20:25.211149+07:00",
          "created_by": 1,
          "description": "Clean, responsive, and customizable admin dashboard template built with Vue 3 and Tailwind CSS.",
          "downloads_count": 0,
          "features": "[\"Dark Mode Support\", \"Responsive Layout\", \"Chart.js Integration\", \"Form Components\"]",
          "id": 4,
          "is_active": true,
          "preview_images": "[\"https://images.unsplash.com/photo-1551288049-bebda4e38f71?auto=format\u0026fit=crop\u0026q=80\u0026w=1000\"]",
          "price": 250000,
          "rating_average": 0,
          "requirements": "[]",
          "slug": "modern-admin-dashboard",
          "tech_stack": "[\"Vue 3\", \"Tailwind CSS\", \"Vite\"]",
          "title": "Modern Admin Dashboard UI",
          "type": "template",
          "updated_at": "2026-01-13T02:20:25.211149+07:00",
          "views_count": 0
        },
        {
          "category": {
            "created_at": "2026-01-08T21:55:42.325061+07:00",
            "description": "Flutter, React Native, and native apps",
            "icon": "smartphone",
            "id": 3,
            "is_active": true,
            "name": "Mobile Apps",
            "order": 3,
            "slug": "mobile-apps",
            "updated_at": "2026-01-08T21:55:42.325061+07:00"
          },
          "category_id": 3,
          "created_at": "2026-01-13T02:20:25.210572+07:00",
          "created_by": 1,
          "description": "Uber Eats clone made with Flutter. Beautiful animations, real-time tracking, and vendor dashboard included. Works on both iOS and Android.",
          "downloads_count": 0,
          "features": "[\"Real-time Tracking\", \"Push Notifications\", \"Vendor App\", \"Dark Mode\"]",
          "id": 3,
          "is_active": true,
          "preview_images": "[\"https://images.unsplash.com/photo-1512941937669-90a1b58e7e9c?auto=format\u0026fit=crop\u0026q=80\u0026w=1000\"]",
          "price": 500000,
          "rating_average": 0,
          "requirements": "[]",
          "slug": "flutter-delivery-app",
          "tech_stack": "[\"Flutter\", \"Firebase\", \"Google Maps API\"]",
          "title": "Flutter Delivery App",
          "type": "mobile_apps",
          "updated_at": "2026-01-13T02:20:25.210572+07:00",
          "views_count": 0
        },
        {
          "category": {
            "created_at": "2026-01-08T21:55:42.314623+07:00",
            "description": "Full application source codes",
            "icon": "code",
            "id": 1,
            "is_active": true,
            "name": "Source Code",
            "order": 1,
            "slug": "source-code",
            "updated_at": "2026-01-08T21:55:42.314623+07:00"
          },
          "category_id": 1,
          "created_at": "2026-01-13T02:20:25.20936+07:00",
          "created_by": 1,
          "description": "Launch your SaaS in days with this comprehensive Next.js boilerplate. Includes Stripe integration, Authentication, Database setup with Prisma, and tailwind UI components.",
          "downloads_count": 0,
          "features": "[\"Authentication\", \"Subscription Payments\", \"Admin Dashboard\", \"SEO Optimized\"]",
          "id": 2,
          "is_active": true,
          "preview_images": "[\"https://images.unsplash.com/photo-1618477247222-ac591245363d?auto=format\u0026fit=crop\u0026q=80\u0026w=1000\"]",
          "price": 750000,
          "rating_average": 0,
          "requirements": "[]",
          "slug": "nextjs-saas-boilerplate",
          "tech_stack": "[\"Next.js\", \"TypeScript\", \"Tailwind CSS\", \"Prisma\", \"Stripe\"]",
          "title": "NextJS SaaS Boilerplate",
          "type": "source_code",
          "updated_at": "2026-01-13T02:20:25.20936+07:00",
          "views_count": 0
        },
        {
          "category": {
            "created_at": "2026-01-08T21:55:42.314623+07:00",
            "description": "Full application source codes",
            "icon": "code",
            "id": 1,
            "is_active": true,
            "name": "Source Code",
            "order": 1,
            "slug": "source-code",
            "updated_at": "2026-01-08T21:55:42.314623+07:00"
          },
          "category_id": 1,
          "created_at": "2026-01-13T02:20:25.197105+07:00",
          "created_by": 1,
          "description": "A complete microservices-based e-commerce backend written in Go (Golang). Includes services for products, orders, users, and payments. Features gRPC communication, Kafka event bus, and Docker compose setup.",
          "downloads_count": 0,
          "features": "[\"Microservices Architecture\", \"gRPC Communication\", \"Event-Driven\", \"Scalable\"]",
          "id": 1,
          "is_active": true,
          "preview_images": "[\"https://images.unsplash.com/photo-1555949963-aa79dcee981c?auto=format\u0026fit=crop\u0026q=80\u0026w=1000\", \"https://images.unsplash.com/photo-1555066931-4365d14bab8c?auto=format\u0026fit=crop\u0026q=80\u0026w=1000\"]",
          "price": 1500000,
          "rating_average": 0,
          "requirements": "[]",
          "slug": "ecommerce-microservices-go",
          "tech_stack": "[\"Golang\", \"gRPC\", \"Kafka\", \"PostgreSQL\", \"Docker\"]",
          "title": "E-Commerce Microservices Go",
          "type": "source_code",
          "updated_at": "2026-01-13T02:20:25.197105+07:00",
          "views_count": 0
        }
      ],
      "total": 5
    },
    "message": "Products retrieved successfully",
    "success": true
  },
  "duration": "3.0477ms",
  "duration_ms": 3,
  "client_ip": "::1",
  "user_agent": "Mozilla/5.0 (Windows NT 10.0; Win64; x64) AppleWebKit/537.36 (KHTML, like Gecko) Chrome/143.0.0.0 Safari/537.36"
}
========================================

{
  "timestamp": "2026-01-13 14:14:08",
  "method": "GET",
  "path": "/api/v1/products",
  "query": {
    "limit": "20"
  },
  "headers": {
    "Accept": "application/json, text/plain, */*",
    "Authorization": "",
    "Content-Type": ""
  },
  "status_code": 200,
  "response_body": {
    "data": {
      "limit": 20,
      "page": 1,
      "products": [
        {
          "category": {
            "created_at": "2026-01-08T21:55:42.326209+07:00",
            "description": "Python, PHP, and JS utility scripts",
            "icon": "terminal",
            "id": 4,
            "is_active": true,
            "name": "Scripts",
            "order": 4,
            "slug": "scripts",
            "updated_at": "2026-01-08T21:55:42.326209+07:00"
          },
          "category_id": 4,
          "created_at": "2026-01-13T02:20:25.212431+07:00",
          "created_by": 1,
          "description": "Python script to automate likes, follows, and comments. Includes safety limits to prevent account bans.",
          "downloads_count": 0,
          "features": "[\"Auto Like\", \"Auto Follow\", \"Targeting by Hashtag\"]",
          "id": 5,
          "is_active": true,
          "preview_images": "[\"https://images.unsplash.com/photo-1611162617474-5b21e879e113?auto=format\u0026fit=crop\u0026q=80\u0026w=1000\"]",
          "price": 150000,
          "rating_average": 0,
          "requirements": "[]",
          "slug": "instagram-automation-bot",
          "tech_stack": "[\"Python\", \"Selenium\"]",
          "title": "Instagram Automation Bot",
          "type": "scripts",
          "updated_at": "2026-01-13T02:20:25.212431+07:00",
          "views_count": 0
        },
        {
          "category": {
            "created_at": "2026-01-08T21:55:42.322557+07:00",
            "description": "UI kits and website templates",
            "icon": "layout",
            "id": 2,
            "is_active": true,
            "name": "Templates",
            "order": 2,
            "slug": "templates",
            "updated_at": "2026-01-08T21:55:42.322557+07:00"
          },
          "category_id": 2,
          "created_at": "2026-01-13T02:20:25.211149+07:00",
          "created_by": 1,
          "description": "Clean, responsive, and customizable admin dashboard template built with Vue 3 and Tailwind CSS.",
          "downloads_count": 0,
          "features": "[\"Dark Mode Support\", \"Responsive Layout\", \"Chart.js Integration\", \"Form Components\"]",
          "id": 4,
          "is_active": true,
          "preview_images": "[\"https://images.unsplash.com/photo-1551288049-bebda4e38f71?auto=format\u0026fit=crop\u0026q=80\u0026w=1000\"]",
          "price": 250000,
          "rating_average": 0,
          "requirements": "[]",
          "slug": "modern-admin-dashboard",
          "tech_stack": "[\"Vue 3\", \"Tailwind CSS\", \"Vite\"]",
          "title": "Modern Admin Dashboard UI",
          "type": "template",
          "updated_at": "2026-01-13T02:20:25.211149+07:00",
          "views_count": 0
        },
        {
          "category": {
            "created_at": "2026-01-08T21:55:42.325061+07:00",
            "description": "Flutter, React Native, and native apps",
            "icon": "smartphone",
            "id": 3,
            "is_active": true,
            "name": "Mobile Apps",
            "order": 3,
            "slug": "mobile-apps",
            "updated_at": "2026-01-08T21:55:42.325061+07:00"
          },
          "category_id": 3,
          "created_at": "2026-01-13T02:20:25.210572+07:00",
          "created_by": 1,
          "description": "Uber Eats clone made with Flutter. Beautiful animations, real-time tracking, and vendor dashboard included. Works on both iOS and Android.",
          "downloads_count": 0,
          "features": "[\"Real-time Tracking\", \"Push Notifications\", \"Vendor App\", \"Dark Mode\"]",
          "id": 3,
          "is_active": true,
          "preview_images": "[\"https://images.unsplash.com/photo-1512941937669-90a1b58e7e9c?auto=format\u0026fit=crop\u0026q=80\u0026w=1000\"]",
          "price": 500000,
          "rating_average": 0,
          "requirements": "[]",
          "slug": "flutter-delivery-app",
          "tech_stack": "[\"Flutter\", \"Firebase\", \"Google Maps API\"]",
          "title": "Flutter Delivery App",
          "type": "mobile_apps",
          "updated_at": "2026-01-13T02:20:25.210572+07:00",
          "views_count": 0
        },
        {
          "category": {
            "created_at": "2026-01-08T21:55:42.314623+07:00",
            "description": "Full application source codes",
            "icon": "code",
            "id": 1,
            "is_active": true,
            "name": "Source Code",
            "order": 1,
            "slug": "source-code",
            "updated_at": "2026-01-08T21:55:42.314623+07:00"
          },
          "category_id": 1,
          "created_at": "2026-01-13T02:20:25.20936+07:00",
          "created_by": 1,
          "description": "Launch your SaaS in days with this comprehensive Next.js boilerplate. Includes Stripe integration, Authentication, Database setup with Prisma, and tailwind UI components.",
          "downloads_count": 0,
          "features": "[\"Authentication\", \"Subscription Payments\", \"Admin Dashboard\", \"SEO Optimized\"]",
          "id": 2,
          "is_active": true,
          "preview_images": "[\"https://images.unsplash.com/photo-1618477247222-ac591245363d?auto=format\u0026fit=crop\u0026q=80\u0026w=1000\"]",
          "price": 750000,
          "rating_average": 0,
          "requirements": "[]",
          "slug": "nextjs-saas-boilerplate",
          "tech_stack": "[\"Next.js\", \"TypeScript\", \"Tailwind CSS\", \"Prisma\", \"Stripe\"]",
          "title": "NextJS SaaS Boilerplate",
          "type": "source_code",
          "updated_at": "2026-01-13T02:20:25.20936+07:00",
          "views_count": 0
        },
        {
          "category": {
            "created_at": "2026-01-08T21:55:42.314623+07:00",
            "description": "Full application source codes",
            "icon": "code",
            "id": 1,
            "is_active": true,
            "name": "Source Code",
            "order": 1,
            "slug": "source-code",
            "updated_at": "2026-01-08T21:55:42.314623+07:00"
          },
          "category_id": 1,
          "created_at": "2026-01-13T02:20:25.197105+07:00",
          "created_by": 1,
          "description": "A complete microservices-based e-commerce backend written in Go (Golang). Includes services for products, orders, users, and payments. Features gRPC communication, Kafka event bus, and Docker compose setup.",
          "downloads_count": 0,
          "features": "[\"Microservices Architecture\", \"gRPC Communication\", \"Event-Driven\", \"Scalable\"]",
          "id": 1,
          "is_active": true,
          "preview_images": "[\"https://images.unsplash.com/photo-1555949963-aa79dcee981c?auto=format\u0026fit=crop\u0026q=80\u0026w=1000\", \"https://images.unsplash.com/photo-1555066931-4365d14bab8c?auto=format\u0026fit=crop\u0026q=80\u0026w=1000\"]",
          "price": 1500000,
          "rating_average": 0,
          "requirements": "[]",
          "slug": "ecommerce-microservices-go",
          "tech_stack": "[\"Golang\", \"gRPC\", \"Kafka\", \"PostgreSQL\", \"Docker\"]",
          "title": "E-Commerce Microservices Go",
          "type": "source_code",
          "updated_at": "2026-01-13T02:20:25.197105+07:00",
          "views_count": 0
        }
      ],
      "total": 5
    },
    "message": "Products retrieved successfully",
    "success": true
  },
  "duration": "19.8146ms",
  "duration_ms": 19,
  "client_ip": "::1",
  "user_agent": "Mozilla/5.0 (Windows NT 10.0; Win64; x64) AppleWebKit/537.36 (KHTML, like Gecko) Chrome/143.0.0.0 Safari/537.36"
}
========================================

{
  "timestamp": "2026-01-13 17:31:01",
  "method": "GET",
  "path": "/api/v1/products",
  "query": {
    "limit": "20"
  },
  "headers": {
    "Accept": "application/json, text/plain, */*",
    "Authorization": "",
    "Content-Type": ""
  },
  "status_code": 200,
  "response_body": {
    "data": {
      "limit": 20,
      "page": 1,
      "products": [
        {
          "category": {
            "created_at": "2026-01-08T21:55:42.326209+07:00",
            "description": "Python, PHP, and JS utility scripts",
            "icon": "terminal",
            "id": 4,
            "is_active": true,
            "name": "Scripts",
            "order": 4,
            "slug": "scripts",
            "updated_at": "2026-01-08T21:55:42.326209+07:00"
          },
          "category_id": 4,
          "created_at": "2026-01-13T02:20:25.212431+07:00",
          "created_by": 1,
          "description": "Python script to automate likes, follows, and comments. Includes safety limits to prevent account bans.",
          "downloads_count": 0,
          "features": "[\"Auto Like\", \"Auto Follow\", \"Targeting by Hashtag\"]",
          "id": 5,
          "is_active": true,
          "preview_images": "[\"https://images.unsplash.com/photo-1611162617474-5b21e879e113?auto=format\u0026fit=crop\u0026q=80\u0026w=1000\"]",
          "price": 150000,
          "rating_average": 0,
          "requirements": "[]",
          "slug": "instagram-automation-bot",
          "tech_stack": "[\"Python\", \"Selenium\"]",
          "title": "Instagram Automation Bot",
          "type": "scripts",
          "updated_at": "2026-01-13T02:20:25.212431+07:00",
          "views_count": 0
        },
        {
          "category": {
            "created_at": "2026-01-08T21:55:42.322557+07:00",
            "description": "UI kits and website templates",
            "icon": "layout",
            "id": 2,
            "is_active": true,
            "name": "Templates",
            "order": 2,
            "slug": "templates",
            "updated_at": "2026-01-08T21:55:42.322557+07:00"
          },
          "category_id": 2,
          "created_at": "2026-01-13T02:20:25.211149+07:00",
          "created_by": 1,
          "description": "Clean, responsive, and customizable admin dashboard template built with Vue 3 and Tailwind CSS.",
          "downloads_count": 0,
          "features": "[\"Dark Mode Support\", \"Responsive Layout\", \"Chart.js Integration\", \"Form Components\"]",
          "id": 4,
          "is_active": true,
          "preview_images": "[\"https://images.unsplash.com/photo-1551288049-bebda4e38f71?auto=format\u0026fit=crop\u0026q=80\u0026w=1000\"]",
          "price": 250000,
          "rating_average": 0,
          "requirements": "[]",
          "slug": "modern-admin-dashboard",
          "tech_stack": "[\"Vue 3\", \"Tailwind CSS\", \"Vite\"]",
          "title": "Modern Admin Dashboard UI",
          "type": "template",
          "updated_at": "2026-01-13T02:20:25.211149+07:00",
          "views_count": 0
        },
        {
          "category": {
            "created_at": "2026-01-08T21:55:42.325061+07:00",
            "description": "Flutter, React Native, and native apps",
            "icon": "smartphone",
            "id": 3,
            "is_active": true,
            "name": "Mobile Apps",
            "order": 3,
            "slug": "mobile-apps",
            "updated_at": "2026-01-08T21:55:42.325061+07:00"
          },
          "category_id": 3,
          "created_at": "2026-01-13T02:20:25.210572+07:00",
          "created_by": 1,
          "description": "Uber Eats clone made with Flutter. Beautiful animations, real-time tracking, and vendor dashboard included. Works on both iOS and Android.",
          "downloads_count": 0,
          "features": "[\"Real-time Tracking\", \"Push Notifications\", \"Vendor App\", \"Dark Mode\"]",
          "id": 3,
          "is_active": true,
          "preview_images": "[\"https://images.unsplash.com/photo-1512941937669-90a1b58e7e9c?auto=format\u0026fit=crop\u0026q=80\u0026w=1000\"]",
          "price": 500000,
          "rating_average": 0,
          "requirements": "[]",
          "slug": "flutter-delivery-app",
          "tech_stack": "[\"Flutter\", \"Firebase\", \"Google Maps API\"]",
          "title": "Flutter Delivery App",
          "type": "mobile_apps",
          "updated_at": "2026-01-13T02:20:25.210572+07:00",
          "views_count": 0
        },
        {
          "category": {
            "created_at": "2026-01-08T21:55:42.314623+07:00",
            "description": "Full application source codes",
            "icon": "code",
            "id": 1,
            "is_active": true,
            "name": "Source Code",
            "order": 1,
            "slug": "source-code",
            "updated_at": "2026-01-08T21:55:42.314623+07:00"
          },
          "category_id": 1,
          "created_at": "2026-01-13T02:20:25.20936+07:00",
          "created_by": 1,
          "description": "Launch your SaaS in days with this comprehensive Next.js boilerplate. Includes Stripe integration, Authentication, Database setup with Prisma, and tailwind UI components.",
          "downloads_count": 0,
          "features": "[\"Authentication\", \"Subscription Payments\", \"Admin Dashboard\", \"SEO Optimized\"]",
          "id": 2,
          "is_active": true,
          "preview_images": "[\"https://images.unsplash.com/photo-1618477247222-ac591245363d?auto=format\u0026fit=crop\u0026q=80\u0026w=1000\"]",
          "price": 750000,
          "rating_average": 0,
          "requirements": "[]",
          "slug": "nextjs-saas-boilerplate",
          "tech_stack": "[\"Next.js\", \"TypeScript\", \"Tailwind CSS\", \"Prisma\", \"Stripe\"]",
          "title": "NextJS SaaS Boilerplate",
          "type": "source_code",
          "updated_at": "2026-01-13T02:20:25.20936+07:00",
          "views_count": 0
        },
        {
          "category": {
            "created_at": "2026-01-08T21:55:42.314623+07:00",
            "description": "Full application source codes",
            "icon": "code",
            "id": 1,
            "is_active": true,
            "name": "Source Code",
            "order": 1,
            "slug": "source-code",
            "updated_at": "2026-01-08T21:55:42.314623+07:00"
          },
          "category_id": 1,
          "created_at": "2026-01-13T02:20:25.197105+07:00",
          "created_by": 1,
          "description": "A complete microservices-based e-commerce backend written in Go (Golang). Includes services for products, orders, users, and payments. Features gRPC communication, Kafka event bus, and Docker compose setup.",
          "downloads_count": 0,
          "features": "[\"Microservices Architecture\", \"gRPC Communication\", \"Event-Driven\", \"Scalable\"]",
          "id": 1,
          "is_active": true,
          "preview_images": "[\"https://images.unsplash.com/photo-1555949963-aa79dcee981c?auto=format\u0026fit=crop\u0026q=80\u0026w=1000\", \"https://images.unsplash.com/photo-1555066931-4365d14bab8c?auto=format\u0026fit=crop\u0026q=80\u0026w=1000\"]",
          "price": 1500000,
          "rating_average": 0,
          "requirements": "[]",
          "slug": "ecommerce-microservices-go",
          "tech_stack": "[\"Golang\", \"gRPC\", \"Kafka\", \"PostgreSQL\", \"Docker\"]",
          "title": "E-Commerce Microservices Go",
          "type": "source_code",
          "updated_at": "2026-01-13T02:20:25.197105+07:00",
          "views_count": 0
        }
      ],
      "total": 5
    },
    "message": "Products retrieved successfully",
    "success": true
  },
  "duration": "47.5299ms",
  "duration_ms": 47,
  "client_ip": "::1",
  "user_agent": "Mozilla/5.0 (Windows NT 10.0; Win64; x64) AppleWebKit/537.36 (KHTML, like Gecko) Chrome/143.0.0.0 Safari/537.36"
}
========================================

{
  "timestamp": "2026-01-13 20:39:03",
  "method": "GET",
  "path": "/api/v1/products",
  "query": {
    "limit": "20"
  },
  "headers": {
    "Accept": "application/json, text/plain, */*",
    "Authorization": "",
    "Content-Type": ""
  },
  "status_code": 200,
  "response_body": {
    "data": {
      "limit": 20,
      "page": 1,
      "products": [
        {
          "category": {
            "created_at": "2026-01-08T21:55:42.326209+07:00",
            "description": "Python, PHP, and JS utility scripts",
            "icon": "terminal",
            "id": 4,
            "is_active": true,
            "name": "Scripts",
            "order": 4,
            "slug": "scripts",
            "updated_at": "2026-01-08T21:55:42.326209+07:00"
          },
          "category_id": 4,
          "created_at": "2026-01-13T02:20:25.212431+07:00",
          "created_by": 1,
          "description": "Python script to automate likes, follows, and comments. Includes safety limits to prevent account bans.",
          "downloads_count": 0,
          "features": "[\"Auto Like\", \"Auto Follow\", \"Targeting by Hashtag\"]",
          "id": 5,
          "is_active": true,
          "preview_images": "[\"https://images.unsplash.com/photo-1611162617474-5b21e879e113?auto=format\u0026fit=crop\u0026q=80\u0026w=1000\"]",
          "price": 150000,
          "rating_average": 0,
          "requirements": "[]",
          "slug": "instagram-automation-bot",
          "tech_stack": "[\"Python\", \"Selenium\"]",
          "title": "Instagram Automation Bot",
          "type": "scripts",
          "updated_at": "2026-01-13T02:20:25.212431+07:00",
          "views_count": 0
        },
        {
          "category": {
            "created_at": "2026-01-08T21:55:42.322557+07:00",
            "description": "UI kits and website templates",
            "icon": "layout",
            "id": 2,
            "is_active": true,
            "name": "Templates",
            "order": 2,
            "slug": "templates",
            "updated_at": "2026-01-08T21:55:42.322557+07:00"
          },
          "category_id": 2,
          "created_at": "2026-01-13T02:20:25.211149+07:00",
          "created_by": 1,
          "description": "Clean, responsive, and customizable admin dashboard template built with Vue 3 and Tailwind CSS.",
          "downloads_count": 0,
          "features": "[\"Dark Mode Support\", \"Responsive Layout\", \"Chart.js Integration\", \"Form Components\"]",
          "id": 4,
          "is_active": true,
          "preview_images": "[\"https://images.unsplash.com/photo-1551288049-bebda4e38f71?auto=format\u0026fit=crop\u0026q=80\u0026w=1000\"]",
          "price": 250000,
          "rating_average": 0,
          "requirements": "[]",
          "slug": "modern-admin-dashboard",
          "tech_stack": "[\"Vue 3\", \"Tailwind CSS\", \"Vite\"]",
          "title": "Modern Admin Dashboard UI",
          "type": "template",
          "updated_at": "2026-01-13T02:20:25.211149+07:00",
          "views_count": 0
        },
        {
          "category": {
            "created_at": "2026-01-08T21:55:42.325061+07:00",
            "description": "Flutter, React Native, and native apps",
            "icon": "smartphone",
            "id": 3,
            "is_active": true,
            "name": "Mobile Apps",
            "order": 3,
            "slug": "mobile-apps",
            "updated_at": "2026-01-08T21:55:42.325061+07:00"
          },
          "category_id": 3,
          "created_at": "2026-01-13T02:20:25.210572+07:00",
          "created_by": 1,
          "description": "Uber Eats clone made with Flutter. Beautiful animations, real-time tracking, and vendor dashboard included. Works on both iOS and Android.",
          "downloads_count": 0,
          "features": "[\"Real-time Tracking\", \"Push Notifications\", \"Vendor App\", \"Dark Mode\"]",
          "id": 3,
          "is_active": true,
          "preview_images": "[\"https://images.unsplash.com/photo-1512941937669-90a1b58e7e9c?auto=format\u0026fit=crop\u0026q=80\u0026w=1000\"]",
          "price": 500000,
          "rating_average": 0,
          "requirements": "[]",
          "slug": "flutter-delivery-app",
          "tech_stack": "[\"Flutter\", \"Firebase\", \"Google Maps API\"]",
          "title": "Flutter Delivery App",
          "type": "mobile_apps",
          "updated_at": "2026-01-13T02:20:25.210572+07:00",
          "views_count": 0
        },
        {
          "category": {
            "created_at": "2026-01-08T21:55:42.314623+07:00",
            "description": "Full application source codes",
            "icon": "code",
            "id": 1,
            "is_active": true,
            "name": "Source Code",
            "order": 1,
            "slug": "source-code",
            "updated_at": "2026-01-08T21:55:42.314623+07:00"
          },
          "category_id": 1,
          "created_at": "2026-01-13T02:20:25.20936+07:00",
          "created_by": 1,
          "description": "Launch your SaaS in days with this comprehensive Next.js boilerplate. Includes Stripe integration, Authentication, Database setup with Prisma, and tailwind UI components.",
          "downloads_count": 0,
          "features": "[\"Authentication\", \"Subscription Payments\", \"Admin Dashboard\", \"SEO Optimized\"]",
          "id": 2,
          "is_active": true,
          "preview_images": "[\"https://images.unsplash.com/photo-1618477247222-ac591245363d?auto=format\u0026fit=crop\u0026q=80\u0026w=1000\"]",
          "price": 750000,
          "rating_average": 0,
          "requirements": "[]",
          "slug": "nextjs-saas-boilerplate",
          "tech_stack": "[\"Next.js\", \"TypeScript\", \"Tailwind CSS\", \"Prisma\", \"Stripe\"]",
          "title": "NextJS SaaS Boilerplate",
          "type": "source_code",
          "updated_at": "2026-01-13T02:20:25.20936+07:00",
          "views_count": 0
        },
        {
          "category": {
            "created_at": "2026-01-08T21:55:42.314623+07:00",
            "description": "Full application source codes",
            "icon": "code",
            "id": 1,
            "is_active": true,
            "name": "Source Code",
            "order": 1,
            "slug": "source-code",
            "updated_at": "2026-01-08T21:55:42.314623+07:00"
          },
          "category_id": 1,
          "created_at": "2026-01-13T02:20:25.197105+07:00",
          "created_by": 1,
          "description": "A complete microservices-based e-commerce backend written in Go (Golang). Includes services for products, orders, users, and payments. Features gRPC communication, Kafka event bus, and Docker compose setup.",
          "downloads_count": 0,
          "features": "[\"Microservices Architecture\", \"gRPC Communication\", \"Event-Driven\", \"Scalable\"]",
          "id": 1,
          "is_active": true,
          "preview_images": "[\"https://images.unsplash.com/photo-1555949963-aa79dcee981c?auto=format\u0026fit=crop\u0026q=80\u0026w=1000\", \"https://images.unsplash.com/photo-1555066931-4365d14bab8c?auto=format\u0026fit=crop\u0026q=80\u0026w=1000\"]",
          "price": 1500000,
          "rating_average": 0,
          "requirements": "[]",
          "slug": "ecommerce-microservices-go",
          "tech_stack": "[\"Golang\", \"gRPC\", \"Kafka\", \"PostgreSQL\", \"Docker\"]",
          "title": "E-Commerce Microservices Go",
          "type": "source_code",
          "updated_at": "2026-01-13T02:20:25.197105+07:00",
          "views_count": 0
        }
      ],
      "total": 5
    },
    "message": "Products retrieved successfully",
    "success": true
  },
  "duration": "6.4236ms",
  "duration_ms": 6,
  "client_ip": "::1",
  "user_agent": "Mozilla/5.0 (Windows NT 10.0; Win64; x64) AppleWebKit/537.36 (KHTML, like Gecko) Chrome/143.0.0.0 Safari/537.36"
}
========================================
