
{
  "timestamp": "2026-01-14 21:51:50",
  "method": "GET",
  "path": "/api/v1/products",
  "query": {
    "limit": "6"
  },
  "headers": {
    "Accept": "application/json, text/plain, */*",
    "Authorization": "",
    "Content-Type": ""
  },
  "status_code": 200,
  "response_body": {
    "data": {
      "limit": 6,
      "page": 1,
      "products": [
        {
          "category": {
            "created_at": "2026-01-08T21:55:42.326209+07:00",
            "description": "Python, PHP, and JS utility scripts",
            "icon": "terminal",
            "id": 4,
            "is_active": true,
            "name": "Scripts",
            "order": 4,
            "slug": "scripts",
            "updated_at": "2026-01-08T21:55:42.326209+07:00"
          },
          "category_id": 4,
          "created_at": "2026-01-13T02:20:25.212431+07:00",
          "created_by": 1,
          "description": "Python script to automate likes, follows, and comments. Includes safety limits to prevent account bans.",
          "downloads_count": 0,
          "features": "[\"Auto Like\", \"Auto Follow\", \"Targeting by Hashtag\"]",
          "id": 5,
          "is_active": true,
          "preview_images": "[\"https://images.unsplash.com/photo-1611162617474-5b21e879e113?auto=format\u0026fit=crop\u0026q=80\u0026w=1000\"]",
          "price": 150000,
          "rating_average": 0,
          "requirements": "[]",
          "slug": "instagram-automation-bot",
          "tech_stack": "[\"Python\", \"Selenium\"]",
          "title": "Instagram Automation Bot",
          "type": "scripts",
          "updated_at": "2026-01-13T02:20:25.212431+07:00",
          "views_count": 0
        },
        {
          "category": {
            "created_at": "2026-01-08T21:55:42.322557+07:00",
            "description": "UI kits and website templates",
            "icon": "layout",
            "id": 2,
            "is_active": true,
            "name": "Templates",
            "order": 2,
            "slug": "templates",
            "updated_at": "2026-01-08T21:55:42.322557+07:00"
          },
          "category_id": 2,
          "created_at": "2026-01-13T02:20:25.211149+07:00",
          "created_by": 1,
          "description": "Clean, responsive, and customizable admin dashboard template built with Vue 3 and Tailwind CSS.",
          "downloads_count": 0,
          "features": "[\"Dark Mode Support\", \"Responsive Layout\", \"Chart.js Integration\", \"Form Components\"]",
          "id": 4,
          "is_active": true,
          "preview_images": "[\"https://images.unsplash.com/photo-1551288049-bebda4e38f71?auto=format\u0026fit=crop\u0026q=80\u0026w=1000\"]",
          "price": 250000,
          "rating_average": 0,
          "requirements": "[]",
          "slug": "modern-admin-dashboard",
          "tech_stack": "[\"Vue 3\", \"Tailwind CSS\", \"Vite\"]",
          "title": "Modern Admin Dashboard UI",
          "type": "template",
          "updated_at": "2026-01-13T02:20:25.211149+07:00",
          "views_count": 0
        },
        {
          "category": {
            "created_at": "2026-01-08T21:55:42.325061+07:00",
            "description": "Flutter, React Native, and native apps",
            "icon": "smartphone",
            "id": 3,
            "is_active": true,
            "name": "Mobile Apps",
            "order": 3,
            "slug": "mobile-apps",
            "updated_at": "2026-01-08T21:55:42.325061+07:00"
          },
          "category_id": 3,
          "created_at": "2026-01-13T02:20:25.210572+07:00",
          "created_by": 1,
          "description": "Uber Eats clone made with Flutter. Beautiful animations, real-time tracking, and vendor dashboard included. Works on both iOS and Android.",
          "downloads_count": 0,
          "features": "[\"Real-time Tracking\", \"Push Notifications\", \"Vendor App\", \"Dark Mode\"]",
          "id": 3,
          "is_active": true,
          "preview_images": "[\"https://images.unsplash.com/photo-1512941937669-90a1b58e7e9c?auto=format\u0026fit=crop\u0026q=80\u0026w=1000\"]",
          "price": 500000,
          "rating_average": 0,
          "requirements": "[]",
          "slug": "flutter-delivery-app",
          "tech_stack": "[\"Flutter\", \"Firebase\", \"Google Maps API\"]",
          "title": "Flutter Delivery App",
          "type": "mobile_apps",
          "updated_at": "2026-01-13T02:20:25.210572+07:00",
          "views_count": 0
        },
        {
          "category": {
            "created_at": "2026-01-08T21:55:42.314623+07:00",
            "description": "Full application source codes",
            "icon": "code",
            "id": 1,
            "is_active": true,
            "name": "Source Code",
            "order": 1,
            "slug": "source-code",
            "updated_at": "2026-01-08T21:55:42.314623+07:00"
          },
          "category_id": 1,
          "created_at": "2026-01-13T02:20:25.20936+07:00",
          "created_by": 1,
          "description": "Launch your SaaS in days with this comprehensive Next.js boilerplate. Includes Stripe integration, Authentication, Database setup with Prisma, and tailwind UI components.",
          "downloads_count": 0,
          "features": "[\"Authentication\", \"Subscription Payments\", \"Admin Dashboard\", \"SEO Optimized\"]",
          "id": 2,
          "is_active": true,
          "preview_images": "[\"https://images.unsplash.com/photo-1618477247222-ac591245363d?auto=format\u0026fit=crop\u0026q=80\u0026w=1000\"]",
          "price": 750000,
          "rating_average": 0,
          "requirements": "[]",
          "slug": "nextjs-saas-boilerplate",
          "tech_stack": "[\"Next.js\", \"TypeScript\", \"Tailwind CSS\", \"Prisma\", \"Stripe\"]",
          "title": "NextJS SaaS Boilerplate",
          "type": "source_code",
          "updated_at": "2026-01-13T02:20:25.20936+07:00",
          "views_count": 0
        },
        {
          "category": {
            "created_at": "2026-01-08T21:55:42.314623+07:00",
            "description": "Full application source codes",
            "icon": "code",
            "id": 1,
            "is_active": true,
            "name": "Source Code",
            "order": 1,
            "slug": "source-code",
            "updated_at": "2026-01-08T21:55:42.314623+07:00"
          },
          "category_id": 1,
          "created_at": "2026-01-13T02:20:25.197105+07:00",
          "created_by": 1,
          "description": "A complete microservices-based e-commerce backend written in Go (Golang). Includes services for products, orders, users, and payments. Features gRPC communication, Kafka event bus, and Docker compose setup.",
          "downloads_count": 0,
          "features": "[\"Microservices Architecture\", \"gRPC Communication\", \"Event-Driven\", \"Scalable\"]",
          "id": 1,
          "is_active": true,
          "preview_images": "[\"https://images.unsplash.com/photo-1555949963-aa79dcee981c?auto=format\u0026fit=crop\u0026q=80\u0026w=1000\", \"https://images.unsplash.com/photo-1555066931-4365d14bab8c?auto=format\u0026fit=crop\u0026q=80\u0026w=1000\"]",
          "price": 1500000,
          "rating_average": 0,
          "requirements": "[]",
          "slug": "ecommerce-microservices-go",
          "tech_stack": "[\"Golang\", \"gRPC\", \"Kafka\", \"PostgreSQL\", \"Docker\"]",
          "title": "E-Commerce Microservices Go",
          "type": "source_code",
          "updated_at": "2026-01-13T02:20:25.197105+07:00",
          "views_count": 0
        }
      ],
      "total": 5
    },
    "message": "Products retrieved successfully",
    "success": true
  },
  "duration": "17.143ms",
  "duration_ms": 17,
  "client_ip": "::1",
  "user_agent": "Mozilla/5.0 (Windows NT 10.0; Win64; x64) AppleWebKit/537.36 (KHTML, like Gecko) Chrome/143.0.0.0 Safari/537.36"
}
========================================

{
  "timestamp": "2026-01-14 21:51:54",
  "method": "GET",
  "path": "/api/v1/products",
  "query": {
    "limit": "20"
  },
  "headers": {
    "Accept": "application/json, text/plain, */*",
    "Authorization": "",
    "Content-Type": ""
  },
  "status_code": 200,
  "response_body": {
    "data": {
      "limit": 20,
      "page": 1,
      "products": [
        {
          "category": {
            "created_at": "2026-01-08T21:55:42.326209+07:00",
            "description": "Python, PHP, and JS utility scripts",
            "icon": "terminal",
            "id": 4,
            "is_active": true,
            "name": "Scripts",
            "order": 4,
            "slug": "scripts",
            "updated_at": "2026-01-08T21:55:42.326209+07:00"
          },
          "category_id": 4,
          "created_at": "2026-01-13T02:20:25.212431+07:00",
          "created_by": 1,
          "description": "Python script to automate likes, follows, and comments. Includes safety limits to prevent account bans.",
          "downloads_count": 0,
          "features": "[\"Auto Like\", \"Auto Follow\", \"Targeting by Hashtag\"]",
          "id": 5,
          "is_active": true,
          "preview_images": "[\"https://images.unsplash.com/photo-1611162617474-5b21e879e113?auto=format\u0026fit=crop\u0026q=80\u0026w=1000\"]",
          "price": 150000,
          "rating_average": 0,
          "requirements": "[]",
          "slug": "instagram-automation-bot",
          "tech_stack": "[\"Python\", \"Selenium\"]",
          "title": "Instagram Automation Bot",
          "type": "scripts",
          "updated_at": "2026-01-13T02:20:25.212431+07:00",
          "views_count": 0
        },
        {
          "category": {
            "created_at": "2026-01-08T21:55:42.322557+07:00",
            "description": "UI kits and website templates",
            "icon": "layout",
            "id": 2,
            "is_active": true,
            "name": "Templates",
            "order": 2,
            "slug": "templates",
            "updated_at": "2026-01-08T21:55:42.322557+07:00"
          },
          "category_id": 2,
          "created_at": "2026-01-13T02:20:25.211149+07:00",
          "created_by": 1,
          "description": "Clean, responsive, and customizable admin dashboard template built with Vue 3 and Tailwind CSS.",
          "downloads_count": 0,
          "features": "[\"Dark Mode Support\", \"Responsive Layout\", \"Chart.js Integration\", \"Form Components\"]",
          "id": 4,
          "is_active": true,
          "preview_images": "[\"https://images.unsplash.com/photo-1551288049-bebda4e38f71?auto=format\u0026fit=crop\u0026q=80\u0026w=1000\"]",
          "price": 250000,
          "rating_average": 0,
          "requirements": "[]",
          "slug": "modern-admin-dashboard",
          "tech_stack": "[\"Vue 3\", \"Tailwind CSS\", \"Vite\"]",
          "title": "Modern Admin Dashboard UI",
          "type": "template",
          "updated_at": "2026-01-13T02:20:25.211149+07:00",
          "views_count": 0
        },
        {
          "category": {
            "created_at": "2026-01-08T21:55:42.325061+07:00",
            "description": "Flutter, React Native, and native apps",
            "icon": "smartphone",
            "id": 3,
            "is_active": true,
            "name": "Mobile Apps",
            "order": 3,
            "slug": "mobile-apps",
            "updated_at": "2026-01-08T21:55:42.325061+07:00"
          },
          "category_id": 3,
          "created_at": "2026-01-13T02:20:25.210572+07:00",
          "created_by": 1,
          "description": "Uber Eats clone made with Flutter. Beautiful animations, real-time tracking, and vendor dashboard included. Works on both iOS and Android.",
          "downloads_count": 0,
          "features": "[\"Real-time Tracking\", \"Push Notifications\", \"Vendor App\", \"Dark Mode\"]",
          "id": 3,
          "is_active": true,
          "preview_images": "[\"https://images.unsplash.com/photo-1512941937669-90a1b58e7e9c?auto=format\u0026fit=crop\u0026q=80\u0026w=1000\"]",
          "price": 500000,
          "rating_average": 0,
          "requirements": "[]",
          "slug": "flutter-delivery-app",
          "tech_stack": "[\"Flutter\", \"Firebase\", \"Google Maps API\"]",
          "title": "Flutter Delivery App",
          "type": "mobile_apps",
          "updated_at": "2026-01-13T02:20:25.210572+07:00",
          "views_count": 0
        },
        {
          "category": {
            "created_at": "2026-01-08T21:55:42.314623+07:00",
            "description": "Full application source codes",
            "icon": "code",
            "id": 1,
            "is_active": true,
            "name": "Source Code",
            "order": 1,
            "slug": "source-code",
            "updated_at": "2026-01-08T21:55:42.314623+07:00"
          },
          "category_id": 1,
          "created_at": "2026-01-13T02:20:25.20936+07:00",
          "created_by": 1,
          "description": "Launch your SaaS in days with this comprehensive Next.js boilerplate. Includes Stripe integration, Authentication, Database setup with Prisma, and tailwind UI components.",
          "downloads_count": 0,
          "features": "[\"Authentication\", \"Subscription Payments\", \"Admin Dashboard\", \"SEO Optimized\"]",
          "id": 2,
          "is_active": true,
          "preview_images": "[\"https://images.unsplash.com/photo-1618477247222-ac591245363d?auto=format\u0026fit=crop\u0026q=80\u0026w=1000\"]",
          "price": 750000,
          "rating_average": 0,
          "requirements": "[]",
          "slug": "nextjs-saas-boilerplate",
          "tech_stack": "[\"Next.js\", \"TypeScript\", \"Tailwind CSS\", \"Prisma\", \"Stripe\"]",
          "title": "NextJS SaaS Boilerplate",
          "type": "source_code",
          "updated_at": "2026-01-13T02:20:25.20936+07:00",
          "views_count": 0
        },
        {
          "category": {
            "created_at": "2026-01-08T21:55:42.314623+07:00",
            "description": "Full application source codes",
            "icon": "code",
            "id": 1,
            "is_active": true,
            "name": "Source Code",
            "order": 1,
            "slug": "source-code",
            "updated_at": "2026-01-08T21:55:42.314623+07:00"
          },
          "category_id": 1,
          "created_at": "2026-01-13T02:20:25.197105+07:00",
          "created_by": 1,
          "description": "A complete microservices-based e-commerce backend written in Go (Golang). Includes services for products, orders, users, and payments. Features gRPC communication, Kafka event bus, and Docker compose setup.",
          "downloads_count": 0,
          "features": "[\"Microservices Architecture\", \"gRPC Communication\", \"Event-Driven\", \"Scalable\"]",
          "id": 1,
          "is_active": true,
          "preview_images": "[\"https://images.unsplash.com/photo-1555949963-aa79dcee981c?auto=format\u0026fit=crop\u0026q=80\u0026w=1000\", \"https://images.unsplash.com/photo-1555066931-4365d14bab8c?auto=format\u0026fit=crop\u0026q=80\u0026w=1000\"]",
          "price": 1500000,
          "rating_average": 0,
          "requirements": "[]",
          "slug": "ecommerce-microservices-go",
          "tech_stack": "[\"Golang\", \"gRPC\", \"Kafka\", \"PostgreSQL\", \"Docker\"]",
          "title": "E-Commerce Microservices Go",
          "type": "source_code",
          "updated_at": "2026-01-13T02:20:25.197105+07:00",
          "views_count": 0
        }
      ],
      "total": 5
    },
    "message": "Products retrieved successfully",
    "success": true
  },
  "duration": "3.3453ms",
  "duration_ms": 3,
  "client_ip": "::1",
  "user_agent": "Mozilla/5.0 (Windows NT 10.0; Win64; x64) AppleWebKit/537.36 (KHTML, like Gecko) Chrome/143.0.0.0 Safari/537.36"
}
========================================

{
  "timestamp": "2026-01-14 21:51:56",
  "method": "GET",
  "path": "/api/v1/products/slug/instagram-automation-bot",
  "headers": {
    "Accept": "application/json, text/plain, */*",
    "Authorization": "",
    "Content-Type": ""
  },
  "status_code": 200,
  "response_body": {
    "data": {
      "category": {
        "created_at": "2026-01-08T21:55:42.326209+07:00",
        "description": "Python, PHP, and JS utility scripts",
        "icon": "terminal",
        "id": 4,
        "is_active": true,
        "name": "Scripts",
        "order": 4,
        "slug": "scripts",
        "updated_at": "2026-01-08T21:55:42.326209+07:00"
      },
      "category_id": 4,
      "created_at": "2026-01-13T02:20:25.212431+07:00",
      "created_by": 1,
      "description": "Python script to automate likes, follows, and comments. Includes safety limits to prevent account bans.",
      "downloads_count": 0,
      "features": "[\"Auto Like\", \"Auto Follow\", \"Targeting by Hashtag\"]",
      "id": 5,
      "is_active": true,
      "preview_images": "[\"https://images.unsplash.com/photo-1611162617474-5b21e879e113?auto=format\u0026fit=crop\u0026q=80\u0026w=1000\"]",
      "price": 150000,
      "rating_average": 0,
      "requirements": "[]",
      "slug": "instagram-automation-bot",
      "tech_stack": "[\"Python\", \"Selenium\"]",
      "title": "Instagram Automation Bot",
      "type": "scripts",
      "updated_at": "2026-01-13T02:20:25.212431+07:00",
      "views_count": 0
    },
    "message": "Product retrieved successfully",
    "success": true
  },
  "duration": "3.4284ms",
  "duration_ms": 3,
  "client_ip": "::1",
  "user_agent": "Mozilla/5.0 (Windows NT 10.0; Win64; x64) AppleWebKit/537.36 (KHTML, like Gecko) Chrome/143.0.0.0 Safari/537.36"
}
========================================

{
  "timestamp": "2026-01-14 21:51:58",
  "method": "OPTIONS",
  "path": "/api/v1/cart",
  "headers": {
    "Accept": "*/*",
    "Authorization": "",
    "Content-Type": ""
  },
  "status_code": 204,
  "duration": "0s",
  "duration_ms": 0,
  "client_ip": "::1",
  "user_agent": "Mozilla/5.0 (Windows NT 10.0; Win64; x64) AppleWebKit/537.36 (KHTML, like Gecko) Chrome/143.0.0.0 Safari/537.36"
}
========================================

{
  "timestamp": "2026-01-14 21:51:58",
  "method": "POST",
  "path": "/api/v1/cart",
  "headers": {
    "Accept": "application/json, text/plain, */*",
    "Authorization": "",
    "Content-Type": "application/json"
  },
  "request_body": {
    "product_id": 5,
    "quantity": 1
  },
  "status_code": 401,
  "response_body": {
    "error": "Authorization header required"
  },
  "duration": "0s",
  "duration_ms": 0,
  "client_ip": "::1",
  "user_agent": "Mozilla/5.0 (Windows NT 10.0; Win64; x64) AppleWebKit/537.36 (KHTML, like Gecko) Chrome/143.0.0.0 Safari/537.36"
}
========================================

{
  "timestamp": "2026-01-14 21:52:03",
  "method": "GET",
  "path": "/api/v1/products",
  "query": {
    "limit": "6"
  },
  "headers": {
    "Accept": "application/json, text/plain, */*",
    "Authorization": "",
    "Content-Type": ""
  },
  "status_code": 200,
  "response_body": {
    "data": {
      "limit": 6,
      "page": 1,
      "products": [
        {
          "category": {
            "created_at": "2026-01-08T21:55:42.326209+07:00",
            "description": "Python, PHP, and JS utility scripts",
            "icon": "terminal",
            "id": 4,
            "is_active": true,
            "name": "Scripts",
            "order": 4,
            "slug": "scripts",
            "updated_at": "2026-01-08T21:55:42.326209+07:00"
          },
          "category_id": 4,
          "created_at": "2026-01-13T02:20:25.212431+07:00",
          "created_by": 1,
          "description": "Python script to automate likes, follows, and comments. Includes safety limits to prevent account bans.",
          "downloads_count": 0,
          "features": "[\"Auto Like\", \"Auto Follow\", \"Targeting by Hashtag\"]",
          "id": 5,
          "is_active": true,
          "preview_images": "[\"https://images.unsplash.com/photo-1611162617474-5b21e879e113?auto=format\u0026fit=crop\u0026q=80\u0026w=1000\"]",
          "price": 150000,
          "rating_average": 0,
          "requirements": "[]",
          "slug": "instagram-automation-bot",
          "tech_stack": "[\"Python\", \"Selenium\"]",
          "title": "Instagram Automation Bot",
          "type": "scripts",
          "updated_at": "2026-01-13T02:20:25.212431+07:00",
          "views_count": 0
        },
        {
          "category": {
            "created_at": "2026-01-08T21:55:42.322557+07:00",
            "description": "UI kits and website templates",
            "icon": "layout",
            "id": 2,
            "is_active": true,
            "name": "Templates",
            "order": 2,
            "slug": "templates",
            "updated_at": "2026-01-08T21:55:42.322557+07:00"
          },
          "category_id": 2,
          "created_at": "2026-01-13T02:20:25.211149+07:00",
          "created_by": 1,
          "description": "Clean, responsive, and customizable admin dashboard template built with Vue 3 and Tailwind CSS.",
          "downloads_count": 0,
          "features": "[\"Dark Mode Support\", \"Responsive Layout\", \"Chart.js Integration\", \"Form Components\"]",
          "id": 4,
          "is_active": true,
          "preview_images": "[\"https://images.unsplash.com/photo-1551288049-bebda4e38f71?auto=format\u0026fit=crop\u0026q=80\u0026w=1000\"]",
          "price": 250000,
          "rating_average": 0,
          "requirements": "[]",
          "slug": "modern-admin-dashboard",
          "tech_stack": "[\"Vue 3\", \"Tailwind CSS\", \"Vite\"]",
          "title": "Modern Admin Dashboard UI",
          "type": "template",
          "updated_at": "2026-01-13T02:20:25.211149+07:00",
          "views_count": 0
        },
        {
          "category": {
            "created_at": "2026-01-08T21:55:42.325061+07:00",
            "description": "Flutter, React Native, and native apps",
            "icon": "smartphone",
            "id": 3,
            "is_active": true,
            "name": "Mobile Apps",
            "order": 3,
            "slug": "mobile-apps",
            "updated_at": "2026-01-08T21:55:42.325061+07:00"
          },
          "category_id": 3,
          "created_at": "2026-01-13T02:20:25.210572+07:00",
          "created_by": 1,
          "description": "Uber Eats clone made with Flutter. Beautiful animations, real-time tracking, and vendor dashboard included. Works on both iOS and Android.",
          "downloads_count": 0,
          "features": "[\"Real-time Tracking\", \"Push Notifications\", \"Vendor App\", \"Dark Mode\"]",
          "id": 3,
          "is_active": true,
          "preview_images": "[\"https://images.unsplash.com/photo-1512941937669-90a1b58e7e9c?auto=format\u0026fit=crop\u0026q=80\u0026w=1000\"]",
          "price": 500000,
          "rating_average": 0,
          "requirements": "[]",
          "slug": "flutter-delivery-app",
          "tech_stack": "[\"Flutter\", \"Firebase\", \"Google Maps API\"]",
          "title": "Flutter Delivery App",
          "type": "mobile_apps",
          "updated_at": "2026-01-13T02:20:25.210572+07:00",
          "views_count": 0
        },
        {
          "category": {
            "created_at": "2026-01-08T21:55:42.314623+07:00",
            "description": "Full application source codes",
            "icon": "code",
            "id": 1,
            "is_active": true,
            "name": "Source Code",
            "order": 1,
            "slug": "source-code",
            "updated_at": "2026-01-08T21:55:42.314623+07:00"
          },
          "category_id": 1,
          "created_at": "2026-01-13T02:20:25.20936+07:00",
          "created_by": 1,
          "description": "Launch your SaaS in days with this comprehensive Next.js boilerplate. Includes Stripe integration, Authentication, Database setup with Prisma, and tailwind UI components.",
          "downloads_count": 0,
          "features": "[\"Authentication\", \"Subscription Payments\", \"Admin Dashboard\", \"SEO Optimized\"]",
          "id": 2,
          "is_active": true,
          "preview_images": "[\"https://images.unsplash.com/photo-1618477247222-ac591245363d?auto=format\u0026fit=crop\u0026q=80\u0026w=1000\"]",
          "price": 750000,
          "rating_average": 0,
          "requirements": "[]",
          "slug": "nextjs-saas-boilerplate",
          "tech_stack": "[\"Next.js\", \"TypeScript\", \"Tailwind CSS\", \"Prisma\", \"Stripe\"]",
          "title": "NextJS SaaS Boilerplate",
          "type": "source_code",
          "updated_at": "2026-01-13T02:20:25.20936+07:00",
          "views_count": 0
        },
        {
          "category": {
            "created_at": "2026-01-08T21:55:42.314623+07:00",
            "description": "Full application source codes",
            "icon": "code",
            "id": 1,
            "is_active": true,
            "name": "Source Code",
            "order": 1,
            "slug": "source-code",
            "updated_at": "2026-01-08T21:55:42.314623+07:00"
          },
          "category_id": 1,
          "created_at": "2026-01-13T02:20:25.197105+07:00",
          "created_by": 1,
          "description": "A complete microservices-based e-commerce backend written in Go (Golang). Includes services for products, orders, users, and payments. Features gRPC communication, Kafka event bus, and Docker compose setup.",
          "downloads_count": 0,
          "features": "[\"Microservices Architecture\", \"gRPC Communication\", \"Event-Driven\", \"Scalable\"]",
          "id": 1,
          "is_active": true,
          "preview_images": "[\"https://images.unsplash.com/photo-1555949963-aa79dcee981c?auto=format\u0026fit=crop\u0026q=80\u0026w=1000\", \"https://images.unsplash.com/photo-1555066931-4365d14bab8c?auto=format\u0026fit=crop\u0026q=80\u0026w=1000\"]",
          "price": 1500000,
          "rating_average": 0,
          "requirements": "[]",
          "slug": "ecommerce-microservices-go",
          "tech_stack": "[\"Golang\", \"gRPC\", \"Kafka\", \"PostgreSQL\", \"Docker\"]",
          "title": "E-Commerce Microservices Go",
          "type": "source_code",
          "updated_at": "2026-01-13T02:20:25.197105+07:00",
          "views_count": 0
        }
      ],
      "total": 5
    },
    "message": "Products retrieved successfully",
    "success": true
  },
  "duration": "3.2944ms",
  "duration_ms": 3,
  "client_ip": "::1",
  "user_agent": "Mozilla/5.0 (Windows NT 10.0; Win64; x64) AppleWebKit/537.36 (KHTML, like Gecko) Chrome/143.0.0.0 Safari/537.36"
}
========================================

{
  "timestamp": "2026-01-14 21:53:01",
  "method": "GET",
  "path": "/api/v1/products",
  "query": {
    "limit": "6"
  },
  "headers": {
    "Accept": "application/json, text/plain, */*",
    "Authorization": "",
    "Content-Type": ""
  },
  "status_code": 200,
  "response_body": {
    "data": {
      "limit": 6,
      "page": 1,
      "products": [
        {
          "category": {
            "created_at": "2026-01-08T21:55:42.326209+07:00",
            "description": "Python, PHP, and JS utility scripts",
            "icon": "terminal",
            "id": 4,
            "is_active": true,
            "name": "Scripts",
            "order": 4,
            "slug": "scripts",
            "updated_at": "2026-01-08T21:55:42.326209+07:00"
          },
          "category_id": 4,
          "created_at": "2026-01-13T02:20:25.212431+07:00",
          "created_by": 1,
          "description": "Python script to automate likes, follows, and comments. Includes safety limits to prevent account bans.",
          "downloads_count": 0,
          "features": "[\"Auto Like\", \"Auto Follow\", \"Targeting by Hashtag\"]",
          "id": 5,
          "is_active": true,
          "preview_images": "[\"https://images.unsplash.com/photo-1611162617474-5b21e879e113?auto=format\u0026fit=crop\u0026q=80\u0026w=1000\"]",
          "price": 150000,
          "rating_average": 0,
          "requirements": "[]",
          "slug": "instagram-automation-bot",
          "tech_stack": "[\"Python\", \"Selenium\"]",
          "title": "Instagram Automation Bot",
          "type": "scripts",
          "updated_at": "2026-01-13T02:20:25.212431+07:00",
          "views_count": 0
        },
        {
          "category": {
            "created_at": "2026-01-08T21:55:42.322557+07:00",
            "description": "UI kits and website templates",
            "icon": "layout",
            "id": 2,
            "is_active": true,
            "name": "Templates",
            "order": 2,
            "slug": "templates",
            "updated_at": "2026-01-08T21:55:42.322557+07:00"
          },
          "category_id": 2,
          "created_at": "2026-01-13T02:20:25.211149+07:00",
          "created_by": 1,
          "description": "Clean, responsive, and customizable admin dashboard template built with Vue 3 and Tailwind CSS.",
          "downloads_count": 0,
          "features": "[\"Dark Mode Support\", \"Responsive Layout\", \"Chart.js Integration\", \"Form Components\"]",
          "id": 4,
          "is_active": true,
          "preview_images": "[\"https://images.unsplash.com/photo-1551288049-bebda4e38f71?auto=format\u0026fit=crop\u0026q=80\u0026w=1000\"]",
          "price": 250000,
          "rating_average": 0,
          "requirements": "[]",
          "slug": "modern-admin-dashboard",
          "tech_stack": "[\"Vue 3\", \"Tailwind CSS\", \"Vite\"]",
          "title": "Modern Admin Dashboard UI",
          "type": "template",
          "updated_at": "2026-01-13T02:20:25.211149+07:00",
          "views_count": 0
        },
        {
          "category": {
            "created_at": "2026-01-08T21:55:42.325061+07:00",
            "description": "Flutter, React Native, and native apps",
            "icon": "smartphone",
            "id": 3,
            "is_active": true,
            "name": "Mobile Apps",
            "order": 3,
            "slug": "mobile-apps",
            "updated_at": "2026-01-08T21:55:42.325061+07:00"
          },
          "category_id": 3,
          "created_at": "2026-01-13T02:20:25.210572+07:00",
          "created_by": 1,
          "description": "Uber Eats clone made with Flutter. Beautiful animations, real-time tracking, and vendor dashboard included. Works on both iOS and Android.",
          "downloads_count": 0,
          "features": "[\"Real-time Tracking\", \"Push Notifications\", \"Vendor App\", \"Dark Mode\"]",
          "id": 3,
          "is_active": true,
          "preview_images": "[\"https://images.unsplash.com/photo-1512941937669-90a1b58e7e9c?auto=format\u0026fit=crop\u0026q=80\u0026w=1000\"]",
          "price": 500000,
          "rating_average": 0,
          "requirements": "[]",
          "slug": "flutter-delivery-app",
          "tech_stack": "[\"Flutter\", \"Firebase\", \"Google Maps API\"]",
          "title": "Flutter Delivery App",
          "type": "mobile_apps",
          "updated_at": "2026-01-13T02:20:25.210572+07:00",
          "views_count": 0
        },
        {
          "category": {
            "created_at": "2026-01-08T21:55:42.314623+07:00",
            "description": "Full application source codes",
            "icon": "code",
            "id": 1,
            "is_active": true,
            "name": "Source Code",
            "order": 1,
            "slug": "source-code",
            "updated_at": "2026-01-08T21:55:42.314623+07:00"
          },
          "category_id": 1,
          "created_at": "2026-01-13T02:20:25.20936+07:00",
          "created_by": 1,
          "description": "Launch your SaaS in days with this comprehensive Next.js boilerplate. Includes Stripe integration, Authentication, Database setup with Prisma, and tailwind UI components.",
          "downloads_count": 0,
          "features": "[\"Authentication\", \"Subscription Payments\", \"Admin Dashboard\", \"SEO Optimized\"]",
          "id": 2,
          "is_active": true,
          "preview_images": "[\"https://images.unsplash.com/photo-1618477247222-ac591245363d?auto=format\u0026fit=crop\u0026q=80\u0026w=1000\"]",
          "price": 750000,
          "rating_average": 0,
          "requirements": "[]",
          "slug": "nextjs-saas-boilerplate",
          "tech_stack": "[\"Next.js\", \"TypeScript\", \"Tailwind CSS\", \"Prisma\", \"Stripe\"]",
          "title": "NextJS SaaS Boilerplate",
          "type": "source_code",
          "updated_at": "2026-01-13T02:20:25.20936+07:00",
          "views_count": 0
        },
        {
          "category": {
            "created_at": "2026-01-08T21:55:42.314623+07:00",
            "description": "Full application source codes",
            "icon": "code",
            "id": 1,
            "is_active": true,
            "name": "Source Code",
            "order": 1,
            "slug": "source-code",
            "updated_at": "2026-01-08T21:55:42.314623+07:00"
          },
          "category_id": 1,
          "created_at": "2026-01-13T02:20:25.197105+07:00",
          "created_by": 1,
          "description": "A complete microservices-based e-commerce backend written in Go (Golang). Includes services for products, orders, users, and payments. Features gRPC communication, Kafka event bus, and Docker compose setup.",
          "downloads_count": 0,
          "features": "[\"Microservices Architecture\", \"gRPC Communication\", \"Event-Driven\", \"Scalable\"]",
          "id": 1,
          "is_active": true,
          "preview_images": "[\"https://images.unsplash.com/photo-1555949963-aa79dcee981c?auto=format\u0026fit=crop\u0026q=80\u0026w=1000\", \"https://images.unsplash.com/photo-1555066931-4365d14bab8c?auto=format\u0026fit=crop\u0026q=80\u0026w=1000\"]",
          "price": 1500000,
          "rating_average": 0,
          "requirements": "[]",
          "slug": "ecommerce-microservices-go",
          "tech_stack": "[\"Golang\", \"gRPC\", \"Kafka\", \"PostgreSQL\", \"Docker\"]",
          "title": "E-Commerce Microservices Go",
          "type": "source_code",
          "updated_at": "2026-01-13T02:20:25.197105+07:00",
          "views_count": 0
        }
      ],
      "total": 5
    },
    "message": "Products retrieved successfully",
    "success": true
  },
  "duration": "3.0722ms",
  "duration_ms": 3,
  "client_ip": "::1",
  "user_agent": "Mozilla/5.0 (Windows NT 10.0; Win64; x64) AppleWebKit/537.36 (KHTML, like Gecko) Chrome/143.0.0.0 Safari/537.36"
}
========================================

{
  "timestamp": "2026-01-14 21:54:10",
  "method": "GET",
  "path": "/api/v1/products",
  "query": {
    "limit": "6"
  },
  "headers": {
    "Accept": "application/json, text/plain, */*",
    "Authorization": "",
    "Content-Type": ""
  },
  "status_code": 200,
  "response_body": {
    "data": {
      "limit": 6,
      "page": 1,
      "products": [
        {
          "category": {
            "created_at": "2026-01-08T21:55:42.326209+07:00",
            "description": "Python, PHP, and JS utility scripts",
            "icon": "terminal",
            "id": 4,
            "is_active": true,
            "name": "Scripts",
            "order": 4,
            "slug": "scripts",
            "updated_at": "2026-01-08T21:55:42.326209+07:00"
          },
          "category_id": 4,
          "created_at": "2026-01-13T02:20:25.212431+07:00",
          "created_by": 1,
          "description": "Python script to automate likes, follows, and comments. Includes safety limits to prevent account bans.",
          "downloads_count": 0,
          "features": "[\"Auto Like\", \"Auto Follow\", \"Targeting by Hashtag\"]",
          "id": 5,
          "is_active": true,
          "preview_images": "[\"https://images.unsplash.com/photo-1611162617474-5b21e879e113?auto=format\u0026fit=crop\u0026q=80\u0026w=1000\"]",
          "price": 150000,
          "rating_average": 0,
          "requirements": "[]",
          "slug": "instagram-automation-bot",
          "tech_stack": "[\"Python\", \"Selenium\"]",
          "title": "Instagram Automation Bot",
          "type": "scripts",
          "updated_at": "2026-01-13T02:20:25.212431+07:00",
          "views_count": 0
        },
        {
          "category": {
            "created_at": "2026-01-08T21:55:42.322557+07:00",
            "description": "UI kits and website templates",
            "icon": "layout",
            "id": 2,
            "is_active": true,
            "name": "Templates",
            "order": 2,
            "slug": "templates",
            "updated_at": "2026-01-08T21:55:42.322557+07:00"
          },
          "category_id": 2,
          "created_at": "2026-01-13T02:20:25.211149+07:00",
          "created_by": 1,
          "description": "Clean, responsive, and customizable admin dashboard template built with Vue 3 and Tailwind CSS.",
          "downloads_count": 0,
          "features": "[\"Dark Mode Support\", \"Responsive Layout\", \"Chart.js Integration\", \"Form Components\"]",
          "id": 4,
          "is_active": true,
          "preview_images": "[\"https://images.unsplash.com/photo-1551288049-bebda4e38f71?auto=format\u0026fit=crop\u0026q=80\u0026w=1000\"]",
          "price": 250000,
          "rating_average": 0,
          "requirements": "[]",
          "slug": "modern-admin-dashboard",
          "tech_stack": "[\"Vue 3\", \"Tailwind CSS\", \"Vite\"]",
          "title": "Modern Admin Dashboard UI",
          "type": "template",
          "updated_at": "2026-01-13T02:20:25.211149+07:00",
          "views_count": 0
        },
        {
          "category": {
            "created_at": "2026-01-08T21:55:42.325061+07:00",
            "description": "Flutter, React Native, and native apps",
            "icon": "smartphone",
            "id": 3,
            "is_active": true,
            "name": "Mobile Apps",
            "order": 3,
            "slug": "mobile-apps",
            "updated_at": "2026-01-08T21:55:42.325061+07:00"
          },
          "category_id": 3,
          "created_at": "2026-01-13T02:20:25.210572+07:00",
          "created_by": 1,
          "description": "Uber Eats clone made with Flutter. Beautiful animations, real-time tracking, and vendor dashboard included. Works on both iOS and Android.",
          "downloads_count": 0,
          "features": "[\"Real-time Tracking\", \"Push Notifications\", \"Vendor App\", \"Dark Mode\"]",
          "id": 3,
          "is_active": true,
          "preview_images": "[\"https://images.unsplash.com/photo-1512941937669-90a1b58e7e9c?auto=format\u0026fit=crop\u0026q=80\u0026w=1000\"]",
          "price": 500000,
          "rating_average": 0,
          "requirements": "[]",
          "slug": "flutter-delivery-app",
          "tech_stack": "[\"Flutter\", \"Firebase\", \"Google Maps API\"]",
          "title": "Flutter Delivery App",
          "type": "mobile_apps",
          "updated_at": "2026-01-13T02:20:25.210572+07:00",
          "views_count": 0
        },
        {
          "category": {
            "created_at": "2026-01-08T21:55:42.314623+07:00",
            "description": "Full application source codes",
            "icon": "code",
            "id": 1,
            "is_active": true,
            "name": "Source Code",
            "order": 1,
            "slug": "source-code",
            "updated_at": "2026-01-08T21:55:42.314623+07:00"
          },
          "category_id": 1,
          "created_at": "2026-01-13T02:20:25.20936+07:00",
          "created_by": 1,
          "description": "Launch your SaaS in days with this comprehensive Next.js boilerplate. Includes Stripe integration, Authentication, Database setup with Prisma, and tailwind UI components.",
          "downloads_count": 0,
          "features": "[\"Authentication\", \"Subscription Payments\", \"Admin Dashboard\", \"SEO Optimized\"]",
          "id": 2,
          "is_active": true,
          "preview_images": "[\"https://images.unsplash.com/photo-1618477247222-ac591245363d?auto=format\u0026fit=crop\u0026q=80\u0026w=1000\"]",
          "price": 750000,
          "rating_average": 0,
          "requirements": "[]",
          "slug": "nextjs-saas-boilerplate",
          "tech_stack": "[\"Next.js\", \"TypeScript\", \"Tailwind CSS\", \"Prisma\", \"Stripe\"]",
          "title": "NextJS SaaS Boilerplate",
          "type": "source_code",
          "updated_at": "2026-01-13T02:20:25.20936+07:00",
          "views_count": 0
        },
        {
          "category": {
            "created_at": "2026-01-08T21:55:42.314623+07:00",
            "description": "Full application source codes",
            "icon": "code",
            "id": 1,
            "is_active": true,
            "name": "Source Code",
            "order": 1,
            "slug": "source-code",
            "updated_at": "2026-01-08T21:55:42.314623+07:00"
          },
          "category_id": 1,
          "created_at": "2026-01-13T02:20:25.197105+07:00",
          "created_by": 1,
          "description": "A complete microservices-based e-commerce backend written in Go (Golang). Includes services for products, orders, users, and payments. Features gRPC communication, Kafka event bus, and Docker compose setup.",
          "downloads_count": 0,
          "features": "[\"Microservices Architecture\", \"gRPC Communication\", \"Event-Driven\", \"Scalable\"]",
          "id": 1,
          "is_active": true,
          "preview_images": "[\"https://images.unsplash.com/photo-1555949963-aa79dcee981c?auto=format\u0026fit=crop\u0026q=80\u0026w=1000\", \"https://images.unsplash.com/photo-1555066931-4365d14bab8c?auto=format\u0026fit=crop\u0026q=80\u0026w=1000\"]",
          "price": 1500000,
          "rating_average": 0,
          "requirements": "[]",
          "slug": "ecommerce-microservices-go",
          "tech_stack": "[\"Golang\", \"gRPC\", \"Kafka\", \"PostgreSQL\", \"Docker\"]",
          "title": "E-Commerce Microservices Go",
          "type": "source_code",
          "updated_at": "2026-01-13T02:20:25.197105+07:00",
          "views_count": 0
        }
      ],
      "total": 5
    },
    "message": "Products retrieved successfully",
    "success": true
  },
  "duration": "2.2591ms",
  "duration_ms": 2,
  "client_ip": "::1",
  "user_agent": "Mozilla/5.0 (Windows NT 10.0; Win64; x64) AppleWebKit/537.36 (KHTML, like Gecko) Chrome/143.0.0.0 Safari/537.36"
}
========================================

{
  "timestamp": "2026-01-14 21:54:19",
  "method": "GET",
  "path": "/api/v1/products",
  "query": {
    "limit": "6"
  },
  "headers": {
    "Accept": "application/json, text/plain, */*",
    "Authorization": "",
    "Content-Type": ""
  },
  "status_code": 200,
  "response_body": {
    "data": {
      "limit": 6,
      "page": 1,
      "products": [
        {
          "category": {
            "created_at": "2026-01-08T21:55:42.326209+07:00",
            "description": "Python, PHP, and JS utility scripts",
            "icon": "terminal",
            "id": 4,
            "is_active": true,
            "name": "Scripts",
            "order": 4,
            "slug": "scripts",
            "updated_at": "2026-01-08T21:55:42.326209+07:00"
          },
          "category_id": 4,
          "created_at": "2026-01-13T02:20:25.212431+07:00",
          "created_by": 1,
          "description": "Python script to automate likes, follows, and comments. Includes safety limits to prevent account bans.",
          "downloads_count": 0,
          "features": "[\"Auto Like\", \"Auto Follow\", \"Targeting by Hashtag\"]",
          "id": 5,
          "is_active": true,
          "preview_images": "[\"https://images.unsplash.com/photo-1611162617474-5b21e879e113?auto=format\u0026fit=crop\u0026q=80\u0026w=1000\"]",
          "price": 150000,
          "rating_average": 0,
          "requirements": "[]",
          "slug": "instagram-automation-bot",
          "tech_stack": "[\"Python\", \"Selenium\"]",
          "title": "Instagram Automation Bot",
          "type": "scripts",
          "updated_at": "2026-01-13T02:20:25.212431+07:00",
          "views_count": 0
        },
        {
          "category": {
            "created_at": "2026-01-08T21:55:42.322557+07:00",
            "description": "UI kits and website templates",
            "icon": "layout",
            "id": 2,
            "is_active": true,
            "name": "Templates",
            "order": 2,
            "slug": "templates",
            "updated_at": "2026-01-08T21:55:42.322557+07:00"
          },
          "category_id": 2,
          "created_at": "2026-01-13T02:20:25.211149+07:00",
          "created_by": 1,
          "description": "Clean, responsive, and customizable admin dashboard template built with Vue 3 and Tailwind CSS.",
          "downloads_count": 0,
          "features": "[\"Dark Mode Support\", \"Responsive Layout\", \"Chart.js Integration\", \"Form Components\"]",
          "id": 4,
          "is_active": true,
          "preview_images": "[\"https://images.unsplash.com/photo-1551288049-bebda4e38f71?auto=format\u0026fit=crop\u0026q=80\u0026w=1000\"]",
          "price": 250000,
          "rating_average": 0,
          "requirements": "[]",
          "slug": "modern-admin-dashboard",
          "tech_stack": "[\"Vue 3\", \"Tailwind CSS\", \"Vite\"]",
          "title": "Modern Admin Dashboard UI",
          "type": "template",
          "updated_at": "2026-01-13T02:20:25.211149+07:00",
          "views_count": 0
        },
        {
          "category": {
            "created_at": "2026-01-08T21:55:42.325061+07:00",
            "description": "Flutter, React Native, and native apps",
            "icon": "smartphone",
            "id": 3,
            "is_active": true,
            "name": "Mobile Apps",
            "order": 3,
            "slug": "mobile-apps",
            "updated_at": "2026-01-08T21:55:42.325061+07:00"
          },
          "category_id": 3,
          "created_at": "2026-01-13T02:20:25.210572+07:00",
          "created_by": 1,
          "description": "Uber Eats clone made with Flutter. Beautiful animations, real-time tracking, and vendor dashboard included. Works on both iOS and Android.",
          "downloads_count": 0,
          "features": "[\"Real-time Tracking\", \"Push Notifications\", \"Vendor App\", \"Dark Mode\"]",
          "id": 3,
          "is_active": true,
          "preview_images": "[\"https://images.unsplash.com/photo-1512941937669-90a1b58e7e9c?auto=format\u0026fit=crop\u0026q=80\u0026w=1000\"]",
          "price": 500000,
          "rating_average": 0,
          "requirements": "[]",
          "slug": "flutter-delivery-app",
          "tech_stack": "[\"Flutter\", \"Firebase\", \"Google Maps API\"]",
          "title": "Flutter Delivery App",
          "type": "mobile_apps",
          "updated_at": "2026-01-13T02:20:25.210572+07:00",
          "views_count": 0
        },
        {
          "category": {
            "created_at": "2026-01-08T21:55:42.314623+07:00",
            "description": "Full application source codes",
            "icon": "code",
            "id": 1,
            "is_active": true,
            "name": "Source Code",
            "order": 1,
            "slug": "source-code",
            "updated_at": "2026-01-08T21:55:42.314623+07:00"
          },
          "category_id": 1,
          "created_at": "2026-01-13T02:20:25.20936+07:00",
          "created_by": 1,
          "description": "Launch your SaaS in days with this comprehensive Next.js boilerplate. Includes Stripe integration, Authentication, Database setup with Prisma, and tailwind UI components.",
          "downloads_count": 0,
          "features": "[\"Authentication\", \"Subscription Payments\", \"Admin Dashboard\", \"SEO Optimized\"]",
          "id": 2,
          "is_active": true,
          "preview_images": "[\"https://images.unsplash.com/photo-1618477247222-ac591245363d?auto=format\u0026fit=crop\u0026q=80\u0026w=1000\"]",
          "price": 750000,
          "rating_average": 0,
          "requirements": "[]",
          "slug": "nextjs-saas-boilerplate",
          "tech_stack": "[\"Next.js\", \"TypeScript\", \"Tailwind CSS\", \"Prisma\", \"Stripe\"]",
          "title": "NextJS SaaS Boilerplate",
          "type": "source_code",
          "updated_at": "2026-01-13T02:20:25.20936+07:00",
          "views_count": 0
        },
        {
          "category": {
            "created_at": "2026-01-08T21:55:42.314623+07:00",
            "description": "Full application source codes",
            "icon": "code",
            "id": 1,
            "is_active": true,
            "name": "Source Code",
            "order": 1,
            "slug": "source-code",
            "updated_at": "2026-01-08T21:55:42.314623+07:00"
          },
          "category_id": 1,
          "created_at": "2026-01-13T02:20:25.197105+07:00",
          "created_by": 1,
          "description": "A complete microservices-based e-commerce backend written in Go (Golang). Includes services for products, orders, users, and payments. Features gRPC communication, Kafka event bus, and Docker compose setup.",
          "downloads_count": 0,
          "features": "[\"Microservices Architecture\", \"gRPC Communication\", \"Event-Driven\", \"Scalable\"]",
          "id": 1,
          "is_active": true,
          "preview_images": "[\"https://images.unsplash.com/photo-1555949963-aa79dcee981c?auto=format\u0026fit=crop\u0026q=80\u0026w=1000\", \"https://images.unsplash.com/photo-1555066931-4365d14bab8c?auto=format\u0026fit=crop\u0026q=80\u0026w=1000\"]",
          "price": 1500000,
          "rating_average": 0,
          "requirements": "[]",
          "slug": "ecommerce-microservices-go",
          "tech_stack": "[\"Golang\", \"gRPC\", \"Kafka\", \"PostgreSQL\", \"Docker\"]",
          "title": "E-Commerce Microservices Go",
          "type": "source_code",
          "updated_at": "2026-01-13T02:20:25.197105+07:00",
          "views_count": 0
        }
      ],
      "total": 5
    },
    "message": "Products retrieved successfully",
    "success": true
  },
  "duration": "2.6342ms",
  "duration_ms": 2,
  "client_ip": "::1",
  "user_agent": "Mozilla/5.0 (Windows NT 10.0; Win64; x64) AppleWebKit/537.36 (KHTML, like Gecko) Chrome/143.0.0.0 Safari/537.36"
}
========================================

{
  "timestamp": "2026-01-14 21:54:40",
  "method": "GET",
  "path": "/api/v1/auth/google",
  "headers": {
    "Accept": "text/html,application/xhtml+xml,application/xml;q=0.9,image/avif,image/webp,image/apng,*/*;q=0.8",
    "Authorization": "",
    "Content-Type": ""
  },
  "status_code": 307,
  "response_body": "\u003ca href=\"https://accounts.google.com/o/oauth2/auth?client_id=212161497936-oh0hsngh0pgt1fch5i1mv52k44s7dk4r.apps.googleusercontent.com\u0026amp;redirect_uri=http%3A%2F%2Flocalhost%3A8080%2Fapi%2Fv1%2Fauth%2Fgoogle%2Fcallback\u0026amp;response_type=code\u0026amp;scope=https%3A%2F%2Fwww.googleapis.com%2Fauth%2Fuserinfo.email+https%3A%2F%2Fwww.googleapis.com%2Fauth%2Fuserinfo.profile+openid\u0026amp;state=state\"\u003eTemporary Redirect\u003c/a\u003e.\n\n",
  "duration": "1.461ms",
  "duration_ms": 1,
  "client_ip": "::1",
  "user_agent": "Mozilla/5.0 (Windows NT 10.0; Win64; x64) AppleWebKit/537.36 (KHTML, like Gecko) Chrome/143.0.0.0 Safari/537.36"
}
========================================

{
  "timestamp": "2026-01-14 21:55:05",
  "method": "GET",
  "path": "/api/v1/auth/google",
  "headers": {
    "Accept": "text/html,application/xhtml+xml,application/xml;q=0.9,image/avif,image/webp,image/apng,*/*;q=0.8",
    "Authorization": "",
    "Content-Type": ""
  },
  "status_code": 307,
  "response_body": "\u003ca href=\"https://accounts.google.com/o/oauth2/auth?client_id=212161497936-oh0hsngh0pgt1fch5i1mv52k44s7dk4r.apps.googleusercontent.com\u0026amp;redirect_uri=http%3A%2F%2Flocalhost%3A8080%2Fapi%2Fv1%2Fauth%2Fgoogle%2Fcallback\u0026amp;response_type=code\u0026amp;scope=https%3A%2F%2Fwww.googleapis.com%2Fauth%2Fuserinfo.email+https%3A%2F%2Fwww.googleapis.com%2Fauth%2Fuserinfo.profile+openid\u0026amp;state=state\"\u003eTemporary Redirect\u003c/a\u003e.\n\n",
  "duration": "0s",
  "duration_ms": 0,
  "client_ip": "::1",
  "user_agent": "Mozilla/5.0 (Windows NT 10.0; Win64; x64) AppleWebKit/537.36 (KHTML, like Gecko) Chrome/143.0.0.0 Safari/537.36"
}
========================================

{
  "timestamp": "2026-01-14 21:55:08",
  "method": "GET",
  "path": "/api/v1/auth/google/callback",
  "query": {
    "authuser": "0",
    "code": "4/0ASc3gC3e69Tr6-Kn1UlhFaYMuLPAeB5-C6caEs4AJg8k-jA70MBZ6C-PP1Zxa4Rmz_-GMg",
    "prompt": "none",
    "scope": "email profile https://www.googleapis.com/auth/userinfo.profile https://www.googleapis.com/auth/userinfo.email openid",
    "state": "state"
  },
  "headers": {
    "Accept": "text/html,application/xhtml+xml,application/xml;q=0.9,image/avif,image/webp,image/apng,*/*;q=0.8",
    "Authorization": "",
    "Content-Type": ""
  },
  "status_code": 200,
  "response_body": {
    "data": {
      "token": "eyJhbGciOiJIUzI1NiIsInR5cCI6IkpXVCJ9.eyJ1c2VyX2lkIjoyLCJlbWFpbCI6ImNvZGluZ2luMTlAZ21haWwuY29tIiwicm9sZSI6InVzZXIiLCJleHAiOjE3Njg0ODg5MDksImlhdCI6MTc2ODQwMjUwOX0.KRkCoLziu597gSx87zP2BW8jkOE62IQSgihlIAdwb0w",
      "user": {
        "avatar_url": "https://lh3.googleusercontent.com/a/ACg8ocJxZirfxeCVacBi-NrJkkGMo-bp3RAN0QRF5GomV6LOhcMbDw=s96-c",
        "created_at": "2025-12-21T11:58:26.203877+07:00",
        "email": "codingin19@gmail.com",
        "id": 2,
        "is_verified": true,
        "name": "coding in",
        "provider": "google",
        "role": "user"
      }
    },
    "message": "Google login successful",
    "success": true
  },
  "duration": "382.5672ms",
  "duration_ms": 382,
  "client_ip": "::1",
  "user_agent": "Mozilla/5.0 (Windows NT 10.0; Win64; x64) AppleWebKit/537.36 (KHTML, like Gecko) Chrome/143.0.0.0 Safari/537.36"
}
========================================

{
  "timestamp": "2026-01-14 21:55:09",
  "method": "GET",
  "path": "/favicon.ico",
  "headers": {
    "Accept": "image/avif,image/webp,image/apng,image/svg+xml,image/*,*/*;q=0.8",
    "Authorization": "",
    "Content-Type": ""
  },
  "status_code": 404,
  "duration": "0s",
  "duration_ms": 0,
  "client_ip": "::1",
  "user_agent": "Mozilla/5.0 (Windows NT 10.0; Win64; x64) AppleWebKit/537.36 (KHTML, like Gecko) Chrome/143.0.0.0 Safari/537.36"
}
========================================

{
  "timestamp": "2026-01-14 21:58:06",
  "method": "GET",
  "path": "/api/v1/auth/google",
  "headers": {
    "Accept": "text/html,application/xhtml+xml,application/xml;q=0.9,image/avif,image/webp,image/apng,*/*;q=0.8",
    "Authorization": "",
    "Content-Type": ""
  },
  "status_code": 307,
  "response_body": "\u003ca href=\"https://accounts.google.com/o/oauth2/auth?client_id=212161497936-oh0hsngh0pgt1fch5i1mv52k44s7dk4r.apps.googleusercontent.com\u0026amp;redirect_uri=http%3A%2F%2Flocalhost%3A8080%2Fapi%2Fv1%2Fauth%2Fgoogle%2Fcallback\u0026amp;response_type=code\u0026amp;scope=https%3A%2F%2Fwww.googleapis.com%2Fauth%2Fuserinfo.email+https%3A%2F%2Fwww.googleapis.com%2Fauth%2Fuserinfo.profile+openid\u0026amp;state=state\"\u003eTemporary Redirect\u003c/a\u003e.\n\n",
  "duration": "670µs",
  "duration_ms": 0,
  "client_ip": "::1",
  "user_agent": "Mozilla/5.0 (Windows NT 10.0; Win64; x64) AppleWebKit/537.36 (KHTML, like Gecko) Chrome/143.0.0.0 Safari/537.36"
}
========================================

{
  "timestamp": "2026-01-14 21:58:10",
  "method": "GET",
  "path": "/api/v1/auth/google/callback",
  "query": {
    "authuser": "0",
    "code": "4/0ASc3gC2QLe0BjrrDzbrmjS_-HdkWwDf8YrOItm3nGNNYepa3I7xWu-o5DqbB5CcLTV9WCA",
    "prompt": "none",
    "scope": "email profile https://www.googleapis.com/auth/userinfo.email https://www.googleapis.com/auth/userinfo.profile openid",
    "state": "state"
  },
  "headers": {
    "Accept": "text/html,application/xhtml+xml,application/xml;q=0.9,image/avif,image/webp,image/apng,*/*;q=0.8",
    "Authorization": "",
    "Content-Type": ""
  },
  "status_code": 200,
  "response_body": {
    "data": {
      "token": "eyJhbGciOiJIUzI1NiIsInR5cCI6IkpXVCJ9.eyJ1c2VyX2lkIjoyLCJlbWFpbCI6ImNvZGluZ2luMTlAZ21haWwuY29tIiwicm9sZSI6InVzZXIiLCJleHAiOjE3Njg0ODkwOTAsImlhdCI6MTc2ODQwMjY5MH0.Hda1okp4k_HIMQhWKDtySIVsxAs5B2DuNP5eJBVCOhU",
      "user": {
        "avatar_url": "https://lh3.googleusercontent.com/a/ACg8ocJxZirfxeCVacBi-NrJkkGMo-bp3RAN0QRF5GomV6LOhcMbDw=s96-c",
        "created_at": "2025-12-21T11:58:26.203877+07:00",
        "email": "codingin19@gmail.com",
        "id": 2,
        "is_verified": true,
        "name": "coding in",
        "provider": "google",
        "role": "user"
      }
    },
    "message": "Google login successful",
    "success": true
  },
  "duration": "331.8957ms",
  "duration_ms": 331,
  "client_ip": "::1",
  "user_agent": "Mozilla/5.0 (Windows NT 10.0; Win64; x64) AppleWebKit/537.36 (KHTML, like Gecko) Chrome/143.0.0.0 Safari/537.36"
}
========================================

{
  "timestamp": "2026-01-14 22:01:32",
  "method": "GET",
  "path": "/api/v1/auth/google",
  "headers": {
    "Accept": "text/html,application/xhtml+xml,application/xml;q=0.9,image/avif,image/webp,image/apng,*/*;q=0.8",
    "Authorization": "",
    "Content-Type": ""
  },
  "status_code": 307,
  "response_body": "\u003ca href=\"https://accounts.google.com/o/oauth2/auth?client_id=212161497936-oh0hsngh0pgt1fch5i1mv52k44s7dk4r.apps.googleusercontent.com\u0026amp;redirect_uri=http%3A%2F%2Flocalhost%3A8080%2Fapi%2Fv1%2Fauth%2Fgoogle%2Fcallback\u0026amp;response_type=code\u0026amp;scope=https%3A%2F%2Fwww.googleapis.com%2Fauth%2Fuserinfo.email+https%3A%2F%2Fwww.googleapis.com%2Fauth%2Fuserinfo.profile+openid\u0026amp;state=state\"\u003eTemporary Redirect\u003c/a\u003e.\n\n",
  "duration": "450.3µs",
  "duration_ms": 0,
  "client_ip": "::1",
  "user_agent": "Mozilla/5.0 (Windows NT 10.0; Win64; x64) AppleWebKit/537.36 (KHTML, like Gecko) Chrome/143.0.0.0 Safari/537.36"
}
========================================

{
  "timestamp": "2026-01-14 22:03:08",
  "method": "GET",
  "path": "/api/v1/auth/github",
  "headers": {
    "Accept": "text/html,application/xhtml+xml,application/xml;q=0.9,image/avif,image/webp,image/apng,*/*;q=0.8",
    "Authorization": "",
    "Content-Type": ""
  },
  "status_code": 200,
  "response_body": {
    "auth_url": "https://github.com/login/oauth/authorize?client_id=\u0026redirect_uri=http%3A%2F%2Flocalhost%3A8080%2Fapi%2Fv1%2Fauth%2Fgithub%2Fcallback\u0026response_type=code\u0026scope=user%3Aemail\u0026state=state"
  },
  "duration": "504.9µs",
  "duration_ms": 0,
  "client_ip": "::1",
  "user_agent": "Mozilla/5.0 (Windows NT 10.0; Win64; x64) AppleWebKit/537.36 (KHTML, like Gecko) Chrome/143.0.0.0 Safari/537.36"
}
========================================

{
  "timestamp": "2026-01-14 22:08:32",
  "method": "GET",
  "path": "/api/v1/auth/google",
  "headers": {
    "Accept": "text/html,application/xhtml+xml,application/xml;q=0.9,image/avif,image/webp,image/apng,*/*;q=0.8",
    "Authorization": "",
    "Content-Type": ""
  },
  "status_code": 307,
  "response_body": "\u003ca href=\"https://accounts.google.com/o/oauth2/auth?client_id=212161497936-oh0hsngh0pgt1fch5i1mv52k44s7dk4r.apps.googleusercontent.com\u0026amp;redirect_uri=http%3A%2F%2Flocalhost%3A8080%2Fapi%2Fv1%2Fauth%2Fgoogle%2Fcallback\u0026amp;response_type=code\u0026amp;scope=https%3A%2F%2Fwww.googleapis.com%2Fauth%2Fuserinfo.email+https%3A%2F%2Fwww.googleapis.com%2Fauth%2Fuserinfo.profile+openid\u0026amp;state=state\"\u003eTemporary Redirect\u003c/a\u003e.\n\n",
  "duration": "503.9µs",
  "duration_ms": 0,
  "client_ip": "::1",
  "user_agent": "Mozilla/5.0 (Windows NT 10.0; Win64; x64) AppleWebKit/537.36 (KHTML, like Gecko) Chrome/143.0.0.0 Safari/537.36"
}
========================================

{
  "timestamp": "2026-01-14 22:08:35",
  "method": "GET",
  "path": "/api/v1/auth/google/callback",
  "query": {
    "authuser": "0",
    "code": "4/0ASc3gC2ruuGB-toMBwZITx4Hwf3tPBVBj4WmNdkHa1yjzhWhJWzAQhCmnDdLOBDwqpBTaA",
    "prompt": "none",
    "scope": "email profile https://www.googleapis.com/auth/userinfo.profile https://www.googleapis.com/auth/userinfo.email openid",
    "state": "state"
  },
  "headers": {
    "Accept": "text/html,application/xhtml+xml,application/xml;q=0.9,image/avif,image/webp,image/apng,*/*;q=0.8",
    "Authorization": "",
    "Content-Type": ""
  },
  "status_code": 307,
  "response_body": "\u003ca href=\"http://localhost:3000/auth/callback?token=eyJhbGciOiJIUzI1NiIsInR5cCI6IkpXVCJ9.eyJ1c2VyX2lkIjoyLCJlbWFpbCI6ImNvZGluZ2luMTlAZ21haWwuY29tIiwicm9sZSI6InVzZXIiLCJleHAiOjE3Njg0ODk3MTUsImlhdCI6MTc2ODQwMzMxNX0.axfIAdMTwtXYU4uhI5XQenXN7oGRkocLXu-2JfxDL7Y\u0026amp;user=%7B%22id%22%3A2%2C%22name%22%3A%22coding+in%22%2C%22email%22%3A%22codingin19%40gmail.com%22%2C%22role%22%3A%22user%22%2C%22provider%22%3A%22google%22%2C%22avatar_url%22%3A%22https%3A%2F%2Flh3.googleusercontent.com%2Fa%2FACg8ocJxZirfxeCVacBi-NrJkkGMo-bp3RAN0QRF5GomV6LOhcMbDw%3Ds96-c%22%2C%22is_verified%22%3Atrue%2C%22created_at%22%3A%222025-12-21T11%3A58%3A26.203877%2B07%3A00%22%7D\"\u003eTemporary Redirect\u003c/a\u003e.\n\n",
  "duration": "307.4262ms",
  "duration_ms": 307,
  "client_ip": "::1",
  "user_agent": "Mozilla/5.0 (Windows NT 10.0; Win64; x64) AppleWebKit/537.36 (KHTML, like Gecko) Chrome/143.0.0.0 Safari/537.36"
}
========================================

{
  "timestamp": "2026-01-14 22:08:36",
  "method": "OPTIONS",
  "path": "/api/v1/products",
  "query": {
    "limit": "6"
  },
  "headers": {
    "Accept": "*/*",
    "Authorization": "",
    "Content-Type": ""
  },
  "status_code": 204,
  "duration": "0s",
  "duration_ms": 0,
  "client_ip": "::1",
  "user_agent": "Mozilla/5.0 (Windows NT 10.0; Win64; x64) AppleWebKit/537.36 (KHTML, like Gecko) Chrome/143.0.0.0 Safari/537.36"
}
========================================

{
  "timestamp": "2026-01-14 22:08:36",
  "method": "GET",
  "path": "/api/v1/products",
  "query": {
    "limit": "6"
  },
  "headers": {
    "Accept": "application/json, text/plain, */*",
    "Authorization": "Bearer ...DL7Y",
    "Content-Type": ""
  },
  "status_code": 200,
  "response_body": {
    "data": {
      "limit": 6,
      "page": 1,
      "products": [
        {
          "category": {
            "created_at": "2026-01-08T21:55:42.326209+07:00",
            "description": "Python, PHP, and JS utility scripts",
            "icon": "terminal",
            "id": 4,
            "is_active": true,
            "name": "Scripts",
            "order": 4,
            "slug": "scripts",
            "updated_at": "2026-01-08T21:55:42.326209+07:00"
          },
          "category_id": 4,
          "created_at": "2026-01-13T02:20:25.212431+07:00",
          "created_by": 1,
          "description": "Python script to automate likes, follows, and comments. Includes safety limits to prevent account bans.",
          "downloads_count": 0,
          "features": "[\"Auto Like\", \"Auto Follow\", \"Targeting by Hashtag\"]",
          "id": 5,
          "is_active": true,
          "preview_images": "[\"https://images.unsplash.com/photo-1611162617474-5b21e879e113?auto=format\u0026fit=crop\u0026q=80\u0026w=1000\"]",
          "price": 150000,
          "rating_average": 0,
          "requirements": "[]",
          "slug": "instagram-automation-bot",
          "tech_stack": "[\"Python\", \"Selenium\"]",
          "title": "Instagram Automation Bot",
          "type": "scripts",
          "updated_at": "2026-01-13T02:20:25.212431+07:00",
          "views_count": 0
        },
        {
          "category": {
            "created_at": "2026-01-08T21:55:42.322557+07:00",
            "description": "UI kits and website templates",
            "icon": "layout",
            "id": 2,
            "is_active": true,
            "name": "Templates",
            "order": 2,
            "slug": "templates",
            "updated_at": "2026-01-08T21:55:42.322557+07:00"
          },
          "category_id": 2,
          "created_at": "2026-01-13T02:20:25.211149+07:00",
          "created_by": 1,
          "description": "Clean, responsive, and customizable admin dashboard template built with Vue 3 and Tailwind CSS.",
          "downloads_count": 0,
          "features": "[\"Dark Mode Support\", \"Responsive Layout\", \"Chart.js Integration\", \"Form Components\"]",
          "id": 4,
          "is_active": true,
          "preview_images": "[\"https://images.unsplash.com/photo-1551288049-bebda4e38f71?auto=format\u0026fit=crop\u0026q=80\u0026w=1000\"]",
          "price": 250000,
          "rating_average": 0,
          "requirements": "[]",
          "slug": "modern-admin-dashboard",
          "tech_stack": "[\"Vue 3\", \"Tailwind CSS\", \"Vite\"]",
          "title": "Modern Admin Dashboard UI",
          "type": "template",
          "updated_at": "2026-01-13T02:20:25.211149+07:00",
          "views_count": 0
        },
        {
          "category": {
            "created_at": "2026-01-08T21:55:42.325061+07:00",
            "description": "Flutter, React Native, and native apps",
            "icon": "smartphone",
            "id": 3,
            "is_active": true,
            "name": "Mobile Apps",
            "order": 3,
            "slug": "mobile-apps",
            "updated_at": "2026-01-08T21:55:42.325061+07:00"
          },
          "category_id": 3,
          "created_at": "2026-01-13T02:20:25.210572+07:00",
          "created_by": 1,
          "description": "Uber Eats clone made with Flutter. Beautiful animations, real-time tracking, and vendor dashboard included. Works on both iOS and Android.",
          "downloads_count": 0,
          "features": "[\"Real-time Tracking\", \"Push Notifications\", \"Vendor App\", \"Dark Mode\"]",
          "id": 3,
          "is_active": true,
          "preview_images": "[\"https://images.unsplash.com/photo-1512941937669-90a1b58e7e9c?auto=format\u0026fit=crop\u0026q=80\u0026w=1000\"]",
          "price": 500000,
          "rating_average": 0,
          "requirements": "[]",
          "slug": "flutter-delivery-app",
          "tech_stack": "[\"Flutter\", \"Firebase\", \"Google Maps API\"]",
          "title": "Flutter Delivery App",
          "type": "mobile_apps",
          "updated_at": "2026-01-13T02:20:25.210572+07:00",
          "views_count": 0
        },
        {
          "category": {
            "created_at": "2026-01-08T21:55:42.314623+07:00",
            "description": "Full application source codes",
            "icon": "code",
            "id": 1,
            "is_active": true,
            "name": "Source Code",
            "order": 1,
            "slug": "source-code",
            "updated_at": "2026-01-08T21:55:42.314623+07:00"
          },
          "category_id": 1,
          "created_at": "2026-01-13T02:20:25.20936+07:00",
          "created_by": 1,
          "description": "Launch your SaaS in days with this comprehensive Next.js boilerplate. Includes Stripe integration, Authentication, Database setup with Prisma, and tailwind UI components.",
          "downloads_count": 0,
          "features": "[\"Authentication\", \"Subscription Payments\", \"Admin Dashboard\", \"SEO Optimized\"]",
          "id": 2,
          "is_active": true,
          "preview_images": "[\"https://images.unsplash.com/photo-1618477247222-ac591245363d?auto=format\u0026fit=crop\u0026q=80\u0026w=1000\"]",
          "price": 750000,
          "rating_average": 0,
          "requirements": "[]",
          "slug": "nextjs-saas-boilerplate",
          "tech_stack": "[\"Next.js\", \"TypeScript\", \"Tailwind CSS\", \"Prisma\", \"Stripe\"]",
          "title": "NextJS SaaS Boilerplate",
          "type": "source_code",
          "updated_at": "2026-01-13T02:20:25.20936+07:00",
          "views_count": 0
        },
        {
          "category": {
            "created_at": "2026-01-08T21:55:42.314623+07:00",
            "description": "Full application source codes",
            "icon": "code",
            "id": 1,
            "is_active": true,
            "name": "Source Code",
            "order": 1,
            "slug": "source-code",
            "updated_at": "2026-01-08T21:55:42.314623+07:00"
          },
          "category_id": 1,
          "created_at": "2026-01-13T02:20:25.197105+07:00",
          "created_by": 1,
          "description": "A complete microservices-based e-commerce backend written in Go (Golang). Includes services for products, orders, users, and payments. Features gRPC communication, Kafka event bus, and Docker compose setup.",
          "downloads_count": 0,
          "features": "[\"Microservices Architecture\", \"gRPC Communication\", \"Event-Driven\", \"Scalable\"]",
          "id": 1,
          "is_active": true,
          "preview_images": "[\"https://images.unsplash.com/photo-1555949963-aa79dcee981c?auto=format\u0026fit=crop\u0026q=80\u0026w=1000\", \"https://images.unsplash.com/photo-1555066931-4365d14bab8c?auto=format\u0026fit=crop\u0026q=80\u0026w=1000\"]",
          "price": 1500000,
          "rating_average": 0,
          "requirements": "[]",
          "slug": "ecommerce-microservices-go",
          "tech_stack": "[\"Golang\", \"gRPC\", \"Kafka\", \"PostgreSQL\", \"Docker\"]",
          "title": "E-Commerce Microservices Go",
          "type": "source_code",
          "updated_at": "2026-01-13T02:20:25.197105+07:00",
          "views_count": 0
        }
      ],
      "total": 5
    },
    "message": "Products retrieved successfully",
    "success": true
  },
  "duration": "7.0086ms",
  "duration_ms": 7,
  "client_ip": "::1",
  "user_agent": "Mozilla/5.0 (Windows NT 10.0; Win64; x64) AppleWebKit/537.36 (KHTML, like Gecko) Chrome/143.0.0.0 Safari/537.36"
}
========================================

{
  "timestamp": "2026-01-14 22:12:00",
  "method": "OPTIONS",
  "path": "/api/v1/cart",
  "headers": {
    "Accept": "*/*",
    "Authorization": "",
    "Content-Type": ""
  },
  "status_code": 204,
  "duration": "0s",
  "duration_ms": 0,
  "client_ip": "::1",
  "user_agent": "Mozilla/5.0 (Windows NT 10.0; Win64; x64) AppleWebKit/537.36 (KHTML, like Gecko) Chrome/143.0.0.0 Safari/537.36"
}
========================================

{
  "timestamp": "2026-01-14 22:12:00",
  "method": "OPTIONS",
  "path": "/api/v1/wishlist",
  "headers": {
    "Accept": "*/*",
    "Authorization": "",
    "Content-Type": ""
  },
  "status_code": 204,
  "duration": "0s",
  "duration_ms": 0,
  "client_ip": "::1",
  "user_agent": "Mozilla/5.0 (Windows NT 10.0; Win64; x64) AppleWebKit/537.36 (KHTML, like Gecko) Chrome/143.0.0.0 Safari/537.36"
}
========================================

{
  "timestamp": "2026-01-14 22:12:00",
  "method": "GET",
  "path": "/api/v1/cart",
  "headers": {
    "Accept": "application/json, text/plain, */*",
    "Authorization": "Bearer ...DL7Y",
    "Content-Type": ""
  },
  "status_code": 200,
  "response_body": {
    "data": {
      "items": [],
      "total": 0
    },
    "message": "Cart retrieved successfully",
    "success": true
  },
  "duration": "2.5912ms",
  "duration_ms": 2,
  "client_ip": "::1",
  "user_agent": "Mozilla/5.0 (Windows NT 10.0; Win64; x64) AppleWebKit/537.36 (KHTML, like Gecko) Chrome/143.0.0.0 Safari/537.36",
  "user_id": 2,
  "user_email": "codingin19@gmail.com"
}
========================================

{
  "timestamp": "2026-01-14 22:12:00",
  "method": "OPTIONS",
  "path": "/api/v1/products",
  "query": {
    "limit": "6"
  },
  "headers": {
    "Accept": "*/*",
    "Authorization": "",
    "Content-Type": ""
  },
  "status_code": 204,
  "duration": "418µs",
  "duration_ms": 0,
  "client_ip": "::1",
  "user_agent": "Mozilla/5.0 (Windows NT 10.0; Win64; x64) AppleWebKit/537.36 (KHTML, like Gecko) Chrome/143.0.0.0 Safari/537.36"
}
========================================

{
  "timestamp": "2026-01-14 22:12:00",
  "method": "GET",
  "path": "/api/v1/wishlist",
  "headers": {
    "Accept": "application/json, text/plain, */*",
    "Authorization": "Bearer ...DL7Y",
    "Content-Type": ""
  },
  "status_code": 200,
  "response_body": {
    "data": [],
    "message": "Wishlist retrieved successfully",
    "success": true
  },
  "duration": "45.3042ms",
  "duration_ms": 45,
  "client_ip": "::1",
  "user_agent": "Mozilla/5.0 (Windows NT 10.0; Win64; x64) AppleWebKit/537.36 (KHTML, like Gecko) Chrome/143.0.0.0 Safari/537.36",
  "user_id": 2,
  "user_email": "codingin19@gmail.com"
}
========================================

{
  "timestamp": "2026-01-14 22:12:00",
  "method": "GET",
  "path": "/api/v1/products",
  "query": {
    "limit": "6"
  },
  "headers": {
    "Accept": "application/json, text/plain, */*",
    "Authorization": "Bearer ...DL7Y",
    "Content-Type": ""
  },
  "status_code": 200,
  "response_body": {
    "data": {
      "limit": 6,
      "page": 1,
      "products": [
        {
          "category": {
            "created_at": "2026-01-08T21:55:42.326209+07:00",
            "description": "Python, PHP, and JS utility scripts",
            "icon": "terminal",
            "id": 4,
            "is_active": true,
            "name": "Scripts",
            "order": 4,
            "slug": "scripts",
            "updated_at": "2026-01-08T21:55:42.326209+07:00"
          },
          "category_id": 4,
          "created_at": "2026-01-13T02:20:25.212431+07:00",
          "created_by": 1,
          "description": "Python script to automate likes, follows, and comments. Includes safety limits to prevent account bans.",
          "downloads_count": 0,
          "features": "[\"Auto Like\", \"Auto Follow\", \"Targeting by Hashtag\"]",
          "id": 5,
          "is_active": true,
          "preview_images": "[\"https://images.unsplash.com/photo-1611162617474-5b21e879e113?auto=format\u0026fit=crop\u0026q=80\u0026w=1000\"]",
          "price": 150000,
          "rating_average": 0,
          "requirements": "[]",
          "slug": "instagram-automation-bot",
          "tech_stack": "[\"Python\", \"Selenium\"]",
          "title": "Instagram Automation Bot",
          "type": "scripts",
          "updated_at": "2026-01-13T02:20:25.212431+07:00",
          "views_count": 0
        },
        {
          "category": {
            "created_at": "2026-01-08T21:55:42.322557+07:00",
            "description": "UI kits and website templates",
            "icon": "layout",
            "id": 2,
            "is_active": true,
            "name": "Templates",
            "order": 2,
            "slug": "templates",
            "updated_at": "2026-01-08T21:55:42.322557+07:00"
          },
          "category_id": 2,
          "created_at": "2026-01-13T02:20:25.211149+07:00",
          "created_by": 1,
          "description": "Clean, responsive, and customizable admin dashboard template built with Vue 3 and Tailwind CSS.",
          "downloads_count": 0,
          "features": "[\"Dark Mode Support\", \"Responsive Layout\", \"Chart.js Integration\", \"Form Components\"]",
          "id": 4,
          "is_active": true,
          "preview_images": "[\"https://images.unsplash.com/photo-1551288049-bebda4e38f71?auto=format\u0026fit=crop\u0026q=80\u0026w=1000\"]",
          "price": 250000,
          "rating_average": 0,
          "requirements": "[]",
          "slug": "modern-admin-dashboard",
          "tech_stack": "[\"Vue 3\", \"Tailwind CSS\", \"Vite\"]",
          "title": "Modern Admin Dashboard UI",
          "type": "template",
          "updated_at": "2026-01-13T02:20:25.211149+07:00",
          "views_count": 0
        },
        {
          "category": {
            "created_at": "2026-01-08T21:55:42.325061+07:00",
            "description": "Flutter, React Native, and native apps",
            "icon": "smartphone",
            "id": 3,
            "is_active": true,
            "name": "Mobile Apps",
            "order": 3,
            "slug": "mobile-apps",
            "updated_at": "2026-01-08T21:55:42.325061+07:00"
          },
          "category_id": 3,
          "created_at": "2026-01-13T02:20:25.210572+07:00",
          "created_by": 1,
          "description": "Uber Eats clone made with Flutter. Beautiful animations, real-time tracking, and vendor dashboard included. Works on both iOS and Android.",
          "downloads_count": 0,
          "features": "[\"Real-time Tracking\", \"Push Notifications\", \"Vendor App\", \"Dark Mode\"]",
          "id": 3,
          "is_active": true,
          "preview_images": "[\"https://images.unsplash.com/photo-1512941937669-90a1b58e7e9c?auto=format\u0026fit=crop\u0026q=80\u0026w=1000\"]",
          "price": 500000,
          "rating_average": 0,
          "requirements": "[]",
          "slug": "flutter-delivery-app",
          "tech_stack": "[\"Flutter\", \"Firebase\", \"Google Maps API\"]",
          "title": "Flutter Delivery App",
          "type": "mobile_apps",
          "updated_at": "2026-01-13T02:20:25.210572+07:00",
          "views_count": 0
        },
        {
          "category": {
            "created_at": "2026-01-08T21:55:42.314623+07:00",
            "description": "Full application source codes",
            "icon": "code",
            "id": 1,
            "is_active": true,
            "name": "Source Code",
            "order": 1,
            "slug": "source-code",
            "updated_at": "2026-01-08T21:55:42.314623+07:00"
          },
          "category_id": 1,
          "created_at": "2026-01-13T02:20:25.20936+07:00",
          "created_by": 1,
          "description": "Launch your SaaS in days with this comprehensive Next.js boilerplate. Includes Stripe integration, Authentication, Database setup with Prisma, and tailwind UI components.",
          "downloads_count": 0,
          "features": "[\"Authentication\", \"Subscription Payments\", \"Admin Dashboard\", \"SEO Optimized\"]",
          "id": 2,
          "is_active": true,
          "preview_images": "[\"https://images.unsplash.com/photo-1618477247222-ac591245363d?auto=format\u0026fit=crop\u0026q=80\u0026w=1000\"]",
          "price": 750000,
          "rating_average": 0,
          "requirements": "[]",
          "slug": "nextjs-saas-boilerplate",
          "tech_stack": "[\"Next.js\", \"TypeScript\", \"Tailwind CSS\", \"Prisma\", \"Stripe\"]",
          "title": "NextJS SaaS Boilerplate",
          "type": "source_code",
          "updated_at": "2026-01-13T02:20:25.20936+07:00",
          "views_count": 0
        },
        {
          "category": {
            "created_at": "2026-01-08T21:55:42.314623+07:00",
            "description": "Full application source codes",
            "icon": "code",
            "id": 1,
            "is_active": true,
            "name": "Source Code",
            "order": 1,
            "slug": "source-code",
            "updated_at": "2026-01-08T21:55:42.314623+07:00"
          },
          "category_id": 1,
          "created_at": "2026-01-13T02:20:25.197105+07:00",
          "created_by": 1,
          "description": "A complete microservices-based e-commerce backend written in Go (Golang). Includes services for products, orders, users, and payments. Features gRPC communication, Kafka event bus, and Docker compose setup.",
          "downloads_count": 0,
          "features": "[\"Microservices Architecture\", \"gRPC Communication\", \"Event-Driven\", \"Scalable\"]",
          "id": 1,
          "is_active": true,
          "preview_images": "[\"https://images.unsplash.com/photo-1555949963-aa79dcee981c?auto=format\u0026fit=crop\u0026q=80\u0026w=1000\", \"https://images.unsplash.com/photo-1555066931-4365d14bab8c?auto=format\u0026fit=crop\u0026q=80\u0026w=1000\"]",
          "price": 1500000,
          "rating_average": 0,
          "requirements": "[]",
          "slug": "ecommerce-microservices-go",
          "tech_stack": "[\"Golang\", \"gRPC\", \"Kafka\", \"PostgreSQL\", \"Docker\"]",
          "title": "E-Commerce Microservices Go",
          "type": "source_code",
          "updated_at": "2026-01-13T02:20:25.197105+07:00",
          "views_count": 0
        }
      ],
      "total": 5
    },
    "message": "Products retrieved successfully",
    "success": true
  },
  "duration": "13.1208ms",
  "duration_ms": 13,
  "client_ip": "::1",
  "user_agent": "Mozilla/5.0 (Windows NT 10.0; Win64; x64) AppleWebKit/537.36 (KHTML, like Gecko) Chrome/143.0.0.0 Safari/537.36"
}
========================================

{
  "timestamp": "2026-01-14 22:13:44",
  "method": "OPTIONS",
  "path": "/api/v1/wishlist",
  "headers": {
    "Accept": "*/*",
    "Authorization": "",
    "Content-Type": ""
  },
  "status_code": 204,
  "duration": "354.4µs",
  "duration_ms": 0,
  "client_ip": "::1",
  "user_agent": "Mozilla/5.0 (Windows NT 10.0; Win64; x64) AppleWebKit/537.36 (KHTML, like Gecko) Chrome/143.0.0.0 Safari/537.36"
}
========================================

{
  "timestamp": "2026-01-14 22:13:44",
  "method": "GET",
  "path": "/api/v1/wishlist",
  "headers": {
    "Accept": "application/json, text/plain, */*",
    "Authorization": "Bearer ...DL7Y",
    "Content-Type": ""
  },
  "status_code": 200,
  "response_body": {
    "data": [],
    "message": "Wishlist retrieved successfully",
    "success": true
  },
  "duration": "2.1769ms",
  "duration_ms": 2,
  "client_ip": "::1",
  "user_agent": "Mozilla/5.0 (Windows NT 10.0; Win64; x64) AppleWebKit/537.36 (KHTML, like Gecko) Chrome/143.0.0.0 Safari/537.36",
  "user_id": 2,
  "user_email": "codingin19@gmail.com"
}
========================================

{
  "timestamp": "2026-01-14 22:13:46",
  "method": "OPTIONS",
  "path": "/api/v1/products",
  "query": {
    "limit": "20"
  },
  "headers": {
    "Accept": "*/*",
    "Authorization": "",
    "Content-Type": ""
  },
  "status_code": 204,
  "duration": "0s",
  "duration_ms": 0,
  "client_ip": "::1",
  "user_agent": "Mozilla/5.0 (Windows NT 10.0; Win64; x64) AppleWebKit/537.36 (KHTML, like Gecko) Chrome/143.0.0.0 Safari/537.36"
}
========================================

{
  "timestamp": "2026-01-14 22:13:46",
  "method": "GET",
  "path": "/api/v1/products",
  "query": {
    "limit": "20"
  },
  "headers": {
    "Accept": "application/json, text/plain, */*",
    "Authorization": "Bearer ...DL7Y",
    "Content-Type": ""
  },
  "status_code": 200,
  "response_body": {
    "data": {
      "limit": 20,
      "page": 1,
      "products": [
        {
          "category": {
            "created_at": "2026-01-08T21:55:42.326209+07:00",
            "description": "Python, PHP, and JS utility scripts",
            "icon": "terminal",
            "id": 4,
            "is_active": true,
            "name": "Scripts",
            "order": 4,
            "slug": "scripts",
            "updated_at": "2026-01-08T21:55:42.326209+07:00"
          },
          "category_id": 4,
          "created_at": "2026-01-13T02:20:25.212431+07:00",
          "created_by": 1,
          "description": "Python script to automate likes, follows, and comments. Includes safety limits to prevent account bans.",
          "downloads_count": 0,
          "features": "[\"Auto Like\", \"Auto Follow\", \"Targeting by Hashtag\"]",
          "id": 5,
          "is_active": true,
          "preview_images": "[\"https://images.unsplash.com/photo-1611162617474-5b21e879e113?auto=format\u0026fit=crop\u0026q=80\u0026w=1000\"]",
          "price": 150000,
          "rating_average": 0,
          "requirements": "[]",
          "slug": "instagram-automation-bot",
          "tech_stack": "[\"Python\", \"Selenium\"]",
          "title": "Instagram Automation Bot",
          "type": "scripts",
          "updated_at": "2026-01-13T02:20:25.212431+07:00",
          "views_count": 0
        },
        {
          "category": {
            "created_at": "2026-01-08T21:55:42.322557+07:00",
            "description": "UI kits and website templates",
            "icon": "layout",
            "id": 2,
            "is_active": true,
            "name": "Templates",
            "order": 2,
            "slug": "templates",
            "updated_at": "2026-01-08T21:55:42.322557+07:00"
          },
          "category_id": 2,
          "created_at": "2026-01-13T02:20:25.211149+07:00",
          "created_by": 1,
          "description": "Clean, responsive, and customizable admin dashboard template built with Vue 3 and Tailwind CSS.",
          "downloads_count": 0,
          "features": "[\"Dark Mode Support\", \"Responsive Layout\", \"Chart.js Integration\", \"Form Components\"]",
          "id": 4,
          "is_active": true,
          "preview_images": "[\"https://images.unsplash.com/photo-1551288049-bebda4e38f71?auto=format\u0026fit=crop\u0026q=80\u0026w=1000\"]",
          "price": 250000,
          "rating_average": 0,
          "requirements": "[]",
          "slug": "modern-admin-dashboard",
          "tech_stack": "[\"Vue 3\", \"Tailwind CSS\", \"Vite\"]",
          "title": "Modern Admin Dashboard UI",
          "type": "template",
          "updated_at": "2026-01-13T02:20:25.211149+07:00",
          "views_count": 0
        },
        {
          "category": {
            "created_at": "2026-01-08T21:55:42.325061+07:00",
            "description": "Flutter, React Native, and native apps",
            "icon": "smartphone",
            "id": 3,
            "is_active": true,
            "name": "Mobile Apps",
            "order": 3,
            "slug": "mobile-apps",
            "updated_at": "2026-01-08T21:55:42.325061+07:00"
          },
          "category_id": 3,
          "created_at": "2026-01-13T02:20:25.210572+07:00",
          "created_by": 1,
          "description": "Uber Eats clone made with Flutter. Beautiful animations, real-time tracking, and vendor dashboard included. Works on both iOS and Android.",
          "downloads_count": 0,
          "features": "[\"Real-time Tracking\", \"Push Notifications\", \"Vendor App\", \"Dark Mode\"]",
          "id": 3,
          "is_active": true,
          "preview_images": "[\"https://images.unsplash.com/photo-1512941937669-90a1b58e7e9c?auto=format\u0026fit=crop\u0026q=80\u0026w=1000\"]",
          "price": 500000,
          "rating_average": 0,
          "requirements": "[]",
          "slug": "flutter-delivery-app",
          "tech_stack": "[\"Flutter\", \"Firebase\", \"Google Maps API\"]",
          "title": "Flutter Delivery App",
          "type": "mobile_apps",
          "updated_at": "2026-01-13T02:20:25.210572+07:00",
          "views_count": 0
        },
        {
          "category": {
            "created_at": "2026-01-08T21:55:42.314623+07:00",
            "description": "Full application source codes",
            "icon": "code",
            "id": 1,
            "is_active": true,
            "name": "Source Code",
            "order": 1,
            "slug": "source-code",
            "updated_at": "2026-01-08T21:55:42.314623+07:00"
          },
          "category_id": 1,
          "created_at": "2026-01-13T02:20:25.20936+07:00",
          "created_by": 1,
          "description": "Launch your SaaS in days with this comprehensive Next.js boilerplate. Includes Stripe integration, Authentication, Database setup with Prisma, and tailwind UI components.",
          "downloads_count": 0,
          "features": "[\"Authentication\", \"Subscription Payments\", \"Admin Dashboard\", \"SEO Optimized\"]",
          "id": 2,
          "is_active": true,
          "preview_images": "[\"https://images.unsplash.com/photo-1618477247222-ac591245363d?auto=format\u0026fit=crop\u0026q=80\u0026w=1000\"]",
          "price": 750000,
          "rating_average": 0,
          "requirements": "[]",
          "slug": "nextjs-saas-boilerplate",
          "tech_stack": "[\"Next.js\", \"TypeScript\", \"Tailwind CSS\", \"Prisma\", \"Stripe\"]",
          "title": "NextJS SaaS Boilerplate",
          "type": "source_code",
          "updated_at": "2026-01-13T02:20:25.20936+07:00",
          "views_count": 0
        },
        {
          "category": {
            "created_at": "2026-01-08T21:55:42.314623+07:00",
            "description": "Full application source codes",
            "icon": "code",
            "id": 1,
            "is_active": true,
            "name": "Source Code",
            "order": 1,
            "slug": "source-code",
            "updated_at": "2026-01-08T21:55:42.314623+07:00"
          },
          "category_id": 1,
          "created_at": "2026-01-13T02:20:25.197105+07:00",
          "created_by": 1,
          "description": "A complete microservices-based e-commerce backend written in Go (Golang). Includes services for products, orders, users, and payments. Features gRPC communication, Kafka event bus, and Docker compose setup.",
          "downloads_count": 0,
          "features": "[\"Microservices Architecture\", \"gRPC Communication\", \"Event-Driven\", \"Scalable\"]",
          "id": 1,
          "is_active": true,
          "preview_images": "[\"https://images.unsplash.com/photo-1555949963-aa79dcee981c?auto=format\u0026fit=crop\u0026q=80\u0026w=1000\", \"https://images.unsplash.com/photo-1555066931-4365d14bab8c?auto=format\u0026fit=crop\u0026q=80\u0026w=1000\"]",
          "price": 1500000,
          "rating_average": 0,
          "requirements": "[]",
          "slug": "ecommerce-microservices-go",
          "tech_stack": "[\"Golang\", \"gRPC\", \"Kafka\", \"PostgreSQL\", \"Docker\"]",
          "title": "E-Commerce Microservices Go",
          "type": "source_code",
          "updated_at": "2026-01-13T02:20:25.197105+07:00",
          "views_count": 0
        }
      ],
      "total": 5
    },
    "message": "Products retrieved successfully",
    "success": true
  },
  "duration": "8.4542ms",
  "duration_ms": 8,
  "client_ip": "::1",
  "user_agent": "Mozilla/5.0 (Windows NT 10.0; Win64; x64) AppleWebKit/537.36 (KHTML, like Gecko) Chrome/143.0.0.0 Safari/537.36"
}
========================================

{
  "timestamp": "2026-01-14 22:13:48",
  "method": "POST",
  "path": "/api/v1/wishlist",
  "headers": {
    "Accept": "application/json, text/plain, */*",
    "Authorization": "Bearer ...DL7Y",
    "Content-Type": "application/json"
  },
  "request_body": {
    "product_id": 5
  },
  "status_code": 201,
  "response_body": {
    "data": {
      "created_at": "2026-01-14T22:13:48.7347268+07:00",
      "id": 1,
      "product_id": 5,
      "user_id": 2
    },
    "message": "Item added to wishlist",
    "success": true
  },
  "duration": "14.8175ms",
  "duration_ms": 14,
  "client_ip": "::1",
  "user_agent": "Mozilla/5.0 (Windows NT 10.0; Win64; x64) AppleWebKit/537.36 (KHTML, like Gecko) Chrome/143.0.0.0 Safari/537.36",
  "user_id": 2,
  "user_email": "codingin19@gmail.com"
}
========================================

{
  "timestamp": "2026-01-14 22:13:48",
  "method": "GET",
  "path": "/api/v1/wishlist",
  "headers": {
    "Accept": "application/json, text/plain, */*",
    "Authorization": "Bearer ...DL7Y",
    "Content-Type": ""
  },
  "status_code": 200,
  "response_body": {
    "data": [
      {
        "created_at": "2026-01-14T22:13:48.734726+07:00",
        "id": 1,
        "product": {
          "category": {
            "created_at": "2026-01-08T21:55:42.326209+07:00",
            "description": "Python, PHP, and JS utility scripts",
            "icon": "terminal",
            "id": 4,
            "is_active": true,
            "name": "Scripts",
            "order": 4,
            "slug": "scripts",
            "updated_at": "2026-01-08T21:55:42.326209+07:00"
          },
          "category_id": 4,
          "created_at": "2026-01-13T02:20:25.212431+07:00",
          "created_by": 1,
          "description": "Python script to automate likes, follows, and comments. Includes safety limits to prevent account bans.",
          "downloads_count": 0,
          "features": "[\"Auto Like\", \"Auto Follow\", \"Targeting by Hashtag\"]",
          "id": 5,
          "is_active": true,
          "preview_images": "[\"https://images.unsplash.com/photo-1611162617474-5b21e879e113?auto=format\u0026fit=crop\u0026q=80\u0026w=1000\"]",
          "price": 150000,
          "rating_average": 0,
          "requirements": "[]",
          "slug": "instagram-automation-bot",
          "tech_stack": "[\"Python\", \"Selenium\"]",
          "title": "Instagram Automation Bot",
          "type": "scripts",
          "updated_at": "2026-01-13T02:20:25.212431+07:00",
          "views_count": 0
        },
        "product_id": 5,
        "user_id": 2
      }
    ],
    "message": "Wishlist retrieved successfully",
    "success": true
  },
  "duration": "1.0173ms",
  "duration_ms": 1,
  "client_ip": "::1",
  "user_agent": "Mozilla/5.0 (Windows NT 10.0; Win64; x64) AppleWebKit/537.36 (KHTML, like Gecko) Chrome/143.0.0.0 Safari/537.36",
  "user_id": 2,
  "user_email": "codingin19@gmail.com"
}
========================================

{
  "timestamp": "2026-01-14 22:13:56",
  "method": "OPTIONS",
  "path": "/api/v1/wishlist",
  "headers": {
    "Accept": "*/*",
    "Authorization": "",
    "Content-Type": ""
  },
  "status_code": 204,
  "duration": "0s",
  "duration_ms": 0,
  "client_ip": "::1",
  "user_agent": "Mozilla/5.0 (Windows NT 10.0; Win64; x64) AppleWebKit/537.36 (KHTML, like Gecko) Chrome/143.0.0.0 Safari/537.36"
}
========================================

{
  "timestamp": "2026-01-14 22:13:56",
  "method": "GET",
  "path": "/api/v1/wishlist",
  "headers": {
    "Accept": "application/json, text/plain, */*",
    "Authorization": "Bearer ...DL7Y",
    "Content-Type": ""
  },
  "status_code": 200,
  "response_body": {
    "data": [
      {
        "created_at": "2026-01-14T22:13:48.734726+07:00",
        "id": 1,
        "product": {
          "category": {
            "created_at": "2026-01-08T21:55:42.326209+07:00",
            "description": "Python, PHP, and JS utility scripts",
            "icon": "terminal",
            "id": 4,
            "is_active": true,
            "name": "Scripts",
            "order": 4,
            "slug": "scripts",
            "updated_at": "2026-01-08T21:55:42.326209+07:00"
          },
          "category_id": 4,
          "created_at": "2026-01-13T02:20:25.212431+07:00",
          "created_by": 1,
          "description": "Python script to automate likes, follows, and comments. Includes safety limits to prevent account bans.",
          "downloads_count": 0,
          "features": "[\"Auto Like\", \"Auto Follow\", \"Targeting by Hashtag\"]",
          "id": 5,
          "is_active": true,
          "preview_images": "[\"https://images.unsplash.com/photo-1611162617474-5b21e879e113?auto=format\u0026fit=crop\u0026q=80\u0026w=1000\"]",
          "price": 150000,
          "rating_average": 0,
          "requirements": "[]",
          "slug": "instagram-automation-bot",
          "tech_stack": "[\"Python\", \"Selenium\"]",
          "title": "Instagram Automation Bot",
          "type": "scripts",
          "updated_at": "2026-01-13T02:20:25.212431+07:00",
          "views_count": 0
        },
        "product_id": 5,
        "user_id": 2
      }
    ],
    "message": "Wishlist retrieved successfully",
    "success": true
  },
  "duration": "3.6164ms",
  "duration_ms": 3,
  "client_ip": "::1",
  "user_agent": "Mozilla/5.0 (Windows NT 10.0; Win64; x64) AppleWebKit/537.36 (KHTML, like Gecko) Chrome/143.0.0.0 Safari/537.36",
  "user_id": 2,
  "user_email": "codingin19@gmail.com"
}
========================================

{
  "timestamp": "2026-01-14 22:14:40",
  "method": "OPTIONS",
  "path": "/api/v1/cart",
  "headers": {
    "Accept": "*/*",
    "Authorization": "",
    "Content-Type": ""
  },
  "status_code": 204,
  "duration": "0s",
  "duration_ms": 0,
  "client_ip": "::1",
  "user_agent": "Mozilla/5.0 (Windows NT 10.0; Win64; x64) AppleWebKit/537.36 (KHTML, like Gecko) Chrome/143.0.0.0 Safari/537.36"
}
========================================

{
  "timestamp": "2026-01-14 22:14:40",
  "method": "OPTIONS",
  "path": "/api/v1/wishlist",
  "headers": {
    "Accept": "*/*",
    "Authorization": "",
    "Content-Type": ""
  },
  "status_code": 204,
  "duration": "0s",
  "duration_ms": 0,
  "client_ip": "::1",
  "user_agent": "Mozilla/5.0 (Windows NT 10.0; Win64; x64) AppleWebKit/537.36 (KHTML, like Gecko) Chrome/143.0.0.0 Safari/537.36"
}
========================================

{
  "timestamp": "2026-01-14 22:14:40",
  "method": "GET",
  "path": "/api/v1/cart",
  "headers": {
    "Accept": "application/json, text/plain, */*",
    "Authorization": "Bearer ...DL7Y",
    "Content-Type": ""
  },
  "status_code": 200,
  "response_body": {
    "data": {
      "items": [],
      "total": 0
    },
    "message": "Cart retrieved successfully",
    "success": true
  },
  "duration": "4.2123ms",
  "duration_ms": 4,
  "client_ip": "::1",
  "user_agent": "Mozilla/5.0 (Windows NT 10.0; Win64; x64) AppleWebKit/537.36 (KHTML, like Gecko) Chrome/143.0.0.0 Safari/537.36",
  "user_id": 2,
  "user_email": "codingin19@gmail.com"
}
========================================

{
  "timestamp": "2026-01-14 22:14:40",
  "method": "GET",
  "path": "/api/v1/wishlist",
  "headers": {
    "Accept": "application/json, text/plain, */*",
    "Authorization": "Bearer ...DL7Y",
    "Content-Type": ""
  },
  "status_code": 200,
  "response_body": {
    "data": [
      {
        "created_at": "2026-01-14T22:13:48.734726+07:00",
        "id": 1,
        "product": {
          "category": {
            "created_at": "2026-01-08T21:55:42.326209+07:00",
            "description": "Python, PHP, and JS utility scripts",
            "icon": "terminal",
            "id": 4,
            "is_active": true,
            "name": "Scripts",
            "order": 4,
            "slug": "scripts",
            "updated_at": "2026-01-08T21:55:42.326209+07:00"
          },
          "category_id": 4,
          "created_at": "2026-01-13T02:20:25.212431+07:00",
          "created_by": 1,
          "description": "Python script to automate likes, follows, and comments. Includes safety limits to prevent account bans.",
          "downloads_count": 0,
          "features": "[\"Auto Like\", \"Auto Follow\", \"Targeting by Hashtag\"]",
          "id": 5,
          "is_active": true,
          "preview_images": "[\"https://images.unsplash.com/photo-1611162617474-5b21e879e113?auto=format\u0026fit=crop\u0026q=80\u0026w=1000\"]",
          "price": 150000,
          "rating_average": 0,
          "requirements": "[]",
          "slug": "instagram-automation-bot",
          "tech_stack": "[\"Python\", \"Selenium\"]",
          "title": "Instagram Automation Bot",
          "type": "scripts",
          "updated_at": "2026-01-13T02:20:25.212431+07:00",
          "views_count": 0
        },
        "product_id": 5,
        "user_id": 2
      }
    ],
    "message": "Wishlist retrieved successfully",
    "success": true
  },
  "duration": "6.7546ms",
  "duration_ms": 6,
  "client_ip": "::1",
  "user_agent": "Mozilla/5.0 (Windows NT 10.0; Win64; x64) AppleWebKit/537.36 (KHTML, like Gecko) Chrome/143.0.0.0 Safari/537.36",
  "user_id": 2,
  "user_email": "codingin19@gmail.com"
}
========================================

{
  "timestamp": "2026-01-14 22:14:40",
  "method": "GET",
  "path": "/api/v1/wishlist",
  "headers": {
    "Accept": "application/json, text/plain, */*",
    "Authorization": "Bearer ...DL7Y",
    "Content-Type": ""
  },
  "status_code": 200,
  "response_body": {
    "data": [
      {
        "created_at": "2026-01-14T22:13:48.734726+07:00",
        "id": 1,
        "product": {
          "category": {
            "created_at": "2026-01-08T21:55:42.326209+07:00",
            "description": "Python, PHP, and JS utility scripts",
            "icon": "terminal",
            "id": 4,
            "is_active": true,
            "name": "Scripts",
            "order": 4,
            "slug": "scripts",
            "updated_at": "2026-01-08T21:55:42.326209+07:00"
          },
          "category_id": 4,
          "created_at": "2026-01-13T02:20:25.212431+07:00",
          "created_by": 1,
          "description": "Python script to automate likes, follows, and comments. Includes safety limits to prevent account bans.",
          "downloads_count": 0,
          "features": "[\"Auto Like\", \"Auto Follow\", \"Targeting by Hashtag\"]",
          "id": 5,
          "is_active": true,
          "preview_images": "[\"https://images.unsplash.com/photo-1611162617474-5b21e879e113?auto=format\u0026fit=crop\u0026q=80\u0026w=1000\"]",
          "price": 150000,
          "rating_average": 0,
          "requirements": "[]",
          "slug": "instagram-automation-bot",
          "tech_stack": "[\"Python\", \"Selenium\"]",
          "title": "Instagram Automation Bot",
          "type": "scripts",
          "updated_at": "2026-01-13T02:20:25.212431+07:00",
          "views_count": 0
        },
        "product_id": 5,
        "user_id": 2
      }
    ],
    "message": "Wishlist retrieved successfully",
    "success": true
  },
  "duration": "1.4812ms",
  "duration_ms": 1,
  "client_ip": "::1",
  "user_agent": "Mozilla/5.0 (Windows NT 10.0; Win64; x64) AppleWebKit/537.36 (KHTML, like Gecko) Chrome/143.0.0.0 Safari/537.36",
  "user_id": 2,
  "user_email": "codingin19@gmail.com"
}
========================================

{
  "timestamp": "2026-01-14 22:14:47",
  "method": "OPTIONS",
  "path": "/api/v1/orders",
  "headers": {
    "Accept": "*/*",
    "Authorization": "",
    "Content-Type": ""
  },
  "status_code": 204,
  "duration": "0s",
  "duration_ms": 0,
  "client_ip": "::1",
  "user_agent": "Mozilla/5.0 (Windows NT 10.0; Win64; x64) AppleWebKit/537.36 (KHTML, like Gecko) Chrome/143.0.0.0 Safari/537.36"
}
========================================

{
  "timestamp": "2026-01-14 22:14:47",
  "method": "GET",
  "path": "/api/v1/orders",
  "headers": {
    "Accept": "application/json, text/plain, */*",
    "Authorization": "Bearer ...DL7Y",
    "Content-Type": ""
  },
  "status_code": 200,
  "response_body": {
    "data": {
      "limit": 10,
      "orders": [],
      "page": 1,
      "total": 0
    },
    "message": "Orders retrieved successfully",
    "success": true
  },
  "duration": "3.406ms",
  "duration_ms": 3,
  "client_ip": "::1",
  "user_agent": "Mozilla/5.0 (Windows NT 10.0; Win64; x64) AppleWebKit/537.36 (KHTML, like Gecko) Chrome/143.0.0.0 Safari/537.36",
  "user_id": 2,
  "user_email": "codingin19@gmail.com"
}
========================================

{
  "timestamp": "2026-01-14 22:14:49",
  "method": "OPTIONS",
  "path": "/api/v1/wishlist",
  "headers": {
    "Accept": "*/*",
    "Authorization": "",
    "Content-Type": ""
  },
  "status_code": 204,
  "duration": "0s",
  "duration_ms": 0,
  "client_ip": "::1",
  "user_agent": "Mozilla/5.0 (Windows NT 10.0; Win64; x64) AppleWebKit/537.36 (KHTML, like Gecko) Chrome/143.0.0.0 Safari/537.36"
}
========================================

{
  "timestamp": "2026-01-14 22:14:49",
  "method": "GET",
  "path": "/api/v1/wishlist",
  "headers": {
    "Accept": "application/json, text/plain, */*",
    "Authorization": "Bearer ...DL7Y",
    "Content-Type": ""
  },
  "status_code": 200,
  "response_body": {
    "data": [
      {
        "created_at": "2026-01-14T22:13:48.734726+07:00",
        "id": 1,
        "product": {
          "category": {
            "created_at": "2026-01-08T21:55:42.326209+07:00",
            "description": "Python, PHP, and JS utility scripts",
            "icon": "terminal",
            "id": 4,
            "is_active": true,
            "name": "Scripts",
            "order": 4,
            "slug": "scripts",
            "updated_at": "2026-01-08T21:55:42.326209+07:00"
          },
          "category_id": 4,
          "created_at": "2026-01-13T02:20:25.212431+07:00",
          "created_by": 1,
          "description": "Python script to automate likes, follows, and comments. Includes safety limits to prevent account bans.",
          "downloads_count": 0,
          "features": "[\"Auto Like\", \"Auto Follow\", \"Targeting by Hashtag\"]",
          "id": 5,
          "is_active": true,
          "preview_images": "[\"https://images.unsplash.com/photo-1611162617474-5b21e879e113?auto=format\u0026fit=crop\u0026q=80\u0026w=1000\"]",
          "price": 150000,
          "rating_average": 0,
          "requirements": "[]",
          "slug": "instagram-automation-bot",
          "tech_stack": "[\"Python\", \"Selenium\"]",
          "title": "Instagram Automation Bot",
          "type": "scripts",
          "updated_at": "2026-01-13T02:20:25.212431+07:00",
          "views_count": 0
        },
        "product_id": 5,
        "user_id": 2
      }
    ],
    "message": "Wishlist retrieved successfully",
    "success": true
  },
  "duration": "2.6459ms",
  "duration_ms": 2,
  "client_ip": "::1",
  "user_agent": "Mozilla/5.0 (Windows NT 10.0; Win64; x64) AppleWebKit/537.36 (KHTML, like Gecko) Chrome/143.0.0.0 Safari/537.36",
  "user_id": 2,
  "user_email": "codingin19@gmail.com"
}
========================================

{
  "timestamp": "2026-01-14 22:19:33",
  "method": "OPTIONS",
  "path": "/api/v1/cart",
  "headers": {
    "Accept": "*/*",
    "Authorization": "",
    "Content-Type": ""
  },
  "status_code": 204,
  "duration": "0s",
  "duration_ms": 0,
  "client_ip": "::1",
  "user_agent": "Mozilla/5.0 (Windows NT 10.0; Win64; x64) AppleWebKit/537.36 (KHTML, like Gecko) Chrome/143.0.0.0 Safari/537.36"
}
========================================

{
  "timestamp": "2026-01-14 22:19:33",
  "method": "GET",
  "path": "/api/v1/cart",
  "headers": {
    "Accept": "application/json, text/plain, */*",
    "Authorization": "Bearer ...DL7Y",
    "Content-Type": ""
  },
  "status_code": 200,
  "response_body": {
    "data": {
      "items": [],
      "total": 0
    },
    "message": "Cart retrieved successfully",
    "success": true
  },
  "duration": "1.968ms",
  "duration_ms": 1,
  "client_ip": "::1",
  "user_agent": "Mozilla/5.0 (Windows NT 10.0; Win64; x64) AppleWebKit/537.36 (KHTML, like Gecko) Chrome/143.0.0.0 Safari/537.36",
  "user_id": 2,
  "user_email": "codingin19@gmail.com"
}
========================================

{
  "timestamp": "2026-01-14 22:24:32",
  "method": "GET",
  "path": "/api/v1/auth/google",
  "headers": {
    "Accept": "text/html,application/xhtml+xml,application/xml;q=0.9,image/avif,image/webp,image/apng,*/*;q=0.8",
    "Authorization": "",
    "Content-Type": ""
  },
  "status_code": 307,
  "response_body": "\u003ca href=\"https://accounts.google.com/o/oauth2/auth?client_id=212161497936-oh0hsngh0pgt1fch5i1mv52k44s7dk4r.apps.googleusercontent.com\u0026amp;redirect_uri=http%3A%2F%2Flocalhost%3A8080%2Fapi%2Fv1%2Fauth%2Fgoogle%2Fcallback\u0026amp;response_type=code\u0026amp;scope=https%3A%2F%2Fwww.googleapis.com%2Fauth%2Fuserinfo.email+https%3A%2F%2Fwww.googleapis.com%2Fauth%2Fuserinfo.profile+openid\u0026amp;state=state\"\u003eTemporary Redirect\u003c/a\u003e.\n\n",
  "duration": "504.1µs",
  "duration_ms": 0,
  "client_ip": "::1",
  "user_agent": "Mozilla/5.0 (Windows NT 10.0; Win64; x64) AppleWebKit/537.36 (KHTML, like Gecko) Chrome/143.0.0.0 Safari/537.36"
}
========================================

{
  "timestamp": "2026-01-14 22:24:35",
  "method": "GET",
  "path": "/api/v1/auth/google/callback",
  "query": {
    "authuser": "0",
    "code": "4/0ASc3gC0JmEmVOYHh3hMUX0P6TMhsJjOqu-eVX6SmHFt5hy0BmFIkQtsPMho7_zLKhsnh8g",
    "prompt": "none",
    "scope": "email profile https://www.googleapis.com/auth/userinfo.email openid https://www.googleapis.com/auth/userinfo.profile",
    "state": "state"
  },
  "headers": {
    "Accept": "text/html,application/xhtml+xml,application/xml;q=0.9,image/avif,image/webp,image/apng,*/*;q=0.8",
    "Authorization": "",
    "Content-Type": ""
  },
  "status_code": 307,
  "response_body": "\u003ca href=\"http://localhost:3000/auth/callback?token=eyJhbGciOiJIUzI1NiIsInR5cCI6IkpXVCJ9.eyJ1c2VyX2lkIjoyLCJlbWFpbCI6ImNvZGluZ2luMTlAZ21haWwuY29tIiwicm9sZSI6InVzZXIiLCJleHAiOjE3Njg0OTA2NzUsImlhdCI6MTc2ODQwNDI3NX0.DHbhBOyLK8m055AhV4Mhm64lluVvLlcN56zam_z5RFg\u0026amp;user=%7B%22id%22%3A2%2C%22name%22%3A%22coding+in%22%2C%22email%22%3A%22codingin19%40gmail.com%22%2C%22role%22%3A%22user%22%2C%22provider%22%3A%22google%22%2C%22avatar_url%22%3A%22https%3A%2F%2Flh3.googleusercontent.com%2Fa%2FACg8ocJxZirfxeCVacBi-NrJkkGMo-bp3RAN0QRF5GomV6LOhcMbDw%3Ds96-c%22%2C%22is_verified%22%3Atrue%2C%22created_at%22%3A%222025-12-21T11%3A58%3A26.203877%2B07%3A00%22%7D\"\u003eTemporary Redirect\u003c/a\u003e.\n\n",
  "duration": "302.5191ms",
  "duration_ms": 302,
  "client_ip": "::1",
  "user_agent": "Mozilla/5.0 (Windows NT 10.0; Win64; x64) AppleWebKit/537.36 (KHTML, like Gecko) Chrome/143.0.0.0 Safari/537.36"
}
========================================

{
  "timestamp": "2026-01-14 22:24:45",
  "method": "OPTIONS",
  "path": "/api/v1/cart",
  "headers": {
    "Accept": "*/*",
    "Authorization": "",
    "Content-Type": ""
  },
  "status_code": 204,
  "duration": "0s",
  "duration_ms": 0,
  "client_ip": "::1",
  "user_agent": "Mozilla/5.0 (Windows NT 10.0; Win64; x64) AppleWebKit/537.36 (KHTML, like Gecko) Chrome/143.0.0.0 Safari/537.36"
}
========================================

{
  "timestamp": "2026-01-14 22:24:45",
  "method": "OPTIONS",
  "path": "/api/v1/wishlist",
  "headers": {
    "Accept": "*/*",
    "Authorization": "",
    "Content-Type": ""
  },
  "status_code": 204,
  "duration": "0s",
  "duration_ms": 0,
  "client_ip": "::1",
  "user_agent": "Mozilla/5.0 (Windows NT 10.0; Win64; x64) AppleWebKit/537.36 (KHTML, like Gecko) Chrome/143.0.0.0 Safari/537.36"
}
========================================

{
  "timestamp": "2026-01-14 22:24:45",
  "method": "GET",
  "path": "/api/v1/cart",
  "headers": {
    "Accept": "application/json, text/plain, */*",
    "Authorization": "Bearer ...5RFg",
    "Content-Type": ""
  },
  "status_code": 200,
  "response_body": {
    "data": {
      "items": [],
      "total": 0
    },
    "message": "Cart retrieved successfully",
    "success": true
  },
  "duration": "2.1996ms",
  "duration_ms": 2,
  "client_ip": "::1",
  "user_agent": "Mozilla/5.0 (Windows NT 10.0; Win64; x64) AppleWebKit/537.36 (KHTML, like Gecko) Chrome/143.0.0.0 Safari/537.36",
  "user_id": 2,
  "user_email": "codingin19@gmail.com"
}
========================================

{
  "timestamp": "2026-01-14 22:24:45",
  "method": "GET",
  "path": "/api/v1/wishlist",
  "headers": {
    "Accept": "application/json, text/plain, */*",
    "Authorization": "Bearer ...5RFg",
    "Content-Type": ""
  },
  "status_code": 200,
  "response_body": {
    "data": [
      {
        "created_at": "2026-01-14T22:13:48.734726+07:00",
        "id": 1,
        "product": {
          "category": {
            "created_at": "2026-01-08T21:55:42.326209+07:00",
            "description": "Python, PHP, and JS utility scripts",
            "icon": "terminal",
            "id": 4,
            "is_active": true,
            "name": "Scripts",
            "order": 4,
            "slug": "scripts",
            "updated_at": "2026-01-08T21:55:42.326209+07:00"
          },
          "category_id": 4,
          "created_at": "2026-01-13T02:20:25.212431+07:00",
          "created_by": 1,
          "description": "Python script to automate likes, follows, and comments. Includes safety limits to prevent account bans.",
          "downloads_count": 0,
          "features": "[\"Auto Like\", \"Auto Follow\", \"Targeting by Hashtag\"]",
          "id": 5,
          "is_active": true,
          "preview_images": "[\"https://images.unsplash.com/photo-1611162617474-5b21e879e113?auto=format\u0026fit=crop\u0026q=80\u0026w=1000\"]",
          "price": 150000,
          "rating_average": 0,
          "requirements": "[]",
          "slug": "instagram-automation-bot",
          "tech_stack": "[\"Python\", \"Selenium\"]",
          "title": "Instagram Automation Bot",
          "type": "scripts",
          "updated_at": "2026-01-13T02:20:25.212431+07:00",
          "views_count": 0
        },
        "product_id": 5,
        "user_id": 2
      }
    ],
    "message": "Wishlist retrieved successfully",
    "success": true
  },
  "duration": "4.7249ms",
  "duration_ms": 4,
  "client_ip": "::1",
  "user_agent": "Mozilla/5.0 (Windows NT 10.0; Win64; x64) AppleWebKit/537.36 (KHTML, like Gecko) Chrome/143.0.0.0 Safari/537.36",
  "user_id": 2,
  "user_email": "codingin19@gmail.com"
}
========================================

{
  "timestamp": "2026-01-14 22:24:45",
  "method": "OPTIONS",
  "path": "/api/v1/products",
  "query": {
    "limit": "6"
  },
  "headers": {
    "Accept": "*/*",
    "Authorization": "",
    "Content-Type": ""
  },
  "status_code": 204,
  "duration": "0s",
  "duration_ms": 0,
  "client_ip": "::1",
  "user_agent": "Mozilla/5.0 (Windows NT 10.0; Win64; x64) AppleWebKit/537.36 (KHTML, like Gecko) Chrome/143.0.0.0 Safari/537.36"
}
========================================

{
  "timestamp": "2026-01-14 22:24:45",
  "method": "GET",
  "path": "/api/v1/products",
  "query": {
    "limit": "6"
  },
  "headers": {
    "Accept": "application/json, text/plain, */*",
    "Authorization": "Bearer ...5RFg",
    "Content-Type": ""
  },
  "status_code": 200,
  "response_body": {
    "data": {
      "limit": 6,
      "page": 1,
      "products": [
        {
          "category": {
            "created_at": "2026-01-08T21:55:42.326209+07:00",
            "description": "Python, PHP, and JS utility scripts",
            "icon": "terminal",
            "id": 4,
            "is_active": true,
            "name": "Scripts",
            "order": 4,
            "slug": "scripts",
            "updated_at": "2026-01-08T21:55:42.326209+07:00"
          },
          "category_id": 4,
          "created_at": "2026-01-13T02:20:25.212431+07:00",
          "created_by": 1,
          "description": "Python script to automate likes, follows, and comments. Includes safety limits to prevent account bans.",
          "downloads_count": 0,
          "features": "[\"Auto Like\", \"Auto Follow\", \"Targeting by Hashtag\"]",
          "id": 5,
          "is_active": true,
          "preview_images": "[\"https://images.unsplash.com/photo-1611162617474-5b21e879e113?auto=format\u0026fit=crop\u0026q=80\u0026w=1000\"]",
          "price": 150000,
          "rating_average": 0,
          "requirements": "[]",
          "slug": "instagram-automation-bot",
          "tech_stack": "[\"Python\", \"Selenium\"]",
          "title": "Instagram Automation Bot",
          "type": "scripts",
          "updated_at": "2026-01-13T02:20:25.212431+07:00",
          "views_count": 0
        },
        {
          "category": {
            "created_at": "2026-01-08T21:55:42.322557+07:00",
            "description": "UI kits and website templates",
            "icon": "layout",
            "id": 2,
            "is_active": true,
            "name": "Templates",
            "order": 2,
            "slug": "templates",
            "updated_at": "2026-01-08T21:55:42.322557+07:00"
          },
          "category_id": 2,
          "created_at": "2026-01-13T02:20:25.211149+07:00",
          "created_by": 1,
          "description": "Clean, responsive, and customizable admin dashboard template built with Vue 3 and Tailwind CSS.",
          "downloads_count": 0,
          "features": "[\"Dark Mode Support\", \"Responsive Layout\", \"Chart.js Integration\", \"Form Components\"]",
          "id": 4,
          "is_active": true,
          "preview_images": "[\"https://images.unsplash.com/photo-1551288049-bebda4e38f71?auto=format\u0026fit=crop\u0026q=80\u0026w=1000\"]",
          "price": 250000,
          "rating_average": 0,
          "requirements": "[]",
          "slug": "modern-admin-dashboard",
          "tech_stack": "[\"Vue 3\", \"Tailwind CSS\", \"Vite\"]",
          "title": "Modern Admin Dashboard UI",
          "type": "template",
          "updated_at": "2026-01-13T02:20:25.211149+07:00",
          "views_count": 0
        },
        {
          "category": {
            "created_at": "2026-01-08T21:55:42.325061+07:00",
            "description": "Flutter, React Native, and native apps",
            "icon": "smartphone",
            "id": 3,
            "is_active": true,
            "name": "Mobile Apps",
            "order": 3,
            "slug": "mobile-apps",
            "updated_at": "2026-01-08T21:55:42.325061+07:00"
          },
          "category_id": 3,
          "created_at": "2026-01-13T02:20:25.210572+07:00",
          "created_by": 1,
          "description": "Uber Eats clone made with Flutter. Beautiful animations, real-time tracking, and vendor dashboard included. Works on both iOS and Android.",
          "downloads_count": 0,
          "features": "[\"Real-time Tracking\", \"Push Notifications\", \"Vendor App\", \"Dark Mode\"]",
          "id": 3,
          "is_active": true,
          "preview_images": "[\"https://images.unsplash.com/photo-1512941937669-90a1b58e7e9c?auto=format\u0026fit=crop\u0026q=80\u0026w=1000\"]",
          "price": 500000,
          "rating_average": 0,
          "requirements": "[]",
          "slug": "flutter-delivery-app",
          "tech_stack": "[\"Flutter\", \"Firebase\", \"Google Maps API\"]",
          "title": "Flutter Delivery App",
          "type": "mobile_apps",
          "updated_at": "2026-01-13T02:20:25.210572+07:00",
          "views_count": 0
        },
        {
          "category": {
            "created_at": "2026-01-08T21:55:42.314623+07:00",
            "description": "Full application source codes",
            "icon": "code",
            "id": 1,
            "is_active": true,
            "name": "Source Code",
            "order": 1,
            "slug": "source-code",
            "updated_at": "2026-01-08T21:55:42.314623+07:00"
          },
          "category_id": 1,
          "created_at": "2026-01-13T02:20:25.20936+07:00",
          "created_by": 1,
          "description": "Launch your SaaS in days with this comprehensive Next.js boilerplate. Includes Stripe integration, Authentication, Database setup with Prisma, and tailwind UI components.",
          "downloads_count": 0,
          "features": "[\"Authentication\", \"Subscription Payments\", \"Admin Dashboard\", \"SEO Optimized\"]",
          "id": 2,
          "is_active": true,
          "preview_images": "[\"https://images.unsplash.com/photo-1618477247222-ac591245363d?auto=format\u0026fit=crop\u0026q=80\u0026w=1000\"]",
          "price": 750000,
          "rating_average": 0,
          "requirements": "[]",
          "slug": "nextjs-saas-boilerplate",
          "tech_stack": "[\"Next.js\", \"TypeScript\", \"Tailwind CSS\", \"Prisma\", \"Stripe\"]",
          "title": "NextJS SaaS Boilerplate",
          "type": "source_code",
          "updated_at": "2026-01-13T02:20:25.20936+07:00",
          "views_count": 0
        },
        {
          "category": {
            "created_at": "2026-01-08T21:55:42.314623+07:00",
            "description": "Full application source codes",
            "icon": "code",
            "id": 1,
            "is_active": true,
            "name": "Source Code",
            "order": 1,
            "slug": "source-code",
            "updated_at": "2026-01-08T21:55:42.314623+07:00"
          },
          "category_id": 1,
          "created_at": "2026-01-13T02:20:25.197105+07:00",
          "created_by": 1,
          "description": "A complete microservices-based e-commerce backend written in Go (Golang). Includes services for products, orders, users, and payments. Features gRPC communication, Kafka event bus, and Docker compose setup.",
          "downloads_count": 0,
          "features": "[\"Microservices Architecture\", \"gRPC Communication\", \"Event-Driven\", \"Scalable\"]",
          "id": 1,
          "is_active": true,
          "preview_images": "[\"https://images.unsplash.com/photo-1555949963-aa79dcee981c?auto=format\u0026fit=crop\u0026q=80\u0026w=1000\", \"https://images.unsplash.com/photo-1555066931-4365d14bab8c?auto=format\u0026fit=crop\u0026q=80\u0026w=1000\"]",
          "price": 1500000,
          "rating_average": 0,
          "requirements": "[]",
          "slug": "ecommerce-microservices-go",
          "tech_stack": "[\"Golang\", \"gRPC\", \"Kafka\", \"PostgreSQL\", \"Docker\"]",
          "title": "E-Commerce Microservices Go",
          "type": "source_code",
          "updated_at": "2026-01-13T02:20:25.197105+07:00",
          "views_count": 0
        }
      ],
      "total": 5
    },
    "message": "Products retrieved successfully",
    "success": true
  },
  "duration": "2.1807ms",
  "duration_ms": 2,
  "client_ip": "::1",
  "user_agent": "Mozilla/5.0 (Windows NT 10.0; Win64; x64) AppleWebKit/537.36 (KHTML, like Gecko) Chrome/143.0.0.0 Safari/537.36"
}
========================================

{
  "timestamp": "2026-01-14 22:27:30",
  "method": "OPTIONS",
  "path": "/api/v1/products",
  "query": {
    "limit": "6"
  },
  "headers": {
    "Accept": "*/*",
    "Authorization": "",
    "Content-Type": ""
  },
  "status_code": 204,
  "duration": "0s",
  "duration_ms": 0,
  "client_ip": "::1",
  "user_agent": "Mozilla/5.0 (Windows NT 10.0; Win64; x64) AppleWebKit/537.36 (KHTML, like Gecko) Chrome/143.0.0.0 Safari/537.36"
}
========================================

{
  "timestamp": "2026-01-14 22:27:30",
  "method": "OPTIONS",
  "path": "/api/v1/cart",
  "headers": {
    "Accept": "*/*",
    "Authorization": "",
    "Content-Type": ""
  },
  "status_code": 204,
  "duration": "0s",
  "duration_ms": 0,
  "client_ip": "::1",
  "user_agent": "Mozilla/5.0 (Windows NT 10.0; Win64; x64) AppleWebKit/537.36 (KHTML, like Gecko) Chrome/143.0.0.0 Safari/537.36"
}
========================================

{
  "timestamp": "2026-01-14 22:27:30",
  "method": "GET",
  "path": "/api/v1/products",
  "query": {
    "limit": "6"
  },
  "headers": {
    "Accept": "application/json, text/plain, */*",
    "Authorization": "Bearer ...5RFg",
    "Content-Type": ""
  },
  "status_code": 200,
  "response_body": {
    "data": {
      "limit": 6,
      "page": 1,
      "products": [
        {
          "category": {
            "created_at": "2026-01-08T21:55:42.326209+07:00",
            "description": "Python, PHP, and JS utility scripts",
            "icon": "terminal",
            "id": 4,
            "is_active": true,
            "name": "Scripts",
            "order": 4,
            "slug": "scripts",
            "updated_at": "2026-01-08T21:55:42.326209+07:00"
          },
          "category_id": 4,
          "created_at": "2026-01-13T02:20:25.212431+07:00",
          "created_by": 1,
          "description": "Python script to automate likes, follows, and comments. Includes safety limits to prevent account bans.",
          "downloads_count": 0,
          "features": "[\"Auto Like\", \"Auto Follow\", \"Targeting by Hashtag\"]",
          "id": 5,
          "is_active": true,
          "preview_images": "[\"https://images.unsplash.com/photo-1611162617474-5b21e879e113?auto=format\u0026fit=crop\u0026q=80\u0026w=1000\"]",
          "price": 150000,
          "rating_average": 0,
          "requirements": "[]",
          "slug": "instagram-automation-bot",
          "tech_stack": "[\"Python\", \"Selenium\"]",
          "title": "Instagram Automation Bot",
          "type": "scripts",
          "updated_at": "2026-01-13T02:20:25.212431+07:00",
          "views_count": 0
        },
        {
          "category": {
            "created_at": "2026-01-08T21:55:42.322557+07:00",
            "description": "UI kits and website templates",
            "icon": "layout",
            "id": 2,
            "is_active": true,
            "name": "Templates",
            "order": 2,
            "slug": "templates",
            "updated_at": "2026-01-08T21:55:42.322557+07:00"
          },
          "category_id": 2,
          "created_at": "2026-01-13T02:20:25.211149+07:00",
          "created_by": 1,
          "description": "Clean, responsive, and customizable admin dashboard template built with Vue 3 and Tailwind CSS.",
          "downloads_count": 0,
          "features": "[\"Dark Mode Support\", \"Responsive Layout\", \"Chart.js Integration\", \"Form Components\"]",
          "id": 4,
          "is_active": true,
          "preview_images": "[\"https://images.unsplash.com/photo-1551288049-bebda4e38f71?auto=format\u0026fit=crop\u0026q=80\u0026w=1000\"]",
          "price": 250000,
          "rating_average": 0,
          "requirements": "[]",
          "slug": "modern-admin-dashboard",
          "tech_stack": "[\"Vue 3\", \"Tailwind CSS\", \"Vite\"]",
          "title": "Modern Admin Dashboard UI",
          "type": "template",
          "updated_at": "2026-01-13T02:20:25.211149+07:00",
          "views_count": 0
        },
        {
          "category": {
            "created_at": "2026-01-08T21:55:42.325061+07:00",
            "description": "Flutter, React Native, and native apps",
            "icon": "smartphone",
            "id": 3,
            "is_active": true,
            "name": "Mobile Apps",
            "order": 3,
            "slug": "mobile-apps",
            "updated_at": "2026-01-08T21:55:42.325061+07:00"
          },
          "category_id": 3,
          "created_at": "2026-01-13T02:20:25.210572+07:00",
          "created_by": 1,
          "description": "Uber Eats clone made with Flutter. Beautiful animations, real-time tracking, and vendor dashboard included. Works on both iOS and Android.",
          "downloads_count": 0,
          "features": "[\"Real-time Tracking\", \"Push Notifications\", \"Vendor App\", \"Dark Mode\"]",
          "id": 3,
          "is_active": true,
          "preview_images": "[\"https://images.unsplash.com/photo-1512941937669-90a1b58e7e9c?auto=format\u0026fit=crop\u0026q=80\u0026w=1000\"]",
          "price": 500000,
          "rating_average": 0,
          "requirements": "[]",
          "slug": "flutter-delivery-app",
          "tech_stack": "[\"Flutter\", \"Firebase\", \"Google Maps API\"]",
          "title": "Flutter Delivery App",
          "type": "mobile_apps",
          "updated_at": "2026-01-13T02:20:25.210572+07:00",
          "views_count": 0
        },
        {
          "category": {
            "created_at": "2026-01-08T21:55:42.314623+07:00",
            "description": "Full application source codes",
            "icon": "code",
            "id": 1,
            "is_active": true,
            "name": "Source Code",
            "order": 1,
            "slug": "source-code",
            "updated_at": "2026-01-08T21:55:42.314623+07:00"
          },
          "category_id": 1,
          "created_at": "2026-01-13T02:20:25.20936+07:00",
          "created_by": 1,
          "description": "Launch your SaaS in days with this comprehensive Next.js boilerplate. Includes Stripe integration, Authentication, Database setup with Prisma, and tailwind UI components.",
          "downloads_count": 0,
          "features": "[\"Authentication\", \"Subscription Payments\", \"Admin Dashboard\", \"SEO Optimized\"]",
          "id": 2,
          "is_active": true,
          "preview_images": "[\"https://images.unsplash.com/photo-1618477247222-ac591245363d?auto=format\u0026fit=crop\u0026q=80\u0026w=1000\"]",
          "price": 750000,
          "rating_average": 0,
          "requirements": "[]",
          "slug": "nextjs-saas-boilerplate",
          "tech_stack": "[\"Next.js\", \"TypeScript\", \"Tailwind CSS\", \"Prisma\", \"Stripe\"]",
          "title": "NextJS SaaS Boilerplate",
          "type": "source_code",
          "updated_at": "2026-01-13T02:20:25.20936+07:00",
          "views_count": 0
        },
        {
          "category": {
            "created_at": "2026-01-08T21:55:42.314623+07:00",
            "description": "Full application source codes",
            "icon": "code",
            "id": 1,
            "is_active": true,
            "name": "Source Code",
            "order": 1,
            "slug": "source-code",
            "updated_at": "2026-01-08T21:55:42.314623+07:00"
          },
          "category_id": 1,
          "created_at": "2026-01-13T02:20:25.197105+07:00",
          "created_by": 1,
          "description": "A complete microservices-based e-commerce backend written in Go (Golang). Includes services for products, orders, users, and payments. Features gRPC communication, Kafka event bus, and Docker compose setup.",
          "downloads_count": 0,
          "features": "[\"Microservices Architecture\", \"gRPC Communication\", \"Event-Driven\", \"Scalable\"]",
          "id": 1,
          "is_active": true,
          "preview_images": "[\"https://images.unsplash.com/photo-1555949963-aa79dcee981c?auto=format\u0026fit=crop\u0026q=80\u0026w=1000\", \"https://images.unsplash.com/photo-1555066931-4365d14bab8c?auto=format\u0026fit=crop\u0026q=80\u0026w=1000\"]",
          "price": 1500000,
          "rating_average": 0,
          "requirements": "[]",
          "slug": "ecommerce-microservices-go",
          "tech_stack": "[\"Golang\", \"gRPC\", \"Kafka\", \"PostgreSQL\", \"Docker\"]",
          "title": "E-Commerce Microservices Go",
          "type": "source_code",
          "updated_at": "2026-01-13T02:20:25.197105+07:00",
          "views_count": 0
        }
      ],
      "total": 5
    },
    "message": "Products retrieved successfully",
    "success": true
  },
  "duration": "2.6705ms",
  "duration_ms": 2,
  "client_ip": "::1",
  "user_agent": "Mozilla/5.0 (Windows NT 10.0; Win64; x64) AppleWebKit/537.36 (KHTML, like Gecko) Chrome/143.0.0.0 Safari/537.36"
}
========================================

{
  "timestamp": "2026-01-14 22:27:30",
  "method": "GET",
  "path": "/api/v1/cart",
  "headers": {
    "Accept": "application/json, text/plain, */*",
    "Authorization": "Bearer ...5RFg",
    "Content-Type": ""
  },
  "status_code": 200,
  "response_body": {
    "data": {
      "items": [],
      "total": 0
    },
    "message": "Cart retrieved successfully",
    "success": true
  },
  "duration": "4.3379ms",
  "duration_ms": 4,
  "client_ip": "::1",
  "user_agent": "Mozilla/5.0 (Windows NT 10.0; Win64; x64) AppleWebKit/537.36 (KHTML, like Gecko) Chrome/143.0.0.0 Safari/537.36",
  "user_id": 2,
  "user_email": "codingin19@gmail.com"
}
========================================

{
  "timestamp": "2026-01-14 22:27:30",
  "method": "OPTIONS",
  "path": "/api/v1/wishlist",
  "headers": {
    "Accept": "*/*",
    "Authorization": "",
    "Content-Type": ""
  },
  "status_code": 204,
  "duration": "0s",
  "duration_ms": 0,
  "client_ip": "::1",
  "user_agent": "Mozilla/5.0 (Windows NT 10.0; Win64; x64) AppleWebKit/537.36 (KHTML, like Gecko) Chrome/143.0.0.0 Safari/537.36"
}
========================================

{
  "timestamp": "2026-01-14 22:27:30",
  "method": "GET",
  "path": "/api/v1/wishlist",
  "headers": {
    "Accept": "application/json, text/plain, */*",
    "Authorization": "Bearer ...5RFg",
    "Content-Type": ""
  },
  "status_code": 200,
  "response_body": {
    "data": [
      {
        "created_at": "2026-01-14T22:13:48.734726+07:00",
        "id": 1,
        "product": {
          "category": {
            "created_at": "2026-01-08T21:55:42.326209+07:00",
            "description": "Python, PHP, and JS utility scripts",
            "icon": "terminal",
            "id": 4,
            "is_active": true,
            "name": "Scripts",
            "order": 4,
            "slug": "scripts",
            "updated_at": "2026-01-08T21:55:42.326209+07:00"
          },
          "category_id": 4,
          "created_at": "2026-01-13T02:20:25.212431+07:00",
          "created_by": 1,
          "description": "Python script to automate likes, follows, and comments. Includes safety limits to prevent account bans.",
          "downloads_count": 0,
          "features": "[\"Auto Like\", \"Auto Follow\", \"Targeting by Hashtag\"]",
          "id": 5,
          "is_active": true,
          "preview_images": "[\"https://images.unsplash.com/photo-1611162617474-5b21e879e113?auto=format\u0026fit=crop\u0026q=80\u0026w=1000\"]",
          "price": 150000,
          "rating_average": 0,
          "requirements": "[]",
          "slug": "instagram-automation-bot",
          "tech_stack": "[\"Python\", \"Selenium\"]",
          "title": "Instagram Automation Bot",
          "type": "scripts",
          "updated_at": "2026-01-13T02:20:25.212431+07:00",
          "views_count": 0
        },
        "product_id": 5,
        "user_id": 2
      }
    ],
    "message": "Wishlist retrieved successfully",
    "success": true
  },
  "duration": "2.0871ms",
  "duration_ms": 2,
  "client_ip": "::1",
  "user_agent": "Mozilla/5.0 (Windows NT 10.0; Win64; x64) AppleWebKit/537.36 (KHTML, like Gecko) Chrome/143.0.0.0 Safari/537.36",
  "user_id": 2,
  "user_email": "codingin19@gmail.com"
}
========================================

{
  "timestamp": "2026-01-14 22:30:45",
  "method": "GET",
  "path": "/api/v1/auth/google",
  "headers": {
    "Accept": "text/html,application/xhtml+xml,application/xml;q=0.9,image/avif,image/webp,image/apng,*/*;q=0.8",
    "Authorization": "",
    "Content-Type": ""
  },
  "status_code": 307,
  "response_body": "\u003ca href=\"https://accounts.google.com/o/oauth2/auth?client_id=212161497936-oh0hsngh0pgt1fch5i1mv52k44s7dk4r.apps.googleusercontent.com\u0026amp;redirect_uri=http%3A%2F%2Flocalhost%3A8080%2Fapi%2Fv1%2Fauth%2Fgoogle%2Fcallback\u0026amp;response_type=code\u0026amp;scope=https%3A%2F%2Fwww.googleapis.com%2Fauth%2Fuserinfo.email+https%3A%2F%2Fwww.googleapis.com%2Fauth%2Fuserinfo.profile+openid\u0026amp;state=state\"\u003eTemporary Redirect\u003c/a\u003e.\n\n",
  "duration": "0s",
  "duration_ms": 0,
  "client_ip": "::1",
  "user_agent": "Mozilla/5.0 (Windows NT 10.0; Win64; x64) AppleWebKit/537.36 (KHTML, like Gecko) Chrome/143.0.0.0 Safari/537.36"
}
========================================

{
  "timestamp": "2026-01-14 22:30:47",
  "method": "GET",
  "path": "/api/v1/auth/google/callback",
  "query": {
    "authuser": "0",
    "code": "4/0ASc3gC2fhlJsPqTZtWVmrF8f-2Sny6UbZ3T2-9FHvluUbmdJymy4Z-RX_pG70l2q8Zxd6A",
    "prompt": "none",
    "scope": "email profile https://www.googleapis.com/auth/userinfo.email https://www.googleapis.com/auth/userinfo.profile openid",
    "state": "state"
  },
  "headers": {
    "Accept": "text/html,application/xhtml+xml,application/xml;q=0.9,image/avif,image/webp,image/apng,*/*;q=0.8",
    "Authorization": "",
    "Content-Type": ""
  },
  "status_code": 307,
  "response_body": "\u003ca href=\"http://localhost:3000/auth/callback?token=eyJhbGciOiJIUzI1NiIsInR5cCI6IkpXVCJ9.eyJ1c2VyX2lkIjoyLCJlbWFpbCI6ImNvZGluZ2luMTlAZ21haWwuY29tIiwicm9sZSI6InVzZXIiLCJleHAiOjE3Njg0OTEwNDcsImlhdCI6MTc2ODQwNDY0N30.T7PfOy4lq6qbDIbIiXlXu7Qdqn6HgsdNpdbLLTNV0rI\u0026amp;user=%7B%22id%22%3A2%2C%22name%22%3A%22coding+in%22%2C%22email%22%3A%22codingin19%40gmail.com%22%2C%22role%22%3A%22user%22%2C%22provider%22%3A%22google%22%2C%22avatar_url%22%3A%22https%3A%2F%2Flh3.googleusercontent.com%2Fa%2FACg8ocJxZirfxeCVacBi-NrJkkGMo-bp3RAN0QRF5GomV6LOhcMbDw%3Ds96-c%22%2C%22is_verified%22%3Atrue%2C%22created_at%22%3A%222025-12-21T11%3A58%3A26.203877%2B07%3A00%22%7D\"\u003eTemporary Redirect\u003c/a\u003e.\n\n",
  "duration": "322.8987ms",
  "duration_ms": 322,
  "client_ip": "::1",
  "user_agent": "Mozilla/5.0 (Windows NT 10.0; Win64; x64) AppleWebKit/537.36 (KHTML, like Gecko) Chrome/143.0.0.0 Safari/537.36"
}
========================================

{
  "timestamp": "2026-01-14 22:30:47",
  "method": "OPTIONS",
  "path": "/api/v1/cart",
  "headers": {
    "Accept": "*/*",
    "Authorization": "",
    "Content-Type": ""
  },
  "status_code": 204,
  "duration": "0s",
  "duration_ms": 0,
  "client_ip": "::1",
  "user_agent": "Mozilla/5.0 (Windows NT 10.0; Win64; x64) AppleWebKit/537.36 (KHTML, like Gecko) Chrome/143.0.0.0 Safari/537.36"
}
========================================

{
  "timestamp": "2026-01-14 22:30:47",
  "method": "GET",
  "path": "/api/v1/cart",
  "headers": {
    "Accept": "application/json, text/plain, */*",
    "Authorization": "Bearer ...V0rI",
    "Content-Type": ""
  },
  "status_code": 200,
  "response_body": {
    "data": {
      "items": [],
      "total": 0
    },
    "message": "Cart retrieved successfully",
    "success": true
  },
  "duration": "503.6µs",
  "duration_ms": 0,
  "client_ip": "::1",
  "user_agent": "Mozilla/5.0 (Windows NT 10.0; Win64; x64) AppleWebKit/537.36 (KHTML, like Gecko) Chrome/143.0.0.0 Safari/537.36",
  "user_id": 2,
  "user_email": "codingin19@gmail.com"
}
========================================

{
  "timestamp": "2026-01-14 22:30:47",
  "method": "OPTIONS",
  "path": "/api/v1/wishlist",
  "headers": {
    "Accept": "*/*",
    "Authorization": "",
    "Content-Type": ""
  },
  "status_code": 204,
  "duration": "0s",
  "duration_ms": 0,
  "client_ip": "::1",
  "user_agent": "Mozilla/5.0 (Windows NT 10.0; Win64; x64) AppleWebKit/537.36 (KHTML, like Gecko) Chrome/143.0.0.0 Safari/537.36"
}
========================================

{
  "timestamp": "2026-01-14 22:30:47",
  "method": "GET",
  "path": "/api/v1/wishlist",
  "headers": {
    "Accept": "application/json, text/plain, */*",
    "Authorization": "Bearer ...V0rI",
    "Content-Type": ""
  },
  "status_code": 200,
  "response_body": {
    "data": [
      {
        "created_at": "2026-01-14T22:13:48.734726+07:00",
        "id": 1,
        "product": {
          "category": {
            "created_at": "2026-01-08T21:55:42.326209+07:00",
            "description": "Python, PHP, and JS utility scripts",
            "icon": "terminal",
            "id": 4,
            "is_active": true,
            "name": "Scripts",
            "order": 4,
            "slug": "scripts",
            "updated_at": "2026-01-08T21:55:42.326209+07:00"
          },
          "category_id": 4,
          "created_at": "2026-01-13T02:20:25.212431+07:00",
          "created_by": 1,
          "description": "Python script to automate likes, follows, and comments. Includes safety limits to prevent account bans.",
          "downloads_count": 0,
          "features": "[\"Auto Like\", \"Auto Follow\", \"Targeting by Hashtag\"]",
          "id": 5,
          "is_active": true,
          "preview_images": "[\"https://images.unsplash.com/photo-1611162617474-5b21e879e113?auto=format\u0026fit=crop\u0026q=80\u0026w=1000\"]",
          "price": 150000,
          "rating_average": 0,
          "requirements": "[]",
          "slug": "instagram-automation-bot",
          "tech_stack": "[\"Python\", \"Selenium\"]",
          "title": "Instagram Automation Bot",
          "type": "scripts",
          "updated_at": "2026-01-13T02:20:25.212431+07:00",
          "views_count": 0
        },
        "product_id": 5,
        "user_id": 2
      }
    ],
    "message": "Wishlist retrieved successfully",
    "success": true
  },
  "duration": "1.2031ms",
  "duration_ms": 1,
  "client_ip": "::1",
  "user_agent": "Mozilla/5.0 (Windows NT 10.0; Win64; x64) AppleWebKit/537.36 (KHTML, like Gecko) Chrome/143.0.0.0 Safari/537.36",
  "user_id": 2,
  "user_email": "codingin19@gmail.com"
}
========================================

{
  "timestamp": "2026-01-14 22:31:02",
  "method": "OPTIONS",
  "path": "/api/v1/cart",
  "headers": {
    "Accept": "*/*",
    "Authorization": "",
    "Content-Type": ""
  },
  "status_code": 204,
  "duration": "0s",
  "duration_ms": 0,
  "client_ip": "::1",
  "user_agent": "Mozilla/5.0 (Windows NT 10.0; Win64; x64) AppleWebKit/537.36 (KHTML, like Gecko) Chrome/143.0.0.0 Safari/537.36"
}
========================================

{
  "timestamp": "2026-01-14 22:31:02",
  "method": "GET",
  "path": "/api/v1/cart",
  "headers": {
    "Accept": "application/json, text/plain, */*",
    "Authorization": "Bearer ...V0rI",
    "Content-Type": ""
  },
  "status_code": 200,
  "response_body": {
    "data": {
      "items": [],
      "total": 0
    },
    "message": "Cart retrieved successfully",
    "success": true
  },
  "duration": "1.9495ms",
  "duration_ms": 1,
  "client_ip": "::1",
  "user_agent": "Mozilla/5.0 (Windows NT 10.0; Win64; x64) AppleWebKit/537.36 (KHTML, like Gecko) Chrome/143.0.0.0 Safari/537.36",
  "user_id": 2,
  "user_email": "codingin19@gmail.com"
}
========================================

{
  "timestamp": "2026-01-14 22:31:02",
  "method": "OPTIONS",
  "path": "/api/v1/wishlist",
  "headers": {
    "Accept": "*/*",
    "Authorization": "",
    "Content-Type": ""
  },
  "status_code": 204,
  "duration": "0s",
  "duration_ms": 0,
  "client_ip": "::1",
  "user_agent": "Mozilla/5.0 (Windows NT 10.0; Win64; x64) AppleWebKit/537.36 (KHTML, like Gecko) Chrome/143.0.0.0 Safari/537.36"
}
========================================

{
  "timestamp": "2026-01-14 22:31:02",
  "method": "GET",
  "path": "/api/v1/wishlist",
  "headers": {
    "Accept": "application/json, text/plain, */*",
    "Authorization": "Bearer ...V0rI",
    "Content-Type": ""
  },
  "status_code": 200,
  "response_body": {
    "data": [
      {
        "created_at": "2026-01-14T22:13:48.734726+07:00",
        "id": 1,
        "product": {
          "category": {
            "created_at": "2026-01-08T21:55:42.326209+07:00",
            "description": "Python, PHP, and JS utility scripts",
            "icon": "terminal",
            "id": 4,
            "is_active": true,
            "name": "Scripts",
            "order": 4,
            "slug": "scripts",
            "updated_at": "2026-01-08T21:55:42.326209+07:00"
          },
          "category_id": 4,
          "created_at": "2026-01-13T02:20:25.212431+07:00",
          "created_by": 1,
          "description": "Python script to automate likes, follows, and comments. Includes safety limits to prevent account bans.",
          "downloads_count": 0,
          "features": "[\"Auto Like\", \"Auto Follow\", \"Targeting by Hashtag\"]",
          "id": 5,
          "is_active": true,
          "preview_images": "[\"https://images.unsplash.com/photo-1611162617474-5b21e879e113?auto=format\u0026fit=crop\u0026q=80\u0026w=1000\"]",
          "price": 150000,
          "rating_average": 0,
          "requirements": "[]",
          "slug": "instagram-automation-bot",
          "tech_stack": "[\"Python\", \"Selenium\"]",
          "title": "Instagram Automation Bot",
          "type": "scripts",
          "updated_at": "2026-01-13T02:20:25.212431+07:00",
          "views_count": 0
        },
        "product_id": 5,
        "user_id": 2
      }
    ],
    "message": "Wishlist retrieved successfully",
    "success": true
  },
  "duration": "1.5371ms",
  "duration_ms": 1,
  "client_ip": "::1",
  "user_agent": "Mozilla/5.0 (Windows NT 10.0; Win64; x64) AppleWebKit/537.36 (KHTML, like Gecko) Chrome/143.0.0.0 Safari/537.36",
  "user_id": 2,
  "user_email": "codingin19@gmail.com"
}
========================================

{
  "timestamp": "2026-01-14 22:31:02",
  "method": "OPTIONS",
  "path": "/api/v1/products",
  "query": {
    "limit": "6"
  },
  "headers": {
    "Accept": "*/*",
    "Authorization": "",
    "Content-Type": ""
  },
  "status_code": 204,
  "duration": "1.5043ms",
  "duration_ms": 1,
  "client_ip": "::1",
  "user_agent": "Mozilla/5.0 (Windows NT 10.0; Win64; x64) AppleWebKit/537.36 (KHTML, like Gecko) Chrome/143.0.0.0 Safari/537.36"
}
========================================

{
  "timestamp": "2026-01-14 22:31:02",
  "method": "GET",
  "path": "/api/v1/products",
  "query": {
    "limit": "6"
  },
  "headers": {
    "Accept": "application/json, text/plain, */*",
    "Authorization": "Bearer ...V0rI",
    "Content-Type": ""
  },
  "status_code": 200,
  "response_body": {
    "data": {
      "limit": 6,
      "page": 1,
      "products": [
        {
          "category": {
            "created_at": "2026-01-08T21:55:42.326209+07:00",
            "description": "Python, PHP, and JS utility scripts",
            "icon": "terminal",
            "id": 4,
            "is_active": true,
            "name": "Scripts",
            "order": 4,
            "slug": "scripts",
            "updated_at": "2026-01-08T21:55:42.326209+07:00"
          },
          "category_id": 4,
          "created_at": "2026-01-13T02:20:25.212431+07:00",
          "created_by": 1,
          "description": "Python script to automate likes, follows, and comments. Includes safety limits to prevent account bans.",
          "downloads_count": 0,
          "features": "[\"Auto Like\", \"Auto Follow\", \"Targeting by Hashtag\"]",
          "id": 5,
          "is_active": true,
          "preview_images": "[\"https://images.unsplash.com/photo-1611162617474-5b21e879e113?auto=format\u0026fit=crop\u0026q=80\u0026w=1000\"]",
          "price": 150000,
          "rating_average": 0,
          "requirements": "[]",
          "slug": "instagram-automation-bot",
          "tech_stack": "[\"Python\", \"Selenium\"]",
          "title": "Instagram Automation Bot",
          "type": "scripts",
          "updated_at": "2026-01-13T02:20:25.212431+07:00",
          "views_count": 0
        },
        {
          "category": {
            "created_at": "2026-01-08T21:55:42.322557+07:00",
            "description": "UI kits and website templates",
            "icon": "layout",
            "id": 2,
            "is_active": true,
            "name": "Templates",
            "order": 2,
            "slug": "templates",
            "updated_at": "2026-01-08T21:55:42.322557+07:00"
          },
          "category_id": 2,
          "created_at": "2026-01-13T02:20:25.211149+07:00",
          "created_by": 1,
          "description": "Clean, responsive, and customizable admin dashboard template built with Vue 3 and Tailwind CSS.",
          "downloads_count": 0,
          "features": "[\"Dark Mode Support\", \"Responsive Layout\", \"Chart.js Integration\", \"Form Components\"]",
          "id": 4,
          "is_active": true,
          "preview_images": "[\"https://images.unsplash.com/photo-1551288049-bebda4e38f71?auto=format\u0026fit=crop\u0026q=80\u0026w=1000\"]",
          "price": 250000,
          "rating_average": 0,
          "requirements": "[]",
          "slug": "modern-admin-dashboard",
          "tech_stack": "[\"Vue 3\", \"Tailwind CSS\", \"Vite\"]",
          "title": "Modern Admin Dashboard UI",
          "type": "template",
          "updated_at": "2026-01-13T02:20:25.211149+07:00",
          "views_count": 0
        },
        {
          "category": {
            "created_at": "2026-01-08T21:55:42.325061+07:00",
            "description": "Flutter, React Native, and native apps",
            "icon": "smartphone",
            "id": 3,
            "is_active": true,
            "name": "Mobile Apps",
            "order": 3,
            "slug": "mobile-apps",
            "updated_at": "2026-01-08T21:55:42.325061+07:00"
          },
          "category_id": 3,
          "created_at": "2026-01-13T02:20:25.210572+07:00",
          "created_by": 1,
          "description": "Uber Eats clone made with Flutter. Beautiful animations, real-time tracking, and vendor dashboard included. Works on both iOS and Android.",
          "downloads_count": 0,
          "features": "[\"Real-time Tracking\", \"Push Notifications\", \"Vendor App\", \"Dark Mode\"]",
          "id": 3,
          "is_active": true,
          "preview_images": "[\"https://images.unsplash.com/photo-1512941937669-90a1b58e7e9c?auto=format\u0026fit=crop\u0026q=80\u0026w=1000\"]",
          "price": 500000,
          "rating_average": 0,
          "requirements": "[]",
          "slug": "flutter-delivery-app",
          "tech_stack": "[\"Flutter\", \"Firebase\", \"Google Maps API\"]",
          "title": "Flutter Delivery App",
          "type": "mobile_apps",
          "updated_at": "2026-01-13T02:20:25.210572+07:00",
          "views_count": 0
        },
        {
          "category": {
            "created_at": "2026-01-08T21:55:42.314623+07:00",
            "description": "Full application source codes",
            "icon": "code",
            "id": 1,
            "is_active": true,
            "name": "Source Code",
            "order": 1,
            "slug": "source-code",
            "updated_at": "2026-01-08T21:55:42.314623+07:00"
          },
          "category_id": 1,
          "created_at": "2026-01-13T02:20:25.20936+07:00",
          "created_by": 1,
          "description": "Launch your SaaS in days with this comprehensive Next.js boilerplate. Includes Stripe integration, Authentication, Database setup with Prisma, and tailwind UI components.",
          "downloads_count": 0,
          "features": "[\"Authentication\", \"Subscription Payments\", \"Admin Dashboard\", \"SEO Optimized\"]",
          "id": 2,
          "is_active": true,
          "preview_images": "[\"https://images.unsplash.com/photo-1618477247222-ac591245363d?auto=format\u0026fit=crop\u0026q=80\u0026w=1000\"]",
          "price": 750000,
          "rating_average": 0,
          "requirements": "[]",
          "slug": "nextjs-saas-boilerplate",
          "tech_stack": "[\"Next.js\", \"TypeScript\", \"Tailwind CSS\", \"Prisma\", \"Stripe\"]",
          "title": "NextJS SaaS Boilerplate",
          "type": "source_code",
          "updated_at": "2026-01-13T02:20:25.20936+07:00",
          "views_count": 0
        },
        {
          "category": {
            "created_at": "2026-01-08T21:55:42.314623+07:00",
            "description": "Full application source codes",
            "icon": "code",
            "id": 1,
            "is_active": true,
            "name": "Source Code",
            "order": 1,
            "slug": "source-code",
            "updated_at": "2026-01-08T21:55:42.314623+07:00"
          },
          "category_id": 1,
          "created_at": "2026-01-13T02:20:25.197105+07:00",
          "created_by": 1,
          "description": "A complete microservices-based e-commerce backend written in Go (Golang). Includes services for products, orders, users, and payments. Features gRPC communication, Kafka event bus, and Docker compose setup.",
          "downloads_count": 0,
          "features": "[\"Microservices Architecture\", \"gRPC Communication\", \"Event-Driven\", \"Scalable\"]",
          "id": 1,
          "is_active": true,
          "preview_images": "[\"https://images.unsplash.com/photo-1555949963-aa79dcee981c?auto=format\u0026fit=crop\u0026q=80\u0026w=1000\", \"https://images.unsplash.com/photo-1555066931-4365d14bab8c?auto=format\u0026fit=crop\u0026q=80\u0026w=1000\"]",
          "price": 1500000,
          "rating_average": 0,
          "requirements": "[]",
          "slug": "ecommerce-microservices-go",
          "tech_stack": "[\"Golang\", \"gRPC\", \"Kafka\", \"PostgreSQL\", \"Docker\"]",
          "title": "E-Commerce Microservices Go",
          "type": "source_code",
          "updated_at": "2026-01-13T02:20:25.197105+07:00",
          "views_count": 0
        }
      ],
      "total": 5
    },
    "message": "Products retrieved successfully",
    "success": true
  },
  "duration": "2.3039ms",
  "duration_ms": 2,
  "client_ip": "::1",
  "user_agent": "Mozilla/5.0 (Windows NT 10.0; Win64; x64) AppleWebKit/537.36 (KHTML, like Gecko) Chrome/143.0.0.0 Safari/537.36"
}
========================================

{
  "timestamp": "2026-01-14 22:31:06",
  "method": "GET",
  "path": "/api/v1/auth/google",
  "headers": {
    "Accept": "text/html,application/xhtml+xml,application/xml;q=0.9,image/avif,image/webp,image/apng,*/*;q=0.8",
    "Authorization": "",
    "Content-Type": ""
  },
  "status_code": 307,
  "response_body": "\u003ca href=\"https://accounts.google.com/o/oauth2/auth?client_id=212161497936-oh0hsngh0pgt1fch5i1mv52k44s7dk4r.apps.googleusercontent.com\u0026amp;redirect_uri=http%3A%2F%2Flocalhost%3A8080%2Fapi%2Fv1%2Fauth%2Fgoogle%2Fcallback\u0026amp;response_type=code\u0026amp;scope=https%3A%2F%2Fwww.googleapis.com%2Fauth%2Fuserinfo.email+https%3A%2F%2Fwww.googleapis.com%2Fauth%2Fuserinfo.profile+openid\u0026amp;state=state\"\u003eTemporary Redirect\u003c/a\u003e.\n\n",
  "duration": "0s",
  "duration_ms": 0,
  "client_ip": "::1",
  "user_agent": "Mozilla/5.0 (Windows NT 10.0; Win64; x64) AppleWebKit/537.36 (KHTML, like Gecko) Chrome/143.0.0.0 Safari/537.36"
}
========================================

{
  "timestamp": "2026-01-14 22:31:09",
  "method": "GET",
  "path": "/api/v1/auth/google/callback",
  "query": {
    "authuser": "0",
    "code": "4/0ASc3gC3tm_gU-M88sobpmH_mWskKPWBLspXk0sCK5E9MFpsrrbdD-4vKt6V8E74HZZ_K4Q",
    "prompt": "none",
    "scope": "email profile https://www.googleapis.com/auth/userinfo.email openid https://www.googleapis.com/auth/userinfo.profile",
    "state": "state"
  },
  "headers": {
    "Accept": "text/html,application/xhtml+xml,application/xml;q=0.9,image/avif,image/webp,image/apng,*/*;q=0.8",
    "Authorization": "",
    "Content-Type": ""
  },
  "status_code": 307,
  "response_body": "\u003ca href=\"http://localhost:3000/auth/callback?token=eyJhbGciOiJIUzI1NiIsInR5cCI6IkpXVCJ9.eyJ1c2VyX2lkIjoyLCJlbWFpbCI6ImNvZGluZ2luMTlAZ21haWwuY29tIiwicm9sZSI6InVzZXIiLCJleHAiOjE3Njg0OTEwNjksImlhdCI6MTc2ODQwNDY2OX0.EMQtte8OFk7gM6U9s-NtLe0gjsGkG84Nt3EpzNi3fSY\u0026amp;user=%7B%22id%22%3A2%2C%22name%22%3A%22coding+in%22%2C%22email%22%3A%22codingin19%40gmail.com%22%2C%22role%22%3A%22user%22%2C%22provider%22%3A%22google%22%2C%22avatar_url%22%3A%22https%3A%2F%2Flh3.googleusercontent.com%2Fa%2FACg8ocJxZirfxeCVacBi-NrJkkGMo-bp3RAN0QRF5GomV6LOhcMbDw%3Ds96-c%22%2C%22is_verified%22%3Atrue%2C%22created_at%22%3A%222025-12-21T11%3A58%3A26.203877%2B07%3A00%22%7D\"\u003eTemporary Redirect\u003c/a\u003e.\n\n",
  "duration": "187.8377ms",
  "duration_ms": 187,
  "client_ip": "::1",
  "user_agent": "Mozilla/5.0 (Windows NT 10.0; Win64; x64) AppleWebKit/537.36 (KHTML, like Gecko) Chrome/143.0.0.0 Safari/537.36"
}
========================================

{
  "timestamp": "2026-01-14 22:31:09",
  "method": "OPTIONS",
  "path": "/api/v1/cart",
  "headers": {
    "Accept": "*/*",
    "Authorization": "",
    "Content-Type": ""
  },
  "status_code": 204,
  "duration": "0s",
  "duration_ms": 0,
  "client_ip": "::1",
  "user_agent": "Mozilla/5.0 (Windows NT 10.0; Win64; x64) AppleWebKit/537.36 (KHTML, like Gecko) Chrome/143.0.0.0 Safari/537.36"
}
========================================

{
  "timestamp": "2026-01-14 22:31:09",
  "method": "GET",
  "path": "/api/v1/cart",
  "headers": {
    "Accept": "application/json, text/plain, */*",
    "Authorization": "Bearer ...3fSY",
    "Content-Type": ""
  },
  "status_code": 200,
  "response_body": {
    "data": {
      "items": [],
      "total": 0
    },
    "message": "Cart retrieved successfully",
    "success": true
  },
  "duration": "503.1µs",
  "duration_ms": 0,
  "client_ip": "::1",
  "user_agent": "Mozilla/5.0 (Windows NT 10.0; Win64; x64) AppleWebKit/537.36 (KHTML, like Gecko) Chrome/143.0.0.0 Safari/537.36",
  "user_id": 2,
  "user_email": "codingin19@gmail.com"
}
========================================

{
  "timestamp": "2026-01-14 22:31:09",
  "method": "OPTIONS",
  "path": "/api/v1/wishlist",
  "headers": {
    "Accept": "*/*",
    "Authorization": "",
    "Content-Type": ""
  },
  "status_code": 204,
  "duration": "0s",
  "duration_ms": 0,
  "client_ip": "::1",
  "user_agent": "Mozilla/5.0 (Windows NT 10.0; Win64; x64) AppleWebKit/537.36 (KHTML, like Gecko) Chrome/143.0.0.0 Safari/537.36"
}
========================================

{
  "timestamp": "2026-01-14 22:31:09",
  "method": "GET",
  "path": "/api/v1/wishlist",
  "headers": {
    "Accept": "application/json, text/plain, */*",
    "Authorization": "Bearer ...3fSY",
    "Content-Type": ""
  },
  "status_code": 200,
  "response_body": {
    "data": [
      {
        "created_at": "2026-01-14T22:13:48.734726+07:00",
        "id": 1,
        "product": {
          "category": {
            "created_at": "2026-01-08T21:55:42.326209+07:00",
            "description": "Python, PHP, and JS utility scripts",
            "icon": "terminal",
            "id": 4,
            "is_active": true,
            "name": "Scripts",
            "order": 4,
            "slug": "scripts",
            "updated_at": "2026-01-08T21:55:42.326209+07:00"
          },
          "category_id": 4,
          "created_at": "2026-01-13T02:20:25.212431+07:00",
          "created_by": 1,
          "description": "Python script to automate likes, follows, and comments. Includes safety limits to prevent account bans.",
          "downloads_count": 0,
          "features": "[\"Auto Like\", \"Auto Follow\", \"Targeting by Hashtag\"]",
          "id": 5,
          "is_active": true,
          "preview_images": "[\"https://images.unsplash.com/photo-1611162617474-5b21e879e113?auto=format\u0026fit=crop\u0026q=80\u0026w=1000\"]",
          "price": 150000,
          "rating_average": 0,
          "requirements": "[]",
          "slug": "instagram-automation-bot",
          "tech_stack": "[\"Python\", \"Selenium\"]",
          "title": "Instagram Automation Bot",
          "type": "scripts",
          "updated_at": "2026-01-13T02:20:25.212431+07:00",
          "views_count": 0
        },
        "product_id": 5,
        "user_id": 2
      }
    ],
    "message": "Wishlist retrieved successfully",
    "success": true
  },
  "duration": "1.1229ms",
  "duration_ms": 1,
  "client_ip": "::1",
  "user_agent": "Mozilla/5.0 (Windows NT 10.0; Win64; x64) AppleWebKit/537.36 (KHTML, like Gecko) Chrome/143.0.0.0 Safari/537.36",
  "user_id": 2,
  "user_email": "codingin19@gmail.com"
}
========================================

{
  "timestamp": "2026-01-14 22:46:09",
  "method": "OPTIONS",
  "path": "/api/v1/cart",
  "headers": {
    "Accept": "*/*",
    "Authorization": "",
    "Content-Type": ""
  },
  "status_code": 204,
  "duration": "503.1µs",
  "duration_ms": 0,
  "client_ip": "::1",
  "user_agent": "Mozilla/5.0 (Windows NT 10.0; Win64; x64) AppleWebKit/537.36 (KHTML, like Gecko) Chrome/143.0.0.0 Safari/537.36"
}
========================================

{
  "timestamp": "2026-01-14 22:46:09",
  "method": "GET",
  "path": "/api/v1/cart",
  "headers": {
    "Accept": "application/json, text/plain, */*",
    "Authorization": "Bearer ...3fSY",
    "Content-Type": ""
  },
  "status_code": 200,
  "response_body": {
    "data": {
      "items": [],
      "total": 0
    },
    "message": "Cart retrieved successfully",
    "success": true
  },
  "duration": "2.0086ms",
  "duration_ms": 2,
  "client_ip": "::1",
  "user_agent": "Mozilla/5.0 (Windows NT 10.0; Win64; x64) AppleWebKit/537.36 (KHTML, like Gecko) Chrome/143.0.0.0 Safari/537.36",
  "user_id": 2,
  "user_email": "codingin19@gmail.com"
}
========================================

{
  "timestamp": "2026-01-14 22:46:09",
  "method": "OPTIONS",
  "path": "/api/v1/wishlist",
  "headers": {
    "Accept": "*/*",
    "Authorization": "",
    "Content-Type": ""
  },
  "status_code": 204,
  "duration": "503.8µs",
  "duration_ms": 0,
  "client_ip": "::1",
  "user_agent": "Mozilla/5.0 (Windows NT 10.0; Win64; x64) AppleWebKit/537.36 (KHTML, like Gecko) Chrome/143.0.0.0 Safari/537.36"
}
========================================

{
  "timestamp": "2026-01-14 22:46:09",
  "method": "GET",
  "path": "/api/v1/wishlist",
  "headers": {
    "Accept": "application/json, text/plain, */*",
    "Authorization": "Bearer ...3fSY",
    "Content-Type": ""
  },
  "status_code": 200,
  "response_body": {
    "data": [
      {
        "created_at": "2026-01-14T22:13:48.734726+07:00",
        "id": 1,
        "product": {
          "category": {
            "created_at": "2026-01-08T21:55:42.326209+07:00",
            "description": "Python, PHP, and JS utility scripts",
            "icon": "terminal",
            "id": 4,
            "is_active": true,
            "name": "Scripts",
            "order": 4,
            "slug": "scripts",
            "updated_at": "2026-01-08T21:55:42.326209+07:00"
          },
          "category_id": 4,
          "created_at": "2026-01-13T02:20:25.212431+07:00",
          "created_by": 1,
          "description": "Python script to automate likes, follows, and comments. Includes safety limits to prevent account bans.",
          "downloads_count": 0,
          "features": "[\"Auto Like\", \"Auto Follow\", \"Targeting by Hashtag\"]",
          "id": 5,
          "is_active": true,
          "preview_images": "[\"https://images.unsplash.com/photo-1611162617474-5b21e879e113?auto=format\u0026fit=crop\u0026q=80\u0026w=1000\"]",
          "price": 150000,
          "rating_average": 0,
          "requirements": "[]",
          "slug": "instagram-automation-bot",
          "tech_stack": "[\"Python\", \"Selenium\"]",
          "title": "Instagram Automation Bot",
          "type": "scripts",
          "updated_at": "2026-01-13T02:20:25.212431+07:00",
          "views_count": 0
        },
        "product_id": 5,
        "user_id": 2
      }
    ],
    "message": "Wishlist retrieved successfully",
    "success": true
  },
  "duration": "1.5807ms",
  "duration_ms": 1,
  "client_ip": "::1",
  "user_agent": "Mozilla/5.0 (Windows NT 10.0; Win64; x64) AppleWebKit/537.36 (KHTML, like Gecko) Chrome/143.0.0.0 Safari/537.36",
  "user_id": 2,
  "user_email": "codingin19@gmail.com"
}
========================================

{
  "timestamp": "2026-01-14 22:46:09",
  "method": "OPTIONS",
  "path": "/api/v1/products",
  "query": {
    "limit": "6"
  },
  "headers": {
    "Accept": "*/*",
    "Authorization": "",
    "Content-Type": ""
  },
  "status_code": 204,
  "duration": "0s",
  "duration_ms": 0,
  "client_ip": "::1",
  "user_agent": "Mozilla/5.0 (Windows NT 10.0; Win64; x64) AppleWebKit/537.36 (KHTML, like Gecko) Chrome/143.0.0.0 Safari/537.36"
}
========================================

{
  "timestamp": "2026-01-14 22:46:09",
  "method": "GET",
  "path": "/api/v1/products",
  "query": {
    "limit": "6"
  },
  "headers": {
    "Accept": "application/json, text/plain, */*",
    "Authorization": "Bearer ...3fSY",
    "Content-Type": ""
  },
  "status_code": 200,
  "response_body": {
    "data": {
      "limit": 6,
      "page": 1,
      "products": [
        {
          "category": {
            "created_at": "2026-01-08T21:55:42.326209+07:00",
            "description": "Python, PHP, and JS utility scripts",
            "icon": "terminal",
            "id": 4,
            "is_active": true,
            "name": "Scripts",
            "order": 4,
            "slug": "scripts",
            "updated_at": "2026-01-08T21:55:42.326209+07:00"
          },
          "category_id": 4,
          "created_at": "2026-01-13T02:20:25.212431+07:00",
          "created_by": 1,
          "description": "Python script to automate likes, follows, and comments. Includes safety limits to prevent account bans.",
          "downloads_count": 0,
          "features": "[\"Auto Like\", \"Auto Follow\", \"Targeting by Hashtag\"]",
          "id": 5,
          "is_active": true,
          "preview_images": "[\"https://images.unsplash.com/photo-1611162617474-5b21e879e113?auto=format\u0026fit=crop\u0026q=80\u0026w=1000\"]",
          "price": 150000,
          "rating_average": 0,
          "requirements": "[]",
          "slug": "instagram-automation-bot",
          "tech_stack": "[\"Python\", \"Selenium\"]",
          "title": "Instagram Automation Bot",
          "type": "scripts",
          "updated_at": "2026-01-13T02:20:25.212431+07:00",
          "views_count": 0
        },
        {
          "category": {
            "created_at": "2026-01-08T21:55:42.322557+07:00",
            "description": "UI kits and website templates",
            "icon": "layout",
            "id": 2,
            "is_active": true,
            "name": "Templates",
            "order": 2,
            "slug": "templates",
            "updated_at": "2026-01-08T21:55:42.322557+07:00"
          },
          "category_id": 2,
          "created_at": "2026-01-13T02:20:25.211149+07:00",
          "created_by": 1,
          "description": "Clean, responsive, and customizable admin dashboard template built with Vue 3 and Tailwind CSS.",
          "downloads_count": 0,
          "features": "[\"Dark Mode Support\", \"Responsive Layout\", \"Chart.js Integration\", \"Form Components\"]",
          "id": 4,
          "is_active": true,
          "preview_images": "[\"https://images.unsplash.com/photo-1551288049-bebda4e38f71?auto=format\u0026fit=crop\u0026q=80\u0026w=1000\"]",
          "price": 250000,
          "rating_average": 0,
          "requirements": "[]",
          "slug": "modern-admin-dashboard",
          "tech_stack": "[\"Vue 3\", \"Tailwind CSS\", \"Vite\"]",
          "title": "Modern Admin Dashboard UI",
          "type": "template",
          "updated_at": "2026-01-13T02:20:25.211149+07:00",
          "views_count": 0
        },
        {
          "category": {
            "created_at": "2026-01-08T21:55:42.325061+07:00",
            "description": "Flutter, React Native, and native apps",
            "icon": "smartphone",
            "id": 3,
            "is_active": true,
            "name": "Mobile Apps",
            "order": 3,
            "slug": "mobile-apps",
            "updated_at": "2026-01-08T21:55:42.325061+07:00"
          },
          "category_id": 3,
          "created_at": "2026-01-13T02:20:25.210572+07:00",
          "created_by": 1,
          "description": "Uber Eats clone made with Flutter. Beautiful animations, real-time tracking, and vendor dashboard included. Works on both iOS and Android.",
          "downloads_count": 0,
          "features": "[\"Real-time Tracking\", \"Push Notifications\", \"Vendor App\", \"Dark Mode\"]",
          "id": 3,
          "is_active": true,
          "preview_images": "[\"https://images.unsplash.com/photo-1512941937669-90a1b58e7e9c?auto=format\u0026fit=crop\u0026q=80\u0026w=1000\"]",
          "price": 500000,
          "rating_average": 0,
          "requirements": "[]",
          "slug": "flutter-delivery-app",
          "tech_stack": "[\"Flutter\", \"Firebase\", \"Google Maps API\"]",
          "title": "Flutter Delivery App",
          "type": "mobile_apps",
          "updated_at": "2026-01-13T02:20:25.210572+07:00",
          "views_count": 0
        },
        {
          "category": {
            "created_at": "2026-01-08T21:55:42.314623+07:00",
            "description": "Full application source codes",
            "icon": "code",
            "id": 1,
            "is_active": true,
            "name": "Source Code",
            "order": 1,
            "slug": "source-code",
            "updated_at": "2026-01-08T21:55:42.314623+07:00"
          },
          "category_id": 1,
          "created_at": "2026-01-13T02:20:25.20936+07:00",
          "created_by": 1,
          "description": "Launch your SaaS in days with this comprehensive Next.js boilerplate. Includes Stripe integration, Authentication, Database setup with Prisma, and tailwind UI components.",
          "downloads_count": 0,
          "features": "[\"Authentication\", \"Subscription Payments\", \"Admin Dashboard\", \"SEO Optimized\"]",
          "id": 2,
          "is_active": true,
          "preview_images": "[\"https://images.unsplash.com/photo-1618477247222-ac591245363d?auto=format\u0026fit=crop\u0026q=80\u0026w=1000\"]",
          "price": 750000,
          "rating_average": 0,
          "requirements": "[]",
          "slug": "nextjs-saas-boilerplate",
          "tech_stack": "[\"Next.js\", \"TypeScript\", \"Tailwind CSS\", \"Prisma\", \"Stripe\"]",
          "title": "NextJS SaaS Boilerplate",
          "type": "source_code",
          "updated_at": "2026-01-13T02:20:25.20936+07:00",
          "views_count": 0
        },
        {
          "category": {
            "created_at": "2026-01-08T21:55:42.314623+07:00",
            "description": "Full application source codes",
            "icon": "code",
            "id": 1,
            "is_active": true,
            "name": "Source Code",
            "order": 1,
            "slug": "source-code",
            "updated_at": "2026-01-08T21:55:42.314623+07:00"
          },
          "category_id": 1,
          "created_at": "2026-01-13T02:20:25.197105+07:00",
          "created_by": 1,
          "description": "A complete microservices-based e-commerce backend written in Go (Golang). Includes services for products, orders, users, and payments. Features gRPC communication, Kafka event bus, and Docker compose setup.",
          "downloads_count": 0,
          "features": "[\"Microservices Architecture\", \"gRPC Communication\", \"Event-Driven\", \"Scalable\"]",
          "id": 1,
          "is_active": true,
          "preview_images": "[\"https://images.unsplash.com/photo-1555949963-aa79dcee981c?auto=format\u0026fit=crop\u0026q=80\u0026w=1000\", \"https://images.unsplash.com/photo-1555066931-4365d14bab8c?auto=format\u0026fit=crop\u0026q=80\u0026w=1000\"]",
          "price": 1500000,
          "rating_average": 0,
          "requirements": "[]",
          "slug": "ecommerce-microservices-go",
          "tech_stack": "[\"Golang\", \"gRPC\", \"Kafka\", \"PostgreSQL\", \"Docker\"]",
          "title": "E-Commerce Microservices Go",
          "type": "source_code",
          "updated_at": "2026-01-13T02:20:25.197105+07:00",
          "views_count": 0
        }
      ],
      "total": 5
    },
    "message": "Products retrieved successfully",
    "success": true
  },
  "duration": "2.0852ms",
  "duration_ms": 2,
  "client_ip": "::1",
  "user_agent": "Mozilla/5.0 (Windows NT 10.0; Win64; x64) AppleWebKit/537.36 (KHTML, like Gecko) Chrome/143.0.0.0 Safari/537.36"
}
========================================

{
  "timestamp": "2026-01-14 22:46:14",
  "method": "GET",
  "path": "/api/v1/auth/google",
  "headers": {
    "Accept": "text/html,application/xhtml+xml,application/xml;q=0.9,image/avif,image/webp,image/apng,*/*;q=0.8",
    "Authorization": "",
    "Content-Type": ""
  },
  "status_code": 307,
  "response_body": "\u003ca href=\"https://accounts.google.com/o/oauth2/auth?client_id=212161497936-oh0hsngh0pgt1fch5i1mv52k44s7dk4r.apps.googleusercontent.com\u0026amp;redirect_uri=http%3A%2F%2Flocalhost%3A8080%2Fapi%2Fv1%2Fauth%2Fgoogle%2Fcallback\u0026amp;response_type=code\u0026amp;scope=https%3A%2F%2Fwww.googleapis.com%2Fauth%2Fuserinfo.email+https%3A%2F%2Fwww.googleapis.com%2Fauth%2Fuserinfo.profile+openid\u0026amp;state=state\"\u003eTemporary Redirect\u003c/a\u003e.\n\n",
  "duration": "0s",
  "duration_ms": 0,
  "client_ip": "::1",
  "user_agent": "Mozilla/5.0 (Windows NT 10.0; Win64; x64) AppleWebKit/537.36 (KHTML, like Gecko) Chrome/143.0.0.0 Safari/537.36"
}
========================================

{
  "timestamp": "2026-01-14 22:46:16",
  "method": "GET",
  "path": "/api/v1/auth/google/callback",
  "query": {
    "authuser": "0",
    "code": "4/0ASc3gC33W195BdH4uNPUQumm-dy_U_d-WK1Ar6enpBNN2EDUzzw8h3MGGv0Xp88BHYklVQ",
    "prompt": "none",
    "scope": "email profile https://www.googleapis.com/auth/userinfo.email https://www.googleapis.com/auth/userinfo.profile openid",
    "state": "state"
  },
  "headers": {
    "Accept": "text/html,application/xhtml+xml,application/xml;q=0.9,image/avif,image/webp,image/apng,*/*;q=0.8",
    "Authorization": "",
    "Content-Type": ""
  },
  "status_code": 307,
  "response_body": "\u003ca href=\"http://localhost:3000/auth/callback?token=eyJhbGciOiJIUzI1NiIsInR5cCI6IkpXVCJ9.eyJ1c2VyX2lkIjoyLCJlbWFpbCI6ImNvZGluZ2luMTlAZ21haWwuY29tIiwicm9sZSI6InVzZXIiLCJleHAiOjE3Njg0OTE5NzYsImlhdCI6MTc2ODQwNTU3Nn0.debOAicBu3pUEnFEQbcjW3w5jlmIE6_vK15uDPSfnP8\u0026amp;user=%7B%22id%22%3A2%2C%22name%22%3A%22coding+in%22%2C%22email%22%3A%22codingin19%40gmail.com%22%2C%22role%22%3A%22user%22%2C%22provider%22%3A%22google%22%2C%22avatar_url%22%3A%22https%3A%2F%2Flh3.googleusercontent.com%2Fa%2FACg8ocJxZirfxeCVacBi-NrJkkGMo-bp3RAN0QRF5GomV6LOhcMbDw%3Ds96-c%22%2C%22is_verified%22%3Atrue%2C%22created_at%22%3A%222025-12-21T11%3A58%3A26.203877%2B07%3A00%22%7D\"\u003eTemporary Redirect\u003c/a\u003e.\n\n",
  "duration": "250.6498ms",
  "duration_ms": 250,
  "client_ip": "::1",
  "user_agent": "Mozilla/5.0 (Windows NT 10.0; Win64; x64) AppleWebKit/537.36 (KHTML, like Gecko) Chrome/143.0.0.0 Safari/537.36"
}
========================================

{
  "timestamp": "2026-01-14 22:46:16",
  "method": "OPTIONS",
  "path": "/api/v1/cart",
  "headers": {
    "Accept": "*/*",
    "Authorization": "",
    "Content-Type": ""
  },
  "status_code": 204,
  "duration": "0s",
  "duration_ms": 0,
  "client_ip": "::1",
  "user_agent": "Mozilla/5.0 (Windows NT 10.0; Win64; x64) AppleWebKit/537.36 (KHTML, like Gecko) Chrome/143.0.0.0 Safari/537.36"
}
========================================

{
  "timestamp": "2026-01-14 22:46:16",
  "method": "GET",
  "path": "/api/v1/cart",
  "headers": {
    "Accept": "application/json, text/plain, */*",
    "Authorization": "Bearer ...fnP8",
    "Content-Type": ""
  },
  "status_code": 200,
  "response_body": {
    "data": {
      "items": [],
      "total": 0
    },
    "message": "Cart retrieved successfully",
    "success": true
  },
  "duration": "503.4µs",
  "duration_ms": 0,
  "client_ip": "::1",
  "user_agent": "Mozilla/5.0 (Windows NT 10.0; Win64; x64) AppleWebKit/537.36 (KHTML, like Gecko) Chrome/143.0.0.0 Safari/537.36",
  "user_id": 2,
  "user_email": "codingin19@gmail.com"
}
========================================

{
  "timestamp": "2026-01-14 22:46:16",
  "method": "OPTIONS",
  "path": "/api/v1/wishlist",
  "headers": {
    "Accept": "*/*",
    "Authorization": "",
    "Content-Type": ""
  },
  "status_code": 204,
  "duration": "0s",
  "duration_ms": 0,
  "client_ip": "::1",
  "user_agent": "Mozilla/5.0 (Windows NT 10.0; Win64; x64) AppleWebKit/537.36 (KHTML, like Gecko) Chrome/143.0.0.0 Safari/537.36"
}
========================================

{
  "timestamp": "2026-01-14 22:46:16",
  "method": "GET",
  "path": "/api/v1/wishlist",
  "headers": {
    "Accept": "application/json, text/plain, */*",
    "Authorization": "Bearer ...fnP8",
    "Content-Type": ""
  },
  "status_code": 200,
  "response_body": {
    "data": [
      {
        "created_at": "2026-01-14T22:13:48.734726+07:00",
        "id": 1,
        "product": {
          "category": {
            "created_at": "2026-01-08T21:55:42.326209+07:00",
            "description": "Python, PHP, and JS utility scripts",
            "icon": "terminal",
            "id": 4,
            "is_active": true,
            "name": "Scripts",
            "order": 4,
            "slug": "scripts",
            "updated_at": "2026-01-08T21:55:42.326209+07:00"
          },
          "category_id": 4,
          "created_at": "2026-01-13T02:20:25.212431+07:00",
          "created_by": 1,
          "description": "Python script to automate likes, follows, and comments. Includes safety limits to prevent account bans.",
          "downloads_count": 0,
          "features": "[\"Auto Like\", \"Auto Follow\", \"Targeting by Hashtag\"]",
          "id": 5,
          "is_active": true,
          "preview_images": "[\"https://images.unsplash.com/photo-1611162617474-5b21e879e113?auto=format\u0026fit=crop\u0026q=80\u0026w=1000\"]",
          "price": 150000,
          "rating_average": 0,
          "requirements": "[]",
          "slug": "instagram-automation-bot",
          "tech_stack": "[\"Python\", \"Selenium\"]",
          "title": "Instagram Automation Bot",
          "type": "scripts",
          "updated_at": "2026-01-13T02:20:25.212431+07:00",
          "views_count": 0
        },
        "product_id": 5,
        "user_id": 2
      }
    ],
    "message": "Wishlist retrieved successfully",
    "success": true
  },
  "duration": "1.0184ms",
  "duration_ms": 1,
  "client_ip": "::1",
  "user_agent": "Mozilla/5.0 (Windows NT 10.0; Win64; x64) AppleWebKit/537.36 (KHTML, like Gecko) Chrome/143.0.0.0 Safari/537.36",
  "user_id": 2,
  "user_email": "codingin19@gmail.com"
}
========================================

{
  "timestamp": "2026-01-14 22:46:27",
  "method": "OPTIONS",
  "path": "/api/v1/cart",
  "headers": {
    "Accept": "*/*",
    "Authorization": "",
    "Content-Type": ""
  },
  "status_code": 204,
  "duration": "0s",
  "duration_ms": 0,
  "client_ip": "::1",
  "user_agent": "Mozilla/5.0 (Windows NT 10.0; Win64; x64) AppleWebKit/537.36 (KHTML, like Gecko) Chrome/143.0.0.0 Safari/537.36"
}
========================================

{
  "timestamp": "2026-01-14 22:46:27",
  "method": "GET",
  "path": "/api/v1/cart",
  "headers": {
    "Accept": "application/json, text/plain, */*",
    "Authorization": "Bearer ...fnP8",
    "Content-Type": ""
  },
  "status_code": 200,
  "response_body": {
    "data": {
      "items": [],
      "total": 0
    },
    "message": "Cart retrieved successfully",
    "success": true
  },
  "duration": "1.703ms",
  "duration_ms": 1,
  "client_ip": "::1",
  "user_agent": "Mozilla/5.0 (Windows NT 10.0; Win64; x64) AppleWebKit/537.36 (KHTML, like Gecko) Chrome/143.0.0.0 Safari/537.36",
  "user_id": 2,
  "user_email": "codingin19@gmail.com"
}
========================================

{
  "timestamp": "2026-01-14 22:46:27",
  "method": "OPTIONS",
  "path": "/api/v1/wishlist",
  "headers": {
    "Accept": "*/*",
    "Authorization": "",
    "Content-Type": ""
  },
  "status_code": 204,
  "duration": "0s",
  "duration_ms": 0,
  "client_ip": "::1",
  "user_agent": "Mozilla/5.0 (Windows NT 10.0; Win64; x64) AppleWebKit/537.36 (KHTML, like Gecko) Chrome/143.0.0.0 Safari/537.36"
}
========================================

{
  "timestamp": "2026-01-14 22:46:27",
  "method": "GET",
  "path": "/api/v1/wishlist",
  "headers": {
    "Accept": "application/json, text/plain, */*",
    "Authorization": "Bearer ...fnP8",
    "Content-Type": ""
  },
  "status_code": 200,
  "response_body": {
    "data": [
      {
        "created_at": "2026-01-14T22:13:48.734726+07:00",
        "id": 1,
        "product": {
          "category": {
            "created_at": "2026-01-08T21:55:42.326209+07:00",
            "description": "Python, PHP, and JS utility scripts",
            "icon": "terminal",
            "id": 4,
            "is_active": true,
            "name": "Scripts",
            "order": 4,
            "slug": "scripts",
            "updated_at": "2026-01-08T21:55:42.326209+07:00"
          },
          "category_id": 4,
          "created_at": "2026-01-13T02:20:25.212431+07:00",
          "created_by": 1,
          "description": "Python script to automate likes, follows, and comments. Includes safety limits to prevent account bans.",
          "downloads_count": 0,
          "features": "[\"Auto Like\", \"Auto Follow\", \"Targeting by Hashtag\"]",
          "id": 5,
          "is_active": true,
          "preview_images": "[\"https://images.unsplash.com/photo-1611162617474-5b21e879e113?auto=format\u0026fit=crop\u0026q=80\u0026w=1000\"]",
          "price": 150000,
          "rating_average": 0,
          "requirements": "[]",
          "slug": "instagram-automation-bot",
          "tech_stack": "[\"Python\", \"Selenium\"]",
          "title": "Instagram Automation Bot",
          "type": "scripts",
          "updated_at": "2026-01-13T02:20:25.212431+07:00",
          "views_count": 0
        },
        "product_id": 5,
        "user_id": 2
      }
    ],
    "message": "Wishlist retrieved successfully",
    "success": true
  },
  "duration": "1.6146ms",
  "duration_ms": 1,
  "client_ip": "::1",
  "user_agent": "Mozilla/5.0 (Windows NT 10.0; Win64; x64) AppleWebKit/537.36 (KHTML, like Gecko) Chrome/143.0.0.0 Safari/537.36",
  "user_id": 2,
  "user_email": "codingin19@gmail.com"
}
========================================

{
  "timestamp": "2026-01-14 22:46:27",
  "method": "OPTIONS",
  "path": "/api/v1/products",
  "query": {
    "limit": "6"
  },
  "headers": {
    "Accept": "*/*",
    "Authorization": "",
    "Content-Type": ""
  },
  "status_code": 204,
  "duration": "0s",
  "duration_ms": 0,
  "client_ip": "::1",
  "user_agent": "Mozilla/5.0 (Windows NT 10.0; Win64; x64) AppleWebKit/537.36 (KHTML, like Gecko) Chrome/143.0.0.0 Safari/537.36"
}
========================================

{
  "timestamp": "2026-01-14 22:46:27",
  "method": "GET",
  "path": "/api/v1/products",
  "query": {
    "limit": "6"
  },
  "headers": {
    "Accept": "application/json, text/plain, */*",
    "Authorization": "Bearer ...fnP8",
    "Content-Type": ""
  },
  "status_code": 200,
  "response_body": {
    "data": {
      "limit": 6,
      "page": 1,
      "products": [
        {
          "category": {
            "created_at": "2026-01-08T21:55:42.326209+07:00",
            "description": "Python, PHP, and JS utility scripts",
            "icon": "terminal",
            "id": 4,
            "is_active": true,
            "name": "Scripts",
            "order": 4,
            "slug": "scripts",
            "updated_at": "2026-01-08T21:55:42.326209+07:00"
          },
          "category_id": 4,
          "created_at": "2026-01-13T02:20:25.212431+07:00",
          "created_by": 1,
          "description": "Python script to automate likes, follows, and comments. Includes safety limits to prevent account bans.",
          "downloads_count": 0,
          "features": "[\"Auto Like\", \"Auto Follow\", \"Targeting by Hashtag\"]",
          "id": 5,
          "is_active": true,
          "preview_images": "[\"https://images.unsplash.com/photo-1611162617474-5b21e879e113?auto=format\u0026fit=crop\u0026q=80\u0026w=1000\"]",
          "price": 150000,
          "rating_average": 0,
          "requirements": "[]",
          "slug": "instagram-automation-bot",
          "tech_stack": "[\"Python\", \"Selenium\"]",
          "title": "Instagram Automation Bot",
          "type": "scripts",
          "updated_at": "2026-01-13T02:20:25.212431+07:00",
          "views_count": 0
        },
        {
          "category": {
            "created_at": "2026-01-08T21:55:42.322557+07:00",
            "description": "UI kits and website templates",
            "icon": "layout",
            "id": 2,
            "is_active": true,
            "name": "Templates",
            "order": 2,
            "slug": "templates",
            "updated_at": "2026-01-08T21:55:42.322557+07:00"
          },
          "category_id": 2,
          "created_at": "2026-01-13T02:20:25.211149+07:00",
          "created_by": 1,
          "description": "Clean, responsive, and customizable admin dashboard template built with Vue 3 and Tailwind CSS.",
          "downloads_count": 0,
          "features": "[\"Dark Mode Support\", \"Responsive Layout\", \"Chart.js Integration\", \"Form Components\"]",
          "id": 4,
          "is_active": true,
          "preview_images": "[\"https://images.unsplash.com/photo-1551288049-bebda4e38f71?auto=format\u0026fit=crop\u0026q=80\u0026w=1000\"]",
          "price": 250000,
          "rating_average": 0,
          "requirements": "[]",
          "slug": "modern-admin-dashboard",
          "tech_stack": "[\"Vue 3\", \"Tailwind CSS\", \"Vite\"]",
          "title": "Modern Admin Dashboard UI",
          "type": "template",
          "updated_at": "2026-01-13T02:20:25.211149+07:00",
          "views_count": 0
        },
        {
          "category": {
            "created_at": "2026-01-08T21:55:42.325061+07:00",
            "description": "Flutter, React Native, and native apps",
            "icon": "smartphone",
            "id": 3,
            "is_active": true,
            "name": "Mobile Apps",
            "order": 3,
            "slug": "mobile-apps",
            "updated_at": "2026-01-08T21:55:42.325061+07:00"
          },
          "category_id": 3,
          "created_at": "2026-01-13T02:20:25.210572+07:00",
          "created_by": 1,
          "description": "Uber Eats clone made with Flutter. Beautiful animations, real-time tracking, and vendor dashboard included. Works on both iOS and Android.",
          "downloads_count": 0,
          "features": "[\"Real-time Tracking\", \"Push Notifications\", \"Vendor App\", \"Dark Mode\"]",
          "id": 3,
          "is_active": true,
          "preview_images": "[\"https://images.unsplash.com/photo-1512941937669-90a1b58e7e9c?auto=format\u0026fit=crop\u0026q=80\u0026w=1000\"]",
          "price": 500000,
          "rating_average": 0,
          "requirements": "[]",
          "slug": "flutter-delivery-app",
          "tech_stack": "[\"Flutter\", \"Firebase\", \"Google Maps API\"]",
          "title": "Flutter Delivery App",
          "type": "mobile_apps",
          "updated_at": "2026-01-13T02:20:25.210572+07:00",
          "views_count": 0
        },
        {
          "category": {
            "created_at": "2026-01-08T21:55:42.314623+07:00",
            "description": "Full application source codes",
            "icon": "code",
            "id": 1,
            "is_active": true,
            "name": "Source Code",
            "order": 1,
            "slug": "source-code",
            "updated_at": "2026-01-08T21:55:42.314623+07:00"
          },
          "category_id": 1,
          "created_at": "2026-01-13T02:20:25.20936+07:00",
          "created_by": 1,
          "description": "Launch your SaaS in days with this comprehensive Next.js boilerplate. Includes Stripe integration, Authentication, Database setup with Prisma, and tailwind UI components.",
          "downloads_count": 0,
          "features": "[\"Authentication\", \"Subscription Payments\", \"Admin Dashboard\", \"SEO Optimized\"]",
          "id": 2,
          "is_active": true,
          "preview_images": "[\"https://images.unsplash.com/photo-1618477247222-ac591245363d?auto=format\u0026fit=crop\u0026q=80\u0026w=1000\"]",
          "price": 750000,
          "rating_average": 0,
          "requirements": "[]",
          "slug": "nextjs-saas-boilerplate",
          "tech_stack": "[\"Next.js\", \"TypeScript\", \"Tailwind CSS\", \"Prisma\", \"Stripe\"]",
          "title": "NextJS SaaS Boilerplate",
          "type": "source_code",
          "updated_at": "2026-01-13T02:20:25.20936+07:00",
          "views_count": 0
        },
        {
          "category": {
            "created_at": "2026-01-08T21:55:42.314623+07:00",
            "description": "Full application source codes",
            "icon": "code",
            "id": 1,
            "is_active": true,
            "name": "Source Code",
            "order": 1,
            "slug": "source-code",
            "updated_at": "2026-01-08T21:55:42.314623+07:00"
          },
          "category_id": 1,
          "created_at": "2026-01-13T02:20:25.197105+07:00",
          "created_by": 1,
          "description": "A complete microservices-based e-commerce backend written in Go (Golang). Includes services for products, orders, users, and payments. Features gRPC communication, Kafka event bus, and Docker compose setup.",
          "downloads_count": 0,
          "features": "[\"Microservices Architecture\", \"gRPC Communication\", \"Event-Driven\", \"Scalable\"]",
          "id": 1,
          "is_active": true,
          "preview_images": "[\"https://images.unsplash.com/photo-1555949963-aa79dcee981c?auto=format\u0026fit=crop\u0026q=80\u0026w=1000\", \"https://images.unsplash.com/photo-1555066931-4365d14bab8c?auto=format\u0026fit=crop\u0026q=80\u0026w=1000\"]",
          "price": 1500000,
          "rating_average": 0,
          "requirements": "[]",
          "slug": "ecommerce-microservices-go",
          "tech_stack": "[\"Golang\", \"gRPC\", \"Kafka\", \"PostgreSQL\", \"Docker\"]",
          "title": "E-Commerce Microservices Go",
          "type": "source_code",
          "updated_at": "2026-01-13T02:20:25.197105+07:00",
          "views_count": 0
        }
      ],
      "total": 5
    },
    "message": "Products retrieved successfully",
    "success": true
  },
  "duration": "1.8249ms",
  "duration_ms": 1,
  "client_ip": "::1",
  "user_agent": "Mozilla/5.0 (Windows NT 10.0; Win64; x64) AppleWebKit/537.36 (KHTML, like Gecko) Chrome/143.0.0.0 Safari/537.36"
}
========================================

{
  "timestamp": "2026-01-14 22:46:52",
  "method": "GET",
  "path": "/api/v1/products",
  "query": {
    "limit": "6"
  },
  "headers": {
    "Accept": "application/json, text/plain, */*",
    "Authorization": "",
    "Content-Type": ""
  },
  "status_code": 200,
  "response_body": {
    "data": {
      "limit": 6,
      "page": 1,
      "products": [
        {
          "category": {
            "created_at": "2026-01-08T21:55:42.326209+07:00",
            "description": "Python, PHP, and JS utility scripts",
            "icon": "terminal",
            "id": 4,
            "is_active": true,
            "name": "Scripts",
            "order": 4,
            "slug": "scripts",
            "updated_at": "2026-01-08T21:55:42.326209+07:00"
          },
          "category_id": 4,
          "created_at": "2026-01-13T02:20:25.212431+07:00",
          "created_by": 1,
          "description": "Python script to automate likes, follows, and comments. Includes safety limits to prevent account bans.",
          "downloads_count": 0,
          "features": "[\"Auto Like\", \"Auto Follow\", \"Targeting by Hashtag\"]",
          "id": 5,
          "is_active": true,
          "preview_images": "[\"https://images.unsplash.com/photo-1611162617474-5b21e879e113?auto=format\u0026fit=crop\u0026q=80\u0026w=1000\"]",
          "price": 150000,
          "rating_average": 0,
          "requirements": "[]",
          "slug": "instagram-automation-bot",
          "tech_stack": "[\"Python\", \"Selenium\"]",
          "title": "Instagram Automation Bot",
          "type": "scripts",
          "updated_at": "2026-01-13T02:20:25.212431+07:00",
          "views_count": 0
        },
        {
          "category": {
            "created_at": "2026-01-08T21:55:42.322557+07:00",
            "description": "UI kits and website templates",
            "icon": "layout",
            "id": 2,
            "is_active": true,
            "name": "Templates",
            "order": 2,
            "slug": "templates",
            "updated_at": "2026-01-08T21:55:42.322557+07:00"
          },
          "category_id": 2,
          "created_at": "2026-01-13T02:20:25.211149+07:00",
          "created_by": 1,
          "description": "Clean, responsive, and customizable admin dashboard template built with Vue 3 and Tailwind CSS.",
          "downloads_count": 0,
          "features": "[\"Dark Mode Support\", \"Responsive Layout\", \"Chart.js Integration\", \"Form Components\"]",
          "id": 4,
          "is_active": true,
          "preview_images": "[\"https://images.unsplash.com/photo-1551288049-bebda4e38f71?auto=format\u0026fit=crop\u0026q=80\u0026w=1000\"]",
          "price": 250000,
          "rating_average": 0,
          "requirements": "[]",
          "slug": "modern-admin-dashboard",
          "tech_stack": "[\"Vue 3\", \"Tailwind CSS\", \"Vite\"]",
          "title": "Modern Admin Dashboard UI",
          "type": "template",
          "updated_at": "2026-01-13T02:20:25.211149+07:00",
          "views_count": 0
        },
        {
          "category": {
            "created_at": "2026-01-08T21:55:42.325061+07:00",
            "description": "Flutter, React Native, and native apps",
            "icon": "smartphone",
            "id": 3,
            "is_active": true,
            "name": "Mobile Apps",
            "order": 3,
            "slug": "mobile-apps",
            "updated_at": "2026-01-08T21:55:42.325061+07:00"
          },
          "category_id": 3,
          "created_at": "2026-01-13T02:20:25.210572+07:00",
          "created_by": 1,
          "description": "Uber Eats clone made with Flutter. Beautiful animations, real-time tracking, and vendor dashboard included. Works on both iOS and Android.",
          "downloads_count": 0,
          "features": "[\"Real-time Tracking\", \"Push Notifications\", \"Vendor App\", \"Dark Mode\"]",
          "id": 3,
          "is_active": true,
          "preview_images": "[\"https://images.unsplash.com/photo-1512941937669-90a1b58e7e9c?auto=format\u0026fit=crop\u0026q=80\u0026w=1000\"]",
          "price": 500000,
          "rating_average": 0,
          "requirements": "[]",
          "slug": "flutter-delivery-app",
          "tech_stack": "[\"Flutter\", \"Firebase\", \"Google Maps API\"]",
          "title": "Flutter Delivery App",
          "type": "mobile_apps",
          "updated_at": "2026-01-13T02:20:25.210572+07:00",
          "views_count": 0
        },
        {
          "category": {
            "created_at": "2026-01-08T21:55:42.314623+07:00",
            "description": "Full application source codes",
            "icon": "code",
            "id": 1,
            "is_active": true,
            "name": "Source Code",
            "order": 1,
            "slug": "source-code",
            "updated_at": "2026-01-08T21:55:42.314623+07:00"
          },
          "category_id": 1,
          "created_at": "2026-01-13T02:20:25.20936+07:00",
          "created_by": 1,
          "description": "Launch your SaaS in days with this comprehensive Next.js boilerplate. Includes Stripe integration, Authentication, Database setup with Prisma, and tailwind UI components.",
          "downloads_count": 0,
          "features": "[\"Authentication\", \"Subscription Payments\", \"Admin Dashboard\", \"SEO Optimized\"]",
          "id": 2,
          "is_active": true,
          "preview_images": "[\"https://images.unsplash.com/photo-1618477247222-ac591245363d?auto=format\u0026fit=crop\u0026q=80\u0026w=1000\"]",
          "price": 750000,
          "rating_average": 0,
          "requirements": "[]",
          "slug": "nextjs-saas-boilerplate",
          "tech_stack": "[\"Next.js\", \"TypeScript\", \"Tailwind CSS\", \"Prisma\", \"Stripe\"]",
          "title": "NextJS SaaS Boilerplate",
          "type": "source_code",
          "updated_at": "2026-01-13T02:20:25.20936+07:00",
          "views_count": 0
        },
        {
          "category": {
            "created_at": "2026-01-08T21:55:42.314623+07:00",
            "description": "Full application source codes",
            "icon": "code",
            "id": 1,
            "is_active": true,
            "name": "Source Code",
            "order": 1,
            "slug": "source-code",
            "updated_at": "2026-01-08T21:55:42.314623+07:00"
          },
          "category_id": 1,
          "created_at": "2026-01-13T02:20:25.197105+07:00",
          "created_by": 1,
          "description": "A complete microservices-based e-commerce backend written in Go (Golang). Includes services for products, orders, users, and payments. Features gRPC communication, Kafka event bus, and Docker compose setup.",
          "downloads_count": 0,
          "features": "[\"Microservices Architecture\", \"gRPC Communication\", \"Event-Driven\", \"Scalable\"]",
          "id": 1,
          "is_active": true,
          "preview_images": "[\"https://images.unsplash.com/photo-1555949963-aa79dcee981c?auto=format\u0026fit=crop\u0026q=80\u0026w=1000\", \"https://images.unsplash.com/photo-1555066931-4365d14bab8c?auto=format\u0026fit=crop\u0026q=80\u0026w=1000\"]",
          "price": 1500000,
          "rating_average": 0,
          "requirements": "[]",
          "slug": "ecommerce-microservices-go",
          "tech_stack": "[\"Golang\", \"gRPC\", \"Kafka\", \"PostgreSQL\", \"Docker\"]",
          "title": "E-Commerce Microservices Go",
          "type": "source_code",
          "updated_at": "2026-01-13T02:20:25.197105+07:00",
          "views_count": 0
        }
      ],
      "total": 5
    },
    "message": "Products retrieved successfully",
    "success": true
  },
  "duration": "4.1267ms",
  "duration_ms": 4,
  "client_ip": "::1",
  "user_agent": "Mozilla/5.0 (Windows NT 10.0; Win64; x64) AppleWebKit/537.36 (KHTML, like Gecko) Chrome/143.0.0.0 Safari/537.36"
}
========================================

{
  "timestamp": "2026-01-14 22:46:55",
  "method": "GET",
  "path": "/api/v1/auth/google",
  "headers": {
    "Accept": "text/html,application/xhtml+xml,application/xml;q=0.9,image/avif,image/webp,image/apng,*/*;q=0.8,application/signed-exchange;v=b3;q=0.7",
    "Authorization": "",
    "Content-Type": ""
  },
  "status_code": 307,
  "response_body": "\u003ca href=\"https://accounts.google.com/o/oauth2/auth?client_id=212161497936-oh0hsngh0pgt1fch5i1mv52k44s7dk4r.apps.googleusercontent.com\u0026amp;redirect_uri=http%3A%2F%2Flocalhost%3A8080%2Fapi%2Fv1%2Fauth%2Fgoogle%2Fcallback\u0026amp;response_type=code\u0026amp;scope=https%3A%2F%2Fwww.googleapis.com%2Fauth%2Fuserinfo.email+https%3A%2F%2Fwww.googleapis.com%2Fauth%2Fuserinfo.profile+openid\u0026amp;state=state\"\u003eTemporary Redirect\u003c/a\u003e.\n\n",
  "duration": "0s",
  "duration_ms": 0,
  "client_ip": "::1",
  "user_agent": "Mozilla/5.0 (Windows NT 10.0; Win64; x64) AppleWebKit/537.36 (KHTML, like Gecko) Chrome/143.0.0.0 Safari/537.36"
}
========================================

{
  "timestamp": "2026-01-14 22:47:00",
  "method": "GET",
  "path": "/api/v1/auth/google/callback",
  "query": {
    "authuser": "0",
    "code": "4/0ASc3gC2-C6EZzxjEXnMYM-1pB1sQxI-P6aArvIYuV5B1nVZKxuAlQRyhNwiPImndt3HQqw",
    "prompt": "consent",
    "scope": "email profile https://www.googleapis.com/auth/userinfo.profile https://www.googleapis.com/auth/userinfo.email openid",
    "state": "state"
  },
  "headers": {
    "Accept": "text/html,application/xhtml+xml,application/xml;q=0.9,image/avif,image/webp,image/apng,*/*;q=0.8,application/signed-exchange;v=b3;q=0.7",
    "Authorization": "",
    "Content-Type": ""
  },
  "status_code": 307,
  "response_body": "\u003ca href=\"http://localhost:3000/auth/callback?token=eyJhbGciOiJIUzI1NiIsInR5cCI6IkpXVCJ9.eyJ1c2VyX2lkIjo0LCJlbWFpbCI6ImFzdGlza3JpcHNpQGdtYWlsLmNvbSIsInJvbGUiOiJ1c2VyIiwiZXhwIjoxNzY4NDkyMDIwLCJpYXQiOjE3Njg0MDU2MjB9.1bhAleu4navJphymiEBlwmwIJ68fChC0OcSZLozpZS4\u0026amp;user=%7B%22id%22%3A4%2C%22name%22%3A%22asti+skripsi%22%2C%22email%22%3A%22astiskripsi%40gmail.com%22%2C%22role%22%3A%22user%22%2C%22provider%22%3A%22google%22%2C%22avatar_url%22%3A%22https%3A%2F%2Flh3.googleusercontent.com%2Fa%2FACg8ocLOHKNPjTpl7LKo4pjfvlfagYmFdwqHOWsaZpbVZeDuy9WkFA%3Ds96-c%22%2C%22is_verified%22%3Atrue%2C%22created_at%22%3A%222026-01-14T22%3A47%3A00.7292168%2B07%3A00%22%7D\"\u003eTemporary Redirect\u003c/a\u003e.\n\n",
  "duration": "237.3315ms",
  "duration_ms": 237,
  "client_ip": "::1",
  "user_agent": "Mozilla/5.0 (Windows NT 10.0; Win64; x64) AppleWebKit/537.36 (KHTML, like Gecko) Chrome/143.0.0.0 Safari/537.36"
}
========================================

{
  "timestamp": "2026-01-14 22:47:00",
  "method": "OPTIONS",
  "path": "/api/v1/cart",
  "headers": {
    "Accept": "*/*",
    "Authorization": "",
    "Content-Type": ""
  },
  "status_code": 204,
  "duration": "583.6µs",
  "duration_ms": 0,
  "client_ip": "::1",
  "user_agent": "Mozilla/5.0 (Windows NT 10.0; Win64; x64) AppleWebKit/537.36 (KHTML, like Gecko) Chrome/143.0.0.0 Safari/537.36"
}
========================================

{
  "timestamp": "2026-01-14 22:47:00",
  "method": "GET",
  "path": "/api/v1/cart",
  "headers": {
    "Accept": "application/json, text/plain, */*",
    "Authorization": "Bearer ...pZS4",
    "Content-Type": ""
  },
  "status_code": 200,
  "response_body": {
    "data": {
      "items": [],
      "total": 0
    },
    "message": "Cart retrieved successfully",
    "success": true
  },
  "duration": "502.5µs",
  "duration_ms": 0,
  "client_ip": "::1",
  "user_agent": "Mozilla/5.0 (Windows NT 10.0; Win64; x64) AppleWebKit/537.36 (KHTML, like Gecko) Chrome/143.0.0.0 Safari/537.36",
  "user_id": 4,
  "user_email": "astiskripsi@gmail.com"
}
========================================

{
  "timestamp": "2026-01-14 22:47:00",
  "method": "OPTIONS",
  "path": "/api/v1/wishlist",
  "headers": {
    "Accept": "*/*",
    "Authorization": "",
    "Content-Type": ""
  },
  "status_code": 204,
  "duration": "0s",
  "duration_ms": 0,
  "client_ip": "::1",
  "user_agent": "Mozilla/5.0 (Windows NT 10.0; Win64; x64) AppleWebKit/537.36 (KHTML, like Gecko) Chrome/143.0.0.0 Safari/537.36"
}
========================================

{
  "timestamp": "2026-01-14 22:47:00",
  "method": "GET",
  "path": "/api/v1/wishlist",
  "headers": {
    "Accept": "application/json, text/plain, */*",
    "Authorization": "Bearer ...pZS4",
    "Content-Type": ""
  },
  "status_code": 200,
  "response_body": {
    "data": [],
    "message": "Wishlist retrieved successfully",
    "success": true
  },
  "duration": "503.6µs",
  "duration_ms": 0,
  "client_ip": "::1",
  "user_agent": "Mozilla/5.0 (Windows NT 10.0; Win64; x64) AppleWebKit/537.36 (KHTML, like Gecko) Chrome/143.0.0.0 Safari/537.36",
  "user_id": 4,
  "user_email": "astiskripsi@gmail.com"
}
========================================

{
  "timestamp": "2026-01-14 22:47:05",
  "method": "GET",
  "path": "/api/v1/cart",
  "headers": {
    "Accept": "application/json, text/plain, */*",
    "Authorization": "Bearer ...pZS4",
    "Content-Type": ""
  },
  "status_code": 200,
  "response_body": {
    "data": {
      "items": [],
      "total": 0
    },
    "message": "Cart retrieved successfully",
    "success": true
  },
  "duration": "2.0462ms",
  "duration_ms": 2,
  "client_ip": "::1",
  "user_agent": "Mozilla/5.0 (Windows NT 10.0; Win64; x64) AppleWebKit/537.36 (KHTML, like Gecko) Chrome/143.0.0.0 Safari/537.36",
  "user_id": 4,
  "user_email": "astiskripsi@gmail.com"
}
========================================

{
  "timestamp": "2026-01-14 22:47:05",
  "method": "GET",
  "path": "/api/v1/wishlist",
  "headers": {
    "Accept": "application/json, text/plain, */*",
    "Authorization": "Bearer ...pZS4",
    "Content-Type": ""
  },
  "status_code": 200,
  "response_body": {
    "data": [],
    "message": "Wishlist retrieved successfully",
    "success": true
  },
  "duration": "674.5µs",
  "duration_ms": 0,
  "client_ip": "::1",
  "user_agent": "Mozilla/5.0 (Windows NT 10.0; Win64; x64) AppleWebKit/537.36 (KHTML, like Gecko) Chrome/143.0.0.0 Safari/537.36",
  "user_id": 4,
  "user_email": "astiskripsi@gmail.com"
}
========================================

{
  "timestamp": "2026-01-14 22:47:05",
  "method": "OPTIONS",
  "path": "/api/v1/products",
  "query": {
    "limit": "6"
  },
  "headers": {
    "Accept": "*/*",
    "Authorization": "",
    "Content-Type": ""
  },
  "status_code": 204,
  "duration": "0s",
  "duration_ms": 0,
  "client_ip": "::1",
  "user_agent": "Mozilla/5.0 (Windows NT 10.0; Win64; x64) AppleWebKit/537.36 (KHTML, like Gecko) Chrome/143.0.0.0 Safari/537.36"
}
========================================

{
  "timestamp": "2026-01-14 22:47:05",
  "method": "GET",
  "path": "/api/v1/products",
  "query": {
    "limit": "6"
  },
  "headers": {
    "Accept": "application/json, text/plain, */*",
    "Authorization": "Bearer ...pZS4",
    "Content-Type": ""
  },
  "status_code": 200,
  "response_body": {
    "data": {
      "limit": 6,
      "page": 1,
      "products": [
        {
          "category": {
            "created_at": "2026-01-08T21:55:42.326209+07:00",
            "description": "Python, PHP, and JS utility scripts",
            "icon": "terminal",
            "id": 4,
            "is_active": true,
            "name": "Scripts",
            "order": 4,
            "slug": "scripts",
            "updated_at": "2026-01-08T21:55:42.326209+07:00"
          },
          "category_id": 4,
          "created_at": "2026-01-13T02:20:25.212431+07:00",
          "created_by": 1,
          "description": "Python script to automate likes, follows, and comments. Includes safety limits to prevent account bans.",
          "downloads_count": 0,
          "features": "[\"Auto Like\", \"Auto Follow\", \"Targeting by Hashtag\"]",
          "id": 5,
          "is_active": true,
          "preview_images": "[\"https://images.unsplash.com/photo-1611162617474-5b21e879e113?auto=format\u0026fit=crop\u0026q=80\u0026w=1000\"]",
          "price": 150000,
          "rating_average": 0,
          "requirements": "[]",
          "slug": "instagram-automation-bot",
          "tech_stack": "[\"Python\", \"Selenium\"]",
          "title": "Instagram Automation Bot",
          "type": "scripts",
          "updated_at": "2026-01-13T02:20:25.212431+07:00",
          "views_count": 0
        },
        {
          "category": {
            "created_at": "2026-01-08T21:55:42.322557+07:00",
            "description": "UI kits and website templates",
            "icon": "layout",
            "id": 2,
            "is_active": true,
            "name": "Templates",
            "order": 2,
            "slug": "templates",
            "updated_at": "2026-01-08T21:55:42.322557+07:00"
          },
          "category_id": 2,
          "created_at": "2026-01-13T02:20:25.211149+07:00",
          "created_by": 1,
          "description": "Clean, responsive, and customizable admin dashboard template built with Vue 3 and Tailwind CSS.",
          "downloads_count": 0,
          "features": "[\"Dark Mode Support\", \"Responsive Layout\", \"Chart.js Integration\", \"Form Components\"]",
          "id": 4,
          "is_active": true,
          "preview_images": "[\"https://images.unsplash.com/photo-1551288049-bebda4e38f71?auto=format\u0026fit=crop\u0026q=80\u0026w=1000\"]",
          "price": 250000,
          "rating_average": 0,
          "requirements": "[]",
          "slug": "modern-admin-dashboard",
          "tech_stack": "[\"Vue 3\", \"Tailwind CSS\", \"Vite\"]",
          "title": "Modern Admin Dashboard UI",
          "type": "template",
          "updated_at": "2026-01-13T02:20:25.211149+07:00",
          "views_count": 0
        },
        {
          "category": {
            "created_at": "2026-01-08T21:55:42.325061+07:00",
            "description": "Flutter, React Native, and native apps",
            "icon": "smartphone",
            "id": 3,
            "is_active": true,
            "name": "Mobile Apps",
            "order": 3,
            "slug": "mobile-apps",
            "updated_at": "2026-01-08T21:55:42.325061+07:00"
          },
          "category_id": 3,
          "created_at": "2026-01-13T02:20:25.210572+07:00",
          "created_by": 1,
          "description": "Uber Eats clone made with Flutter. Beautiful animations, real-time tracking, and vendor dashboard included. Works on both iOS and Android.",
          "downloads_count": 0,
          "features": "[\"Real-time Tracking\", \"Push Notifications\", \"Vendor App\", \"Dark Mode\"]",
          "id": 3,
          "is_active": true,
          "preview_images": "[\"https://images.unsplash.com/photo-1512941937669-90a1b58e7e9c?auto=format\u0026fit=crop\u0026q=80\u0026w=1000\"]",
          "price": 500000,
          "rating_average": 0,
          "requirements": "[]",
          "slug": "flutter-delivery-app",
          "tech_stack": "[\"Flutter\", \"Firebase\", \"Google Maps API\"]",
          "title": "Flutter Delivery App",
          "type": "mobile_apps",
          "updated_at": "2026-01-13T02:20:25.210572+07:00",
          "views_count": 0
        },
        {
          "category": {
            "created_at": "2026-01-08T21:55:42.314623+07:00",
            "description": "Full application source codes",
            "icon": "code",
            "id": 1,
            "is_active": true,
            "name": "Source Code",
            "order": 1,
            "slug": "source-code",
            "updated_at": "2026-01-08T21:55:42.314623+07:00"
          },
          "category_id": 1,
          "created_at": "2026-01-13T02:20:25.20936+07:00",
          "created_by": 1,
          "description": "Launch your SaaS in days with this comprehensive Next.js boilerplate. Includes Stripe integration, Authentication, Database setup with Prisma, and tailwind UI components.",
          "downloads_count": 0,
          "features": "[\"Authentication\", \"Subscription Payments\", \"Admin Dashboard\", \"SEO Optimized\"]",
          "id": 2,
          "is_active": true,
          "preview_images": "[\"https://images.unsplash.com/photo-1618477247222-ac591245363d?auto=format\u0026fit=crop\u0026q=80\u0026w=1000\"]",
          "price": 750000,
          "rating_average": 0,
          "requirements": "[]",
          "slug": "nextjs-saas-boilerplate",
          "tech_stack": "[\"Next.js\", \"TypeScript\", \"Tailwind CSS\", \"Prisma\", \"Stripe\"]",
          "title": "NextJS SaaS Boilerplate",
          "type": "source_code",
          "updated_at": "2026-01-13T02:20:25.20936+07:00",
          "views_count": 0
        },
        {
          "category": {
            "created_at": "2026-01-08T21:55:42.314623+07:00",
            "description": "Full application source codes",
            "icon": "code",
            "id": 1,
            "is_active": true,
            "name": "Source Code",
            "order": 1,
            "slug": "source-code",
            "updated_at": "2026-01-08T21:55:42.314623+07:00"
          },
          "category_id": 1,
          "created_at": "2026-01-13T02:20:25.197105+07:00",
          "created_by": 1,
          "description": "A complete microservices-based e-commerce backend written in Go (Golang). Includes services for products, orders, users, and payments. Features gRPC communication, Kafka event bus, and Docker compose setup.",
          "downloads_count": 0,
          "features": "[\"Microservices Architecture\", \"gRPC Communication\", \"Event-Driven\", \"Scalable\"]",
          "id": 1,
          "is_active": true,
          "preview_images": "[\"https://images.unsplash.com/photo-1555949963-aa79dcee981c?auto=format\u0026fit=crop\u0026q=80\u0026w=1000\", \"https://images.unsplash.com/photo-1555066931-4365d14bab8c?auto=format\u0026fit=crop\u0026q=80\u0026w=1000\"]",
          "price": 1500000,
          "rating_average": 0,
          "requirements": "[]",
          "slug": "ecommerce-microservices-go",
          "tech_stack": "[\"Golang\", \"gRPC\", \"Kafka\", \"PostgreSQL\", \"Docker\"]",
          "title": "E-Commerce Microservices Go",
          "type": "source_code",
          "updated_at": "2026-01-13T02:20:25.197105+07:00",
          "views_count": 0
        }
      ],
      "total": 5
    },
    "message": "Products retrieved successfully",
    "success": true
  },
  "duration": "1.019ms",
  "duration_ms": 1,
  "client_ip": "::1",
  "user_agent": "Mozilla/5.0 (Windows NT 10.0; Win64; x64) AppleWebKit/537.36 (KHTML, like Gecko) Chrome/143.0.0.0 Safari/537.36"
}
========================================

{
  "timestamp": "2026-01-14 22:51:05",
  "method": "OPTIONS",
  "path": "/api/v1/cart",
  "headers": {
    "Accept": "*/*",
    "Authorization": "",
    "Content-Type": ""
  },
  "status_code": 204,
  "duration": "0s",
  "duration_ms": 0,
  "client_ip": "::1",
  "user_agent": "Mozilla/5.0 (Windows NT 10.0; Win64; x64) AppleWebKit/537.36 (KHTML, like Gecko) Chrome/143.0.0.0 Safari/537.36"
}
========================================

{
  "timestamp": "2026-01-14 22:51:05",
  "method": "GET",
  "path": "/api/v1/cart",
  "headers": {
    "Accept": "application/json, text/plain, */*",
    "Authorization": "Bearer ...pZS4",
    "Content-Type": ""
  },
  "status_code": 200,
  "response_body": {
    "data": {
      "items": [],
      "total": 0
    },
    "message": "Cart retrieved successfully",
    "success": true
  },
  "duration": "2.6078ms",
  "duration_ms": 2,
  "client_ip": "::1",
  "user_agent": "Mozilla/5.0 (Windows NT 10.0; Win64; x64) AppleWebKit/537.36 (KHTML, like Gecko) Chrome/143.0.0.0 Safari/537.36",
  "user_id": 4,
  "user_email": "astiskripsi@gmail.com"
}
========================================

{
  "timestamp": "2026-01-14 22:51:05",
  "method": "OPTIONS",
  "path": "/api/v1/wishlist",
  "headers": {
    "Accept": "*/*",
    "Authorization": "",
    "Content-Type": ""
  },
  "status_code": 204,
  "duration": "578.6µs",
  "duration_ms": 0,
  "client_ip": "::1",
  "user_agent": "Mozilla/5.0 (Windows NT 10.0; Win64; x64) AppleWebKit/537.36 (KHTML, like Gecko) Chrome/143.0.0.0 Safari/537.36"
}
========================================

{
  "timestamp": "2026-01-14 22:51:05",
  "method": "GET",
  "path": "/api/v1/wishlist",
  "headers": {
    "Accept": "application/json, text/plain, */*",
    "Authorization": "Bearer ...pZS4",
    "Content-Type": ""
  },
  "status_code": 200,
  "response_body": {
    "data": [],
    "message": "Wishlist retrieved successfully",
    "success": true
  },
  "duration": "1.242ms",
  "duration_ms": 1,
  "client_ip": "::1",
  "user_agent": "Mozilla/5.0 (Windows NT 10.0; Win64; x64) AppleWebKit/537.36 (KHTML, like Gecko) Chrome/143.0.0.0 Safari/537.36",
  "user_id": 4,
  "user_email": "astiskripsi@gmail.com"
}
========================================

{
  "timestamp": "2026-01-14 22:51:05",
  "method": "OPTIONS",
  "path": "/api/v1/products",
  "query": {
    "limit": "6"
  },
  "headers": {
    "Accept": "*/*",
    "Authorization": "",
    "Content-Type": ""
  },
  "status_code": 204,
  "duration": "0s",
  "duration_ms": 0,
  "client_ip": "::1",
  "user_agent": "Mozilla/5.0 (Windows NT 10.0; Win64; x64) AppleWebKit/537.36 (KHTML, like Gecko) Chrome/143.0.0.0 Safari/537.36"
}
========================================

{
  "timestamp": "2026-01-14 22:51:05",
  "method": "GET",
  "path": "/api/v1/products",
  "query": {
    "limit": "6"
  },
  "headers": {
    "Accept": "application/json, text/plain, */*",
    "Authorization": "Bearer ...pZS4",
    "Content-Type": ""
  },
  "status_code": 200,
  "response_body": {
    "data": {
      "limit": 6,
      "page": 1,
      "products": [
        {
          "category": {
            "created_at": "2026-01-08T21:55:42.326209+07:00",
            "description": "Python, PHP, and JS utility scripts",
            "icon": "terminal",
            "id": 4,
            "is_active": true,
            "name": "Scripts",
            "order": 4,
            "slug": "scripts",
            "updated_at": "2026-01-08T21:55:42.326209+07:00"
          },
          "category_id": 4,
          "created_at": "2026-01-13T02:20:25.212431+07:00",
          "created_by": 1,
          "description": "Python script to automate likes, follows, and comments. Includes safety limits to prevent account bans.",
          "downloads_count": 0,
          "features": "[\"Auto Like\", \"Auto Follow\", \"Targeting by Hashtag\"]",
          "id": 5,
          "is_active": true,
          "preview_images": "[\"https://images.unsplash.com/photo-1611162617474-5b21e879e113?auto=format\u0026fit=crop\u0026q=80\u0026w=1000\"]",
          "price": 150000,
          "rating_average": 0,
          "requirements": "[]",
          "slug": "instagram-automation-bot",
          "tech_stack": "[\"Python\", \"Selenium\"]",
          "title": "Instagram Automation Bot",
          "type": "scripts",
          "updated_at": "2026-01-13T02:20:25.212431+07:00",
          "views_count": 0
        },
        {
          "category": {
            "created_at": "2026-01-08T21:55:42.322557+07:00",
            "description": "UI kits and website templates",
            "icon": "layout",
            "id": 2,
            "is_active": true,
            "name": "Templates",
            "order": 2,
            "slug": "templates",
            "updated_at": "2026-01-08T21:55:42.322557+07:00"
          },
          "category_id": 2,
          "created_at": "2026-01-13T02:20:25.211149+07:00",
          "created_by": 1,
          "description": "Clean, responsive, and customizable admin dashboard template built with Vue 3 and Tailwind CSS.",
          "downloads_count": 0,
          "features": "[\"Dark Mode Support\", \"Responsive Layout\", \"Chart.js Integration\", \"Form Components\"]",
          "id": 4,
          "is_active": true,
          "preview_images": "[\"https://images.unsplash.com/photo-1551288049-bebda4e38f71?auto=format\u0026fit=crop\u0026q=80\u0026w=1000\"]",
          "price": 250000,
          "rating_average": 0,
          "requirements": "[]",
          "slug": "modern-admin-dashboard",
          "tech_stack": "[\"Vue 3\", \"Tailwind CSS\", \"Vite\"]",
          "title": "Modern Admin Dashboard UI",
          "type": "template",
          "updated_at": "2026-01-13T02:20:25.211149+07:00",
          "views_count": 0
        },
        {
          "category": {
            "created_at": "2026-01-08T21:55:42.325061+07:00",
            "description": "Flutter, React Native, and native apps",
            "icon": "smartphone",
            "id": 3,
            "is_active": true,
            "name": "Mobile Apps",
            "order": 3,
            "slug": "mobile-apps",
            "updated_at": "2026-01-08T21:55:42.325061+07:00"
          },
          "category_id": 3,
          "created_at": "2026-01-13T02:20:25.210572+07:00",
          "created_by": 1,
          "description": "Uber Eats clone made with Flutter. Beautiful animations, real-time tracking, and vendor dashboard included. Works on both iOS and Android.",
          "downloads_count": 0,
          "features": "[\"Real-time Tracking\", \"Push Notifications\", \"Vendor App\", \"Dark Mode\"]",
          "id": 3,
          "is_active": true,
          "preview_images": "[\"https://images.unsplash.com/photo-1512941937669-90a1b58e7e9c?auto=format\u0026fit=crop\u0026q=80\u0026w=1000\"]",
          "price": 500000,
          "rating_average": 0,
          "requirements": "[]",
          "slug": "flutter-delivery-app",
          "tech_stack": "[\"Flutter\", \"Firebase\", \"Google Maps API\"]",
          "title": "Flutter Delivery App",
          "type": "mobile_apps",
          "updated_at": "2026-01-13T02:20:25.210572+07:00",
          "views_count": 0
        },
        {
          "category": {
            "created_at": "2026-01-08T21:55:42.314623+07:00",
            "description": "Full application source codes",
            "icon": "code",
            "id": 1,
            "is_active": true,
            "name": "Source Code",
            "order": 1,
            "slug": "source-code",
            "updated_at": "2026-01-08T21:55:42.314623+07:00"
          },
          "category_id": 1,
          "created_at": "2026-01-13T02:20:25.20936+07:00",
          "created_by": 1,
          "description": "Launch your SaaS in days with this comprehensive Next.js boilerplate. Includes Stripe integration, Authentication, Database setup with Prisma, and tailwind UI components.",
          "downloads_count": 0,
          "features": "[\"Authentication\", \"Subscription Payments\", \"Admin Dashboard\", \"SEO Optimized\"]",
          "id": 2,
          "is_active": true,
          "preview_images": "[\"https://images.unsplash.com/photo-1618477247222-ac591245363d?auto=format\u0026fit=crop\u0026q=80\u0026w=1000\"]",
          "price": 750000,
          "rating_average": 0,
          "requirements": "[]",
          "slug": "nextjs-saas-boilerplate",
          "tech_stack": "[\"Next.js\", \"TypeScript\", \"Tailwind CSS\", \"Prisma\", \"Stripe\"]",
          "title": "NextJS SaaS Boilerplate",
          "type": "source_code",
          "updated_at": "2026-01-13T02:20:25.20936+07:00",
          "views_count": 0
        },
        {
          "category": {
            "created_at": "2026-01-08T21:55:42.314623+07:00",
            "description": "Full application source codes",
            "icon": "code",
            "id": 1,
            "is_active": true,
            "name": "Source Code",
            "order": 1,
            "slug": "source-code",
            "updated_at": "2026-01-08T21:55:42.314623+07:00"
          },
          "category_id": 1,
          "created_at": "2026-01-13T02:20:25.197105+07:00",
          "created_by": 1,
          "description": "A complete microservices-based e-commerce backend written in Go (Golang). Includes services for products, orders, users, and payments. Features gRPC communication, Kafka event bus, and Docker compose setup.",
          "downloads_count": 0,
          "features": "[\"Microservices Architecture\", \"gRPC Communication\", \"Event-Driven\", \"Scalable\"]",
          "id": 1,
          "is_active": true,
          "preview_images": "[\"https://images.unsplash.com/photo-1555949963-aa79dcee981c?auto=format\u0026fit=crop\u0026q=80\u0026w=1000\", \"https://images.unsplash.com/photo-1555066931-4365d14bab8c?auto=format\u0026fit=crop\u0026q=80\u0026w=1000\"]",
          "price": 1500000,
          "rating_average": 0,
          "requirements": "[]",
          "slug": "ecommerce-microservices-go",
          "tech_stack": "[\"Golang\", \"gRPC\", \"Kafka\", \"PostgreSQL\", \"Docker\"]",
          "title": "E-Commerce Microservices Go",
          "type": "source_code",
          "updated_at": "2026-01-13T02:20:25.197105+07:00",
          "views_count": 0
        }
      ],
      "total": 5
    },
    "message": "Products retrieved successfully",
    "success": true
  },
  "duration": "1.2576ms",
  "duration_ms": 1,
  "client_ip": "::1",
  "user_agent": "Mozilla/5.0 (Windows NT 10.0; Win64; x64) AppleWebKit/537.36 (KHTML, like Gecko) Chrome/143.0.0.0 Safari/537.36"
}
========================================

{
  "timestamp": "2026-01-14 22:51:38",
  "method": "GET",
  "path": "/api/v1/auth/google",
  "headers": {
    "Accept": "text/html,application/xhtml+xml,application/xml;q=0.9,image/avif,image/webp,image/apng,*/*;q=0.8,application/signed-exchange;v=b3;q=0.7",
    "Authorization": "",
    "Content-Type": ""
  },
  "status_code": 307,
  "response_body": "\u003ca href=\"https://accounts.google.com/o/oauth2/auth?client_id=212161497936-oh0hsngh0pgt1fch5i1mv52k44s7dk4r.apps.googleusercontent.com\u0026amp;redirect_uri=http%3A%2F%2Flocalhost%3A8080%2Fapi%2Fv1%2Fauth%2Fgoogle%2Fcallback\u0026amp;response_type=code\u0026amp;scope=https%3A%2F%2Fwww.googleapis.com%2Fauth%2Fuserinfo.email+https%3A%2F%2Fwww.googleapis.com%2Fauth%2Fuserinfo.profile+openid\u0026amp;state=state\"\u003eTemporary Redirect\u003c/a\u003e.\n\n",
  "duration": "504µs",
  "duration_ms": 0,
  "client_ip": "::1",
  "user_agent": "Mozilla/5.0 (Windows NT 10.0; Win64; x64) AppleWebKit/537.36 (KHTML, like Gecko) Chrome/143.0.0.0 Safari/537.36"
}
========================================

{
  "timestamp": "2026-01-14 22:51:38",
  "method": "GET",
  "path": "/api/v1/auth/google/callback",
  "query": {
    "authuser": "0",
    "code": "4/0ASc3gC1y8xXbbT2mg9DjZPuBCX8aQ3Zaw9-sNEJJScdWlNM9NmCkoJSSS26EBc-hXiulnw",
    "prompt": "none",
    "scope": "email profile https://www.googleapis.com/auth/userinfo.profile openid https://www.googleapis.com/auth/userinfo.email",
    "state": "state"
  },
  "headers": {
    "Accept": "text/html,application/xhtml+xml,application/xml;q=0.9,image/avif,image/webp,image/apng,*/*;q=0.8,application/signed-exchange;v=b3;q=0.7",
    "Authorization": "",
    "Content-Type": ""
  },
  "status_code": 307,
  "response_body": "\u003ca href=\"http://localhost:3000/auth/callback?token=eyJhbGciOiJIUzI1NiIsInR5cCI6IkpXVCJ9.eyJ1c2VyX2lkIjo0LCJlbWFpbCI6ImFzdGlza3JpcHNpQGdtYWlsLmNvbSIsInJvbGUiOiJ1c2VyIiwiZXhwIjoxNzY4NDkyMjk4LCJpYXQiOjE3Njg0MDU4OTh9.U7pQGvArG6n6vb1ywfavrmZBjXcGu9XnIyQPKVDUNlE\u0026amp;user=%7B%22id%22%3A4%2C%22name%22%3A%22asti+skripsi%22%2C%22email%22%3A%22astiskripsi%40gmail.com%22%2C%22role%22%3A%22user%22%2C%22provider%22%3A%22google%22%2C%22avatar_url%22%3A%22https%3A%2F%2Flh3.googleusercontent.com%2Fa%2FACg8ocLOHKNPjTpl7LKo4pjfvlfagYmFdwqHOWsaZpbVZeDuy9WkFA%3Ds96-c%22%2C%22is_verified%22%3Atrue%2C%22created_at%22%3A%222026-01-14T22%3A47%3A00.729216%2B07%3A00%22%7D\"\u003eTemporary Redirect\u003c/a\u003e.\n\n",
  "duration": "251.94ms",
  "duration_ms": 251,
  "client_ip": "::1",
  "user_agent": "Mozilla/5.0 (Windows NT 10.0; Win64; x64) AppleWebKit/537.36 (KHTML, like Gecko) Chrome/143.0.0.0 Safari/537.36"
}
========================================

{
  "timestamp": "2026-01-14 22:51:38",
  "method": "OPTIONS",
  "path": "/api/v1/cart",
  "headers": {
    "Accept": "*/*",
    "Authorization": "",
    "Content-Type": ""
  },
  "status_code": 204,
  "duration": "0s",
  "duration_ms": 0,
  "client_ip": "::1",
  "user_agent": "Mozilla/5.0 (Windows NT 10.0; Win64; x64) AppleWebKit/537.36 (KHTML, like Gecko) Chrome/143.0.0.0 Safari/537.36"
}
========================================

{
  "timestamp": "2026-01-14 22:51:38",
  "method": "GET",
  "path": "/api/v1/cart",
  "headers": {
    "Accept": "application/json, text/plain, */*",
    "Authorization": "Bearer ...UNlE",
    "Content-Type": ""
  },
  "status_code": 200,
  "response_body": {
    "data": {
      "items": [],
      "total": 0
    },
    "message": "Cart retrieved successfully",
    "success": true
  },
  "duration": "503.1µs",
  "duration_ms": 0,
  "client_ip": "::1",
  "user_agent": "Mozilla/5.0 (Windows NT 10.0; Win64; x64) AppleWebKit/537.36 (KHTML, like Gecko) Chrome/143.0.0.0 Safari/537.36",
  "user_id": 4,
  "user_email": "astiskripsi@gmail.com"
}
========================================

{
  "timestamp": "2026-01-14 22:51:38",
  "method": "OPTIONS",
  "path": "/api/v1/wishlist",
  "headers": {
    "Accept": "*/*",
    "Authorization": "",
    "Content-Type": ""
  },
  "status_code": 204,
  "duration": "0s",
  "duration_ms": 0,
  "client_ip": "::1",
  "user_agent": "Mozilla/5.0 (Windows NT 10.0; Win64; x64) AppleWebKit/537.36 (KHTML, like Gecko) Chrome/143.0.0.0 Safari/537.36"
}
========================================

{
  "timestamp": "2026-01-14 22:51:38",
  "method": "GET",
  "path": "/api/v1/wishlist",
  "headers": {
    "Accept": "application/json, text/plain, */*",
    "Authorization": "Bearer ...UNlE",
    "Content-Type": ""
  },
  "status_code": 200,
  "response_body": {
    "data": [],
    "message": "Wishlist retrieved successfully",
    "success": true
  },
  "duration": "510.1µs",
  "duration_ms": 0,
  "client_ip": "::1",
  "user_agent": "Mozilla/5.0 (Windows NT 10.0; Win64; x64) AppleWebKit/537.36 (KHTML, like Gecko) Chrome/143.0.0.0 Safari/537.36",
  "user_id": 4,
  "user_email": "astiskripsi@gmail.com"
}
========================================

{
  "timestamp": "2026-01-14 22:51:49",
  "method": "OPTIONS",
  "path": "/api/v1/cart",
  "headers": {
    "Accept": "*/*",
    "Authorization": "",
    "Content-Type": ""
  },
  "status_code": 204,
  "duration": "0s",
  "duration_ms": 0,
  "client_ip": "::1",
  "user_agent": "Mozilla/5.0 (Windows NT 10.0; Win64; x64) AppleWebKit/537.36 (KHTML, like Gecko) Chrome/143.0.0.0 Safari/537.36"
}
========================================

{
  "timestamp": "2026-01-14 22:51:49",
  "method": "GET",
  "path": "/api/v1/cart",
  "headers": {
    "Accept": "application/json, text/plain, */*",
    "Authorization": "Bearer ...UNlE",
    "Content-Type": ""
  },
  "status_code": 200,
  "response_body": {
    "data": {
      "items": [],
      "total": 0
    },
    "message": "Cart retrieved successfully",
    "success": true
  },
  "duration": "2.0083ms",
  "duration_ms": 2,
  "client_ip": "::1",
  "user_agent": "Mozilla/5.0 (Windows NT 10.0; Win64; x64) AppleWebKit/537.36 (KHTML, like Gecko) Chrome/143.0.0.0 Safari/537.36",
  "user_id": 4,
  "user_email": "astiskripsi@gmail.com"
}
========================================

{
  "timestamp": "2026-01-14 22:51:49",
  "method": "OPTIONS",
  "path": "/api/v1/wishlist",
  "headers": {
    "Accept": "*/*",
    "Authorization": "",
    "Content-Type": ""
  },
  "status_code": 204,
  "duration": "0s",
  "duration_ms": 0,
  "client_ip": "::1",
  "user_agent": "Mozilla/5.0 (Windows NT 10.0; Win64; x64) AppleWebKit/537.36 (KHTML, like Gecko) Chrome/143.0.0.0 Safari/537.36"
}
========================================

{
  "timestamp": "2026-01-14 22:51:49",
  "method": "GET",
  "path": "/api/v1/wishlist",
  "headers": {
    "Accept": "application/json, text/plain, */*",
    "Authorization": "Bearer ...UNlE",
    "Content-Type": ""
  },
  "status_code": 200,
  "response_body": {
    "data": [],
    "message": "Wishlist retrieved successfully",
    "success": true
  },
  "duration": "504µs",
  "duration_ms": 0,
  "client_ip": "::1",
  "user_agent": "Mozilla/5.0 (Windows NT 10.0; Win64; x64) AppleWebKit/537.36 (KHTML, like Gecko) Chrome/143.0.0.0 Safari/537.36",
  "user_id": 4,
  "user_email": "astiskripsi@gmail.com"
}
========================================

{
  "timestamp": "2026-01-14 22:51:49",
  "method": "OPTIONS",
  "path": "/api/v1/products",
  "query": {
    "limit": "6"
  },
  "headers": {
    "Accept": "*/*",
    "Authorization": "",
    "Content-Type": ""
  },
  "status_code": 204,
  "duration": "0s",
  "duration_ms": 0,
  "client_ip": "::1",
  "user_agent": "Mozilla/5.0 (Windows NT 10.0; Win64; x64) AppleWebKit/537.36 (KHTML, like Gecko) Chrome/143.0.0.0 Safari/537.36"
}
========================================

{
  "timestamp": "2026-01-14 22:51:49",
  "method": "GET",
  "path": "/api/v1/products",
  "query": {
    "limit": "6"
  },
  "headers": {
    "Accept": "application/json, text/plain, */*",
    "Authorization": "Bearer ...UNlE",
    "Content-Type": ""
  },
  "status_code": 200,
  "response_body": {
    "data": {
      "limit": 6,
      "page": 1,
      "products": [
        {
          "category": {
            "created_at": "2026-01-08T21:55:42.326209+07:00",
            "description": "Python, PHP, and JS utility scripts",
            "icon": "terminal",
            "id": 4,
            "is_active": true,
            "name": "Scripts",
            "order": 4,
            "slug": "scripts",
            "updated_at": "2026-01-08T21:55:42.326209+07:00"
          },
          "category_id": 4,
          "created_at": "2026-01-13T02:20:25.212431+07:00",
          "created_by": 1,
          "description": "Python script to automate likes, follows, and comments. Includes safety limits to prevent account bans.",
          "downloads_count": 0,
          "features": "[\"Auto Like\", \"Auto Follow\", \"Targeting by Hashtag\"]",
          "id": 5,
          "is_active": true,
          "preview_images": "[\"https://images.unsplash.com/photo-1611162617474-5b21e879e113?auto=format\u0026fit=crop\u0026q=80\u0026w=1000\"]",
          "price": 150000,
          "rating_average": 0,
          "requirements": "[]",
          "slug": "instagram-automation-bot",
          "tech_stack": "[\"Python\", \"Selenium\"]",
          "title": "Instagram Automation Bot",
          "type": "scripts",
          "updated_at": "2026-01-13T02:20:25.212431+07:00",
          "views_count": 0
        },
        {
          "category": {
            "created_at": "2026-01-08T21:55:42.322557+07:00",
            "description": "UI kits and website templates",
            "icon": "layout",
            "id": 2,
            "is_active": true,
            "name": "Templates",
            "order": 2,
            "slug": "templates",
            "updated_at": "2026-01-08T21:55:42.322557+07:00"
          },
          "category_id": 2,
          "created_at": "2026-01-13T02:20:25.211149+07:00",
          "created_by": 1,
          "description": "Clean, responsive, and customizable admin dashboard template built with Vue 3 and Tailwind CSS.",
          "downloads_count": 0,
          "features": "[\"Dark Mode Support\", \"Responsive Layout\", \"Chart.js Integration\", \"Form Components\"]",
          "id": 4,
          "is_active": true,
          "preview_images": "[\"https://images.unsplash.com/photo-1551288049-bebda4e38f71?auto=format\u0026fit=crop\u0026q=80\u0026w=1000\"]",
          "price": 250000,
          "rating_average": 0,
          "requirements": "[]",
          "slug": "modern-admin-dashboard",
          "tech_stack": "[\"Vue 3\", \"Tailwind CSS\", \"Vite\"]",
          "title": "Modern Admin Dashboard UI",
          "type": "template",
          "updated_at": "2026-01-13T02:20:25.211149+07:00",
          "views_count": 0
        },
        {
          "category": {
            "created_at": "2026-01-08T21:55:42.325061+07:00",
            "description": "Flutter, React Native, and native apps",
            "icon": "smartphone",
            "id": 3,
            "is_active": true,
            "name": "Mobile Apps",
            "order": 3,
            "slug": "mobile-apps",
            "updated_at": "2026-01-08T21:55:42.325061+07:00"
          },
          "category_id": 3,
          "created_at": "2026-01-13T02:20:25.210572+07:00",
          "created_by": 1,
          "description": "Uber Eats clone made with Flutter. Beautiful animations, real-time tracking, and vendor dashboard included. Works on both iOS and Android.",
          "downloads_count": 0,
          "features": "[\"Real-time Tracking\", \"Push Notifications\", \"Vendor App\", \"Dark Mode\"]",
          "id": 3,
          "is_active": true,
          "preview_images": "[\"https://images.unsplash.com/photo-1512941937669-90a1b58e7e9c?auto=format\u0026fit=crop\u0026q=80\u0026w=1000\"]",
          "price": 500000,
          "rating_average": 0,
          "requirements": "[]",
          "slug": "flutter-delivery-app",
          "tech_stack": "[\"Flutter\", \"Firebase\", \"Google Maps API\"]",
          "title": "Flutter Delivery App",
          "type": "mobile_apps",
          "updated_at": "2026-01-13T02:20:25.210572+07:00",
          "views_count": 0
        },
        {
          "category": {
            "created_at": "2026-01-08T21:55:42.314623+07:00",
            "description": "Full application source codes",
            "icon": "code",
            "id": 1,
            "is_active": true,
            "name": "Source Code",
            "order": 1,
            "slug": "source-code",
            "updated_at": "2026-01-08T21:55:42.314623+07:00"
          },
          "category_id": 1,
          "created_at": "2026-01-13T02:20:25.20936+07:00",
          "created_by": 1,
          "description": "Launch your SaaS in days with this comprehensive Next.js boilerplate. Includes Stripe integration, Authentication, Database setup with Prisma, and tailwind UI components.",
          "downloads_count": 0,
          "features": "[\"Authentication\", \"Subscription Payments\", \"Admin Dashboard\", \"SEO Optimized\"]",
          "id": 2,
          "is_active": true,
          "preview_images": "[\"https://images.unsplash.com/photo-1618477247222-ac591245363d?auto=format\u0026fit=crop\u0026q=80\u0026w=1000\"]",
          "price": 750000,
          "rating_average": 0,
          "requirements": "[]",
          "slug": "nextjs-saas-boilerplate",
          "tech_stack": "[\"Next.js\", \"TypeScript\", \"Tailwind CSS\", \"Prisma\", \"Stripe\"]",
          "title": "NextJS SaaS Boilerplate",
          "type": "source_code",
          "updated_at": "2026-01-13T02:20:25.20936+07:00",
          "views_count": 0
        },
        {
          "category": {
            "created_at": "2026-01-08T21:55:42.314623+07:00",
            "description": "Full application source codes",
            "icon": "code",
            "id": 1,
            "is_active": true,
            "name": "Source Code",
            "order": 1,
            "slug": "source-code",
            "updated_at": "2026-01-08T21:55:42.314623+07:00"
          },
          "category_id": 1,
          "created_at": "2026-01-13T02:20:25.197105+07:00",
          "created_by": 1,
          "description": "A complete microservices-based e-commerce backend written in Go (Golang). Includes services for products, orders, users, and payments. Features gRPC communication, Kafka event bus, and Docker compose setup.",
          "downloads_count": 0,
          "features": "[\"Microservices Architecture\", \"gRPC Communication\", \"Event-Driven\", \"Scalable\"]",
          "id": 1,
          "is_active": true,
          "preview_images": "[\"https://images.unsplash.com/photo-1555949963-aa79dcee981c?auto=format\u0026fit=crop\u0026q=80\u0026w=1000\", \"https://images.unsplash.com/photo-1555066931-4365d14bab8c?auto=format\u0026fit=crop\u0026q=80\u0026w=1000\"]",
          "price": 1500000,
          "rating_average": 0,
          "requirements": "[]",
          "slug": "ecommerce-microservices-go",
          "tech_stack": "[\"Golang\", \"gRPC\", \"Kafka\", \"PostgreSQL\", \"Docker\"]",
          "title": "E-Commerce Microservices Go",
          "type": "source_code",
          "updated_at": "2026-01-13T02:20:25.197105+07:00",
          "views_count": 0
        }
      ],
      "total": 5
    },
    "message": "Products retrieved successfully",
    "success": true
  },
  "duration": "1.0393ms",
  "duration_ms": 1,
  "client_ip": "::1",
  "user_agent": "Mozilla/5.0 (Windows NT 10.0; Win64; x64) AppleWebKit/537.36 (KHTML, like Gecko) Chrome/143.0.0.0 Safari/537.36"
}
========================================

{
  "timestamp": "2026-01-14 22:55:39",
  "method": "GET",
  "path": "/api/v1/auth/google",
  "headers": {
    "Accept": "text/html,application/xhtml+xml,application/xml;q=0.9,image/avif,image/webp,image/apng,*/*;q=0.8,application/signed-exchange;v=b3;q=0.7",
    "Authorization": "",
    "Content-Type": ""
  },
  "status_code": 307,
  "response_body": "\u003ca href=\"https://accounts.google.com/o/oauth2/auth?client_id=212161497936-oh0hsngh0pgt1fch5i1mv52k44s7dk4r.apps.googleusercontent.com\u0026amp;redirect_uri=http%3A%2F%2Flocalhost%3A8080%2Fapi%2Fv1%2Fauth%2Fgoogle%2Fcallback\u0026amp;response_type=code\u0026amp;scope=https%3A%2F%2Fwww.googleapis.com%2Fauth%2Fuserinfo.email+https%3A%2F%2Fwww.googleapis.com%2Fauth%2Fuserinfo.profile+openid\u0026amp;state=state\"\u003eTemporary Redirect\u003c/a\u003e.\n\n",
  "duration": "558.9µs",
  "duration_ms": 0,
  "client_ip": "::1",
  "user_agent": "Mozilla/5.0 (Windows NT 10.0; Win64; x64) AppleWebKit/537.36 (KHTML, like Gecko) Chrome/143.0.0.0 Safari/537.36"
}
========================================

{
  "timestamp": "2026-01-14 22:55:39",
  "method": "GET",
  "path": "/api/v1/auth/google/callback",
  "query": {
    "authuser": "0",
    "code": "4/0ASc3gC2oCQSmohGjTCk-dfAcWg7vNX5DZVBxbmZ0w6AmxQNEXEvUH66jjFO2vDVVDP_VRQ",
    "prompt": "none",
    "scope": "email profile openid https://www.googleapis.com/auth/userinfo.profile https://www.googleapis.com/auth/userinfo.email",
    "state": "state"
  },
  "headers": {
    "Accept": "text/html,application/xhtml+xml,application/xml;q=0.9,image/avif,image/webp,image/apng,*/*;q=0.8,application/signed-exchange;v=b3;q=0.7",
    "Authorization": "",
    "Content-Type": ""
  },
  "status_code": 307,
  "response_body": "\u003ca href=\"http://localhost:3000/auth/callback?token=eyJhbGciOiJIUzI1NiIsInR5cCI6IkpXVCJ9.eyJ1c2VyX2lkIjo0LCJlbWFpbCI6ImFzdGlza3JpcHNpQGdtYWlsLmNvbSIsInJvbGUiOiJ1c2VyIiwiZXhwIjoxNzY4NDkyNTQwLCJpYXQiOjE3Njg0MDYxNDB9.nBin8dVpVyi70qdd025Mw4VDZ4_XXMXegItpvoLKwro\u0026amp;user=%7B%22id%22%3A4%2C%22name%22%3A%22asti+skripsi%22%2C%22email%22%3A%22astiskripsi%40gmail.com%22%2C%22role%22%3A%22user%22%2C%22provider%22%3A%22google%22%2C%22avatar_url%22%3A%22https%3A%2F%2Flh3.googleusercontent.com%2Fa%2FACg8ocLOHKNPjTpl7LKo4pjfvlfagYmFdwqHOWsaZpbVZeDuy9WkFA%3Ds96-c%22%2C%22is_verified%22%3Atrue%2C%22created_at%22%3A%222026-01-14T22%3A47%3A00.729216%2B07%3A00%22%7D\"\u003eTemporary Redirect\u003c/a\u003e.\n\n",
  "duration": "290.4687ms",
  "duration_ms": 290,
  "client_ip": "::1",
  "user_agent": "Mozilla/5.0 (Windows NT 10.0; Win64; x64) AppleWebKit/537.36 (KHTML, like Gecko) Chrome/143.0.0.0 Safari/537.36"
}
========================================

{
  "timestamp": "2026-01-14 22:55:40",
  "method": "OPTIONS",
  "path": "/api/v1/cart",
  "headers": {
    "Accept": "*/*",
    "Authorization": "",
    "Content-Type": ""
  },
  "status_code": 204,
  "duration": "0s",
  "duration_ms": 0,
  "client_ip": "::1",
  "user_agent": "Mozilla/5.0 (Windows NT 10.0; Win64; x64) AppleWebKit/537.36 (KHTML, like Gecko) Chrome/143.0.0.0 Safari/537.36"
}
========================================

{
  "timestamp": "2026-01-14 22:55:40",
  "method": "GET",
  "path": "/api/v1/cart",
  "headers": {
    "Accept": "application/json, text/plain, */*",
    "Authorization": "Bearer ...Kwro",
    "Content-Type": ""
  },
  "status_code": 200,
  "response_body": {
    "data": {
      "items": [],
      "total": 0
    },
    "message": "Cart retrieved successfully",
    "success": true
  },
  "duration": "504.5µs",
  "duration_ms": 0,
  "client_ip": "::1",
  "user_agent": "Mozilla/5.0 (Windows NT 10.0; Win64; x64) AppleWebKit/537.36 (KHTML, like Gecko) Chrome/143.0.0.0 Safari/537.36",
  "user_id": 4,
  "user_email": "astiskripsi@gmail.com"
}
========================================

{
  "timestamp": "2026-01-14 22:55:40",
  "method": "OPTIONS",
  "path": "/api/v1/wishlist",
  "headers": {
    "Accept": "*/*",
    "Authorization": "",
    "Content-Type": ""
  },
  "status_code": 204,
  "duration": "0s",
  "duration_ms": 0,
  "client_ip": "::1",
  "user_agent": "Mozilla/5.0 (Windows NT 10.0; Win64; x64) AppleWebKit/537.36 (KHTML, like Gecko) Chrome/143.0.0.0 Safari/537.36"
}
========================================

{
  "timestamp": "2026-01-14 22:55:40",
  "method": "GET",
  "path": "/api/v1/wishlist",
  "headers": {
    "Accept": "application/json, text/plain, */*",
    "Authorization": "Bearer ...Kwro",
    "Content-Type": ""
  },
  "status_code": 200,
  "response_body": {
    "data": [],
    "message": "Wishlist retrieved successfully",
    "success": true
  },
  "duration": "619.9µs",
  "duration_ms": 0,
  "client_ip": "::1",
  "user_agent": "Mozilla/5.0 (Windows NT 10.0; Win64; x64) AppleWebKit/537.36 (KHTML, like Gecko) Chrome/143.0.0.0 Safari/537.36",
  "user_id": 4,
  "user_email": "astiskripsi@gmail.com"
}
========================================

{
  "timestamp": "2026-01-14 22:59:44",
  "method": "OPTIONS",
  "path": "/api/v1/cart",
  "headers": {
    "Accept": "*/*",
    "Authorization": "",
    "Content-Type": ""
  },
  "status_code": 204,
  "duration": "0s",
  "duration_ms": 0,
  "client_ip": "::1",
  "user_agent": "Mozilla/5.0 (Windows NT 10.0; Win64; x64) AppleWebKit/537.36 (KHTML, like Gecko) Chrome/143.0.0.0 Safari/537.36"
}
========================================

{
  "timestamp": "2026-01-14 22:59:44",
  "method": "GET",
  "path": "/api/v1/cart",
  "headers": {
    "Accept": "application/json, text/plain, */*",
    "Authorization": "Bearer ...Kwro",
    "Content-Type": ""
  },
  "status_code": 200,
  "response_body": {
    "data": {
      "items": [],
      "total": 0
    },
    "message": "Cart retrieved successfully",
    "success": true
  },
  "duration": "2.7633ms",
  "duration_ms": 2,
  "client_ip": "::1",
  "user_agent": "Mozilla/5.0 (Windows NT 10.0; Win64; x64) AppleWebKit/537.36 (KHTML, like Gecko) Chrome/143.0.0.0 Safari/537.36",
  "user_id": 4,
  "user_email": "astiskripsi@gmail.com"
}
========================================

{
  "timestamp": "2026-01-14 22:59:44",
  "method": "OPTIONS",
  "path": "/api/v1/wishlist",
  "headers": {
    "Accept": "*/*",
    "Authorization": "",
    "Content-Type": ""
  },
  "status_code": 204,
  "duration": "0s",
  "duration_ms": 0,
  "client_ip": "::1",
  "user_agent": "Mozilla/5.0 (Windows NT 10.0; Win64; x64) AppleWebKit/537.36 (KHTML, like Gecko) Chrome/143.0.0.0 Safari/537.36"
}
========================================

{
  "timestamp": "2026-01-14 22:59:44",
  "method": "GET",
  "path": "/api/v1/wishlist",
  "headers": {
    "Accept": "application/json, text/plain, */*",
    "Authorization": "Bearer ...Kwro",
    "Content-Type": ""
  },
  "status_code": 200,
  "response_body": {
    "data": [],
    "message": "Wishlist retrieved successfully",
    "success": true
  },
  "duration": "504.4µs",
  "duration_ms": 0,
  "client_ip": "::1",
  "user_agent": "Mozilla/5.0 (Windows NT 10.0; Win64; x64) AppleWebKit/537.36 (KHTML, like Gecko) Chrome/143.0.0.0 Safari/537.36",
  "user_id": 4,
  "user_email": "astiskripsi@gmail.com"
}
========================================

{
  "timestamp": "2026-01-14 22:59:45",
  "method": "OPTIONS",
  "path": "/api/v1/products",
  "query": {
    "limit": "6"
  },
  "headers": {
    "Accept": "*/*",
    "Authorization": "",
    "Content-Type": ""
  },
  "status_code": 204,
  "duration": "0s",
  "duration_ms": 0,
  "client_ip": "::1",
  "user_agent": "Mozilla/5.0 (Windows NT 10.0; Win64; x64) AppleWebKit/537.36 (KHTML, like Gecko) Chrome/143.0.0.0 Safari/537.36"
}
========================================

{
  "timestamp": "2026-01-14 22:59:45",
  "method": "GET",
  "path": "/api/v1/products",
  "query": {
    "limit": "6"
  },
  "headers": {
    "Accept": "application/json, text/plain, */*",
    "Authorization": "Bearer ...Kwro",
    "Content-Type": ""
  },
  "status_code": 200,
  "response_body": {
    "data": {
      "limit": 6,
      "page": 1,
      "products": [
        {
          "category": {
            "created_at": "2026-01-08T21:55:42.326209+07:00",
            "description": "Python, PHP, and JS utility scripts",
            "icon": "terminal",
            "id": 4,
            "is_active": true,
            "name": "Scripts",
            "order": 4,
            "slug": "scripts",
            "updated_at": "2026-01-08T21:55:42.326209+07:00"
          },
          "category_id": 4,
          "created_at": "2026-01-13T02:20:25.212431+07:00",
          "created_by": 1,
          "description": "Python script to automate likes, follows, and comments. Includes safety limits to prevent account bans.",
          "downloads_count": 0,
          "features": "[\"Auto Like\", \"Auto Follow\", \"Targeting by Hashtag\"]",
          "id": 5,
          "is_active": true,
          "preview_images": "[\"https://images.unsplash.com/photo-1611162617474-5b21e879e113?auto=format\u0026fit=crop\u0026q=80\u0026w=1000\"]",
          "price": 150000,
          "rating_average": 0,
          "requirements": "[]",
          "slug": "instagram-automation-bot",
          "tech_stack": "[\"Python\", \"Selenium\"]",
          "title": "Instagram Automation Bot",
          "type": "scripts",
          "updated_at": "2026-01-13T02:20:25.212431+07:00",
          "views_count": 0
        },
        {
          "category": {
            "created_at": "2026-01-08T21:55:42.322557+07:00",
            "description": "UI kits and website templates",
            "icon": "layout",
            "id": 2,
            "is_active": true,
            "name": "Templates",
            "order": 2,
            "slug": "templates",
            "updated_at": "2026-01-08T21:55:42.322557+07:00"
          },
          "category_id": 2,
          "created_at": "2026-01-13T02:20:25.211149+07:00",
          "created_by": 1,
          "description": "Clean, responsive, and customizable admin dashboard template built with Vue 3 and Tailwind CSS.",
          "downloads_count": 0,
          "features": "[\"Dark Mode Support\", \"Responsive Layout\", \"Chart.js Integration\", \"Form Components\"]",
          "id": 4,
          "is_active": true,
          "preview_images": "[\"https://images.unsplash.com/photo-1551288049-bebda4e38f71?auto=format\u0026fit=crop\u0026q=80\u0026w=1000\"]",
          "price": 250000,
          "rating_average": 0,
          "requirements": "[]",
          "slug": "modern-admin-dashboard",
          "tech_stack": "[\"Vue 3\", \"Tailwind CSS\", \"Vite\"]",
          "title": "Modern Admin Dashboard UI",
          "type": "template",
          "updated_at": "2026-01-13T02:20:25.211149+07:00",
          "views_count": 0
        },
        {
          "category": {
            "created_at": "2026-01-08T21:55:42.325061+07:00",
            "description": "Flutter, React Native, and native apps",
            "icon": "smartphone",
            "id": 3,
            "is_active": true,
            "name": "Mobile Apps",
            "order": 3,
            "slug": "mobile-apps",
            "updated_at": "2026-01-08T21:55:42.325061+07:00"
          },
          "category_id": 3,
          "created_at": "2026-01-13T02:20:25.210572+07:00",
          "created_by": 1,
          "description": "Uber Eats clone made with Flutter. Beautiful animations, real-time tracking, and vendor dashboard included. Works on both iOS and Android.",
          "downloads_count": 0,
          "features": "[\"Real-time Tracking\", \"Push Notifications\", \"Vendor App\", \"Dark Mode\"]",
          "id": 3,
          "is_active": true,
          "preview_images": "[\"https://images.unsplash.com/photo-1512941937669-90a1b58e7e9c?auto=format\u0026fit=crop\u0026q=80\u0026w=1000\"]",
          "price": 500000,
          "rating_average": 0,
          "requirements": "[]",
          "slug": "flutter-delivery-app",
          "tech_stack": "[\"Flutter\", \"Firebase\", \"Google Maps API\"]",
          "title": "Flutter Delivery App",
          "type": "mobile_apps",
          "updated_at": "2026-01-13T02:20:25.210572+07:00",
          "views_count": 0
        },
        {
          "category": {
            "created_at": "2026-01-08T21:55:42.314623+07:00",
            "description": "Full application source codes",
            "icon": "code",
            "id": 1,
            "is_active": true,
            "name": "Source Code",
            "order": 1,
            "slug": "source-code",
            "updated_at": "2026-01-08T21:55:42.314623+07:00"
          },
          "category_id": 1,
          "created_at": "2026-01-13T02:20:25.20936+07:00",
          "created_by": 1,
          "description": "Launch your SaaS in days with this comprehensive Next.js boilerplate. Includes Stripe integration, Authentication, Database setup with Prisma, and tailwind UI components.",
          "downloads_count": 0,
          "features": "[\"Authentication\", \"Subscription Payments\", \"Admin Dashboard\", \"SEO Optimized\"]",
          "id": 2,
          "is_active": true,
          "preview_images": "[\"https://images.unsplash.com/photo-1618477247222-ac591245363d?auto=format\u0026fit=crop\u0026q=80\u0026w=1000\"]",
          "price": 750000,
          "rating_average": 0,
          "requirements": "[]",
          "slug": "nextjs-saas-boilerplate",
          "tech_stack": "[\"Next.js\", \"TypeScript\", \"Tailwind CSS\", \"Prisma\", \"Stripe\"]",
          "title": "NextJS SaaS Boilerplate",
          "type": "source_code",
          "updated_at": "2026-01-13T02:20:25.20936+07:00",
          "views_count": 0
        },
        {
          "category": {
            "created_at": "2026-01-08T21:55:42.314623+07:00",
            "description": "Full application source codes",
            "icon": "code",
            "id": 1,
            "is_active": true,
            "name": "Source Code",
            "order": 1,
            "slug": "source-code",
            "updated_at": "2026-01-08T21:55:42.314623+07:00"
          },
          "category_id": 1,
          "created_at": "2026-01-13T02:20:25.197105+07:00",
          "created_by": 1,
          "description": "A complete microservices-based e-commerce backend written in Go (Golang). Includes services for products, orders, users, and payments. Features gRPC communication, Kafka event bus, and Docker compose setup.",
          "downloads_count": 0,
          "features": "[\"Microservices Architecture\", \"gRPC Communication\", \"Event-Driven\", \"Scalable\"]",
          "id": 1,
          "is_active": true,
          "preview_images": "[\"https://images.unsplash.com/photo-1555949963-aa79dcee981c?auto=format\u0026fit=crop\u0026q=80\u0026w=1000\", \"https://images.unsplash.com/photo-1555066931-4365d14bab8c?auto=format\u0026fit=crop\u0026q=80\u0026w=1000\"]",
          "price": 1500000,
          "rating_average": 0,
          "requirements": "[]",
          "slug": "ecommerce-microservices-go",
          "tech_stack": "[\"Golang\", \"gRPC\", \"Kafka\", \"PostgreSQL\", \"Docker\"]",
          "title": "E-Commerce Microservices Go",
          "type": "source_code",
          "updated_at": "2026-01-13T02:20:25.197105+07:00",
          "views_count": 0
        }
      ],
      "total": 5
    },
    "message": "Products retrieved successfully",
    "success": true
  },
  "duration": "1.2157ms",
  "duration_ms": 1,
  "client_ip": "::1",
  "user_agent": "Mozilla/5.0 (Windows NT 10.0; Win64; x64) AppleWebKit/537.36 (KHTML, like Gecko) Chrome/143.0.0.0 Safari/537.36"
}
========================================

{
  "timestamp": "2026-01-14 23:04:02",
  "method": "GET",
  "path": "/api/v1/auth/google",
  "headers": {
    "Accept": "text/html,application/xhtml+xml,application/xml;q=0.9,image/avif,image/webp,image/apng,*/*;q=0.8,application/signed-exchange;v=b3;q=0.7",
    "Authorization": "",
    "Content-Type": ""
  },
  "status_code": 307,
  "response_body": "\u003ca href=\"https://accounts.google.com/o/oauth2/auth?client_id=212161497936-oh0hsngh0pgt1fch5i1mv52k44s7dk4r.apps.googleusercontent.com\u0026amp;redirect_uri=http%3A%2F%2Flocalhost%3A8080%2Fapi%2Fv1%2Fauth%2Fgoogle%2Fcallback\u0026amp;response_type=code\u0026amp;scope=https%3A%2F%2Fwww.googleapis.com%2Fauth%2Fuserinfo.email+https%3A%2F%2Fwww.googleapis.com%2Fauth%2Fuserinfo.profile+openid\u0026amp;state=state\"\u003eTemporary Redirect\u003c/a\u003e.\n\n",
  "duration": "3.0938ms",
  "duration_ms": 3,
  "client_ip": "::1",
  "user_agent": "Mozilla/5.0 (Windows NT 10.0; Win64; x64) AppleWebKit/537.36 (KHTML, like Gecko) Chrome/143.0.0.0 Safari/537.36"
}
========================================

{
  "timestamp": "2026-01-14 23:04:03",
  "method": "GET",
  "path": "/api/v1/auth/google/callback",
  "query": {
    "authuser": "0",
    "code": "4/0ASc3gC2-r7vLDqqZjvSXhFiTzK8eR-FLyAnVt8o-stmup1YkXErPbhTeNDRMd8SYCblAUg",
    "prompt": "none",
    "scope": "email profile openid https://www.googleapis.com/auth/userinfo.email https://www.googleapis.com/auth/userinfo.profile",
    "state": "state"
  },
  "headers": {
    "Accept": "text/html,application/xhtml+xml,application/xml;q=0.9,image/avif,image/webp,image/apng,*/*;q=0.8,application/signed-exchange;v=b3;q=0.7",
    "Authorization": "",
    "Content-Type": ""
  },
  "status_code": 307,
  "response_body": "\u003ca href=\"http://localhost:3000/auth/callback?token=eyJhbGciOiJIUzI1NiIsInR5cCI6IkpXVCJ9.eyJ1c2VyX2lkIjo0LCJlbWFpbCI6ImFzdGlza3JpcHNpQGdtYWlsLmNvbSIsInJvbGUiOiJ1c2VyIiwiZXhwIjoxNzY4NDkzMDQzLCJpYXQiOjE3Njg0MDY2NDN9.r0WK5jYczvp73pnuz6A3oCCWaGw7-xnNP-1fdi30eik\u0026amp;user=%7B%22id%22%3A4%2C%22name%22%3A%22asti+skripsi%22%2C%22email%22%3A%22astiskripsi%40gmail.com%22%2C%22role%22%3A%22user%22%2C%22provider%22%3A%22google%22%2C%22avatar_url%22%3A%22https%3A%2F%2Flh3.googleusercontent.com%2Fa%2FACg8ocLOHKNPjTpl7LKo4pjfvlfagYmFdwqHOWsaZpbVZeDuy9WkFA%3Ds96-c%22%2C%22is_verified%22%3Atrue%2C%22created_at%22%3A%222026-01-14T22%3A47%3A00.729216%2B07%3A00%22%7D\"\u003eTemporary Redirect\u003c/a\u003e.\n\n",
  "duration": "331.889ms",
  "duration_ms": 331,
  "client_ip": "::1",
  "user_agent": "Mozilla/5.0 (Windows NT 10.0; Win64; x64) AppleWebKit/537.36 (KHTML, like Gecko) Chrome/143.0.0.0 Safari/537.36"
}
========================================

{
  "timestamp": "2026-01-14 23:04:03",
  "method": "OPTIONS",
  "path": "/api/v1/cart",
  "headers": {
    "Accept": "*/*",
    "Authorization": "",
    "Content-Type": ""
  },
  "status_code": 204,
  "duration": "0s",
  "duration_ms": 0,
  "client_ip": "::1",
  "user_agent": "Mozilla/5.0 (Windows NT 10.0; Win64; x64) AppleWebKit/537.36 (KHTML, like Gecko) Chrome/143.0.0.0 Safari/537.36"
}
========================================

{
  "timestamp": "2026-01-14 23:04:03",
  "method": "GET",
  "path": "/api/v1/cart",
  "headers": {
    "Accept": "application/json, text/plain, */*",
    "Authorization": "Bearer ...0eik",
    "Content-Type": ""
  },
  "status_code": 200,
  "response_body": {
    "data": {
      "items": [],
      "total": 0
    },
    "message": "Cart retrieved successfully",
    "success": true
  },
  "duration": "1.7405ms",
  "duration_ms": 1,
  "client_ip": "::1",
  "user_agent": "Mozilla/5.0 (Windows NT 10.0; Win64; x64) AppleWebKit/537.36 (KHTML, like Gecko) Chrome/143.0.0.0 Safari/537.36",
  "user_id": 4,
  "user_email": "astiskripsi@gmail.com"
}
========================================

{
  "timestamp": "2026-01-14 23:04:03",
  "method": "OPTIONS",
  "path": "/api/v1/wishlist",
  "headers": {
    "Accept": "*/*",
    "Authorization": "",
    "Content-Type": ""
  },
  "status_code": 204,
  "duration": "0s",
  "duration_ms": 0,
  "client_ip": "::1",
  "user_agent": "Mozilla/5.0 (Windows NT 10.0; Win64; x64) AppleWebKit/537.36 (KHTML, like Gecko) Chrome/143.0.0.0 Safari/537.36"
}
========================================

{
  "timestamp": "2026-01-14 23:04:03",
  "method": "GET",
  "path": "/api/v1/wishlist",
  "headers": {
    "Accept": "application/json, text/plain, */*",
    "Authorization": "Bearer ...0eik",
    "Content-Type": ""
  },
  "status_code": 200,
  "response_body": {
    "data": [],
    "message": "Wishlist retrieved successfully",
    "success": true
  },
  "duration": "863.4µs",
  "duration_ms": 0,
  "client_ip": "::1",
  "user_agent": "Mozilla/5.0 (Windows NT 10.0; Win64; x64) AppleWebKit/537.36 (KHTML, like Gecko) Chrome/143.0.0.0 Safari/537.36",
  "user_id": 4,
  "user_email": "astiskripsi@gmail.com"
}
========================================

{
  "timestamp": "2026-01-14 23:04:09",
  "method": "OPTIONS",
  "path": "/api/v1/cart",
  "headers": {
    "Accept": "*/*",
    "Authorization": "",
    "Content-Type": ""
  },
  "status_code": 204,
  "duration": "0s",
  "duration_ms": 0,
  "client_ip": "::1",
  "user_agent": "Mozilla/5.0 (Windows NT 10.0; Win64; x64) AppleWebKit/537.36 (KHTML, like Gecko) Chrome/143.0.0.0 Safari/537.36"
}
========================================

{
  "timestamp": "2026-01-14 23:04:09",
  "method": "GET",
  "path": "/api/v1/cart",
  "headers": {
    "Accept": "application/json, text/plain, */*",
    "Authorization": "Bearer ...0eik",
    "Content-Type": ""
  },
  "status_code": 200,
  "response_body": {
    "data": {
      "items": [],
      "total": 0
    },
    "message": "Cart retrieved successfully",
    "success": true
  },
  "duration": "2.0072ms",
  "duration_ms": 2,
  "client_ip": "::1",
  "user_agent": "Mozilla/5.0 (Windows NT 10.0; Win64; x64) AppleWebKit/537.36 (KHTML, like Gecko) Chrome/143.0.0.0 Safari/537.36",
  "user_id": 4,
  "user_email": "astiskripsi@gmail.com"
}
========================================

{
  "timestamp": "2026-01-14 23:04:09",
  "method": "OPTIONS",
  "path": "/api/v1/wishlist",
  "headers": {
    "Accept": "*/*",
    "Authorization": "",
    "Content-Type": ""
  },
  "status_code": 204,
  "duration": "943µs",
  "duration_ms": 0,
  "client_ip": "::1",
  "user_agent": "Mozilla/5.0 (Windows NT 10.0; Win64; x64) AppleWebKit/537.36 (KHTML, like Gecko) Chrome/143.0.0.0 Safari/537.36"
}
========================================

{
  "timestamp": "2026-01-14 23:04:09",
  "method": "GET",
  "path": "/api/v1/wishlist",
  "headers": {
    "Accept": "application/json, text/plain, */*",
    "Authorization": "Bearer ...0eik",
    "Content-Type": ""
  },
  "status_code": 200,
  "response_body": {
    "data": [],
    "message": "Wishlist retrieved successfully",
    "success": true
  },
  "duration": "1.3346ms",
  "duration_ms": 1,
  "client_ip": "::1",
  "user_agent": "Mozilla/5.0 (Windows NT 10.0; Win64; x64) AppleWebKit/537.36 (KHTML, like Gecko) Chrome/143.0.0.0 Safari/537.36",
  "user_id": 4,
  "user_email": "astiskripsi@gmail.com"
}
========================================

{
  "timestamp": "2026-01-14 23:04:09",
  "method": "OPTIONS",
  "path": "/api/v1/products",
  "query": {
    "limit": "6"
  },
  "headers": {
    "Accept": "*/*",
    "Authorization": "",
    "Content-Type": ""
  },
  "status_code": 204,
  "duration": "0s",
  "duration_ms": 0,
  "client_ip": "::1",
  "user_agent": "Mozilla/5.0 (Windows NT 10.0; Win64; x64) AppleWebKit/537.36 (KHTML, like Gecko) Chrome/143.0.0.0 Safari/537.36"
}
========================================

{
  "timestamp": "2026-01-14 23:04:09",
  "method": "GET",
  "path": "/api/v1/products",
  "query": {
    "limit": "6"
  },
  "headers": {
    "Accept": "application/json, text/plain, */*",
    "Authorization": "Bearer ...0eik",
    "Content-Type": ""
  },
  "status_code": 200,
  "response_body": {
    "data": {
      "limit": 6,
      "page": 1,
      "products": [
        {
          "category": {
            "created_at": "2026-01-08T21:55:42.326209+07:00",
            "description": "Python, PHP, and JS utility scripts",
            "icon": "terminal",
            "id": 4,
            "is_active": true,
            "name": "Scripts",
            "order": 4,
            "slug": "scripts",
            "updated_at": "2026-01-08T21:55:42.326209+07:00"
          },
          "category_id": 4,
          "created_at": "2026-01-13T02:20:25.212431+07:00",
          "created_by": 1,
          "description": "Python script to automate likes, follows, and comments. Includes safety limits to prevent account bans.",
          "downloads_count": 0,
          "features": "[\"Auto Like\", \"Auto Follow\", \"Targeting by Hashtag\"]",
          "id": 5,
          "is_active": true,
          "preview_images": "[\"https://images.unsplash.com/photo-1611162617474-5b21e879e113?auto=format\u0026fit=crop\u0026q=80\u0026w=1000\"]",
          "price": 150000,
          "rating_average": 0,
          "requirements": "[]",
          "slug": "instagram-automation-bot",
          "tech_stack": "[\"Python\", \"Selenium\"]",
          "title": "Instagram Automation Bot",
          "type": "scripts",
          "updated_at": "2026-01-13T02:20:25.212431+07:00",
          "views_count": 0
        },
        {
          "category": {
            "created_at": "2026-01-08T21:55:42.322557+07:00",
            "description": "UI kits and website templates",
            "icon": "layout",
            "id": 2,
            "is_active": true,
            "name": "Templates",
            "order": 2,
            "slug": "templates",
            "updated_at": "2026-01-08T21:55:42.322557+07:00"
          },
          "category_id": 2,
          "created_at": "2026-01-13T02:20:25.211149+07:00",
          "created_by": 1,
          "description": "Clean, responsive, and customizable admin dashboard template built with Vue 3 and Tailwind CSS.",
          "downloads_count": 0,
          "features": "[\"Dark Mode Support\", \"Responsive Layout\", \"Chart.js Integration\", \"Form Components\"]",
          "id": 4,
          "is_active": true,
          "preview_images": "[\"https://images.unsplash.com/photo-1551288049-bebda4e38f71?auto=format\u0026fit=crop\u0026q=80\u0026w=1000\"]",
          "price": 250000,
          "rating_average": 0,
          "requirements": "[]",
          "slug": "modern-admin-dashboard",
          "tech_stack": "[\"Vue 3\", \"Tailwind CSS\", \"Vite\"]",
          "title": "Modern Admin Dashboard UI",
          "type": "template",
          "updated_at": "2026-01-13T02:20:25.211149+07:00",
          "views_count": 0
        },
        {
          "category": {
            "created_at": "2026-01-08T21:55:42.325061+07:00",
            "description": "Flutter, React Native, and native apps",
            "icon": "smartphone",
            "id": 3,
            "is_active": true,
            "name": "Mobile Apps",
            "order": 3,
            "slug": "mobile-apps",
            "updated_at": "2026-01-08T21:55:42.325061+07:00"
          },
          "category_id": 3,
          "created_at": "2026-01-13T02:20:25.210572+07:00",
          "created_by": 1,
          "description": "Uber Eats clone made with Flutter. Beautiful animations, real-time tracking, and vendor dashboard included. Works on both iOS and Android.",
          "downloads_count": 0,
          "features": "[\"Real-time Tracking\", \"Push Notifications\", \"Vendor App\", \"Dark Mode\"]",
          "id": 3,
          "is_active": true,
          "preview_images": "[\"https://images.unsplash.com/photo-1512941937669-90a1b58e7e9c?auto=format\u0026fit=crop\u0026q=80\u0026w=1000\"]",
          "price": 500000,
          "rating_average": 0,
          "requirements": "[]",
          "slug": "flutter-delivery-app",
          "tech_stack": "[\"Flutter\", \"Firebase\", \"Google Maps API\"]",
          "title": "Flutter Delivery App",
          "type": "mobile_apps",
          "updated_at": "2026-01-13T02:20:25.210572+07:00",
          "views_count": 0
        },
        {
          "category": {
            "created_at": "2026-01-08T21:55:42.314623+07:00",
            "description": "Full application source codes",
            "icon": "code",
            "id": 1,
            "is_active": true,
            "name": "Source Code",
            "order": 1,
            "slug": "source-code",
            "updated_at": "2026-01-08T21:55:42.314623+07:00"
          },
          "category_id": 1,
          "created_at": "2026-01-13T02:20:25.20936+07:00",
          "created_by": 1,
          "description": "Launch your SaaS in days with this comprehensive Next.js boilerplate. Includes Stripe integration, Authentication, Database setup with Prisma, and tailwind UI components.",
          "downloads_count": 0,
          "features": "[\"Authentication\", \"Subscription Payments\", \"Admin Dashboard\", \"SEO Optimized\"]",
          "id": 2,
          "is_active": true,
          "preview_images": "[\"https://images.unsplash.com/photo-1618477247222-ac591245363d?auto=format\u0026fit=crop\u0026q=80\u0026w=1000\"]",
          "price": 750000,
          "rating_average": 0,
          "requirements": "[]",
          "slug": "nextjs-saas-boilerplate",
          "tech_stack": "[\"Next.js\", \"TypeScript\", \"Tailwind CSS\", \"Prisma\", \"Stripe\"]",
          "title": "NextJS SaaS Boilerplate",
          "type": "source_code",
          "updated_at": "2026-01-13T02:20:25.20936+07:00",
          "views_count": 0
        },
        {
          "category": {
            "created_at": "2026-01-08T21:55:42.314623+07:00",
            "description": "Full application source codes",
            "icon": "code",
            "id": 1,
            "is_active": true,
            "name": "Source Code",
            "order": 1,
            "slug": "source-code",
            "updated_at": "2026-01-08T21:55:42.314623+07:00"
          },
          "category_id": 1,
          "created_at": "2026-01-13T02:20:25.197105+07:00",
          "created_by": 1,
          "description": "A complete microservices-based e-commerce backend written in Go (Golang). Includes services for products, orders, users, and payments. Features gRPC communication, Kafka event bus, and Docker compose setup.",
          "downloads_count": 0,
          "features": "[\"Microservices Architecture\", \"gRPC Communication\", \"Event-Driven\", \"Scalable\"]",
          "id": 1,
          "is_active": true,
          "preview_images": "[\"https://images.unsplash.com/photo-1555949963-aa79dcee981c?auto=format\u0026fit=crop\u0026q=80\u0026w=1000\", \"https://images.unsplash.com/photo-1555066931-4365d14bab8c?auto=format\u0026fit=crop\u0026q=80\u0026w=1000\"]",
          "price": 1500000,
          "rating_average": 0,
          "requirements": "[]",
          "slug": "ecommerce-microservices-go",
          "tech_stack": "[\"Golang\", \"gRPC\", \"Kafka\", \"PostgreSQL\", \"Docker\"]",
          "title": "E-Commerce Microservices Go",
          "type": "source_code",
          "updated_at": "2026-01-13T02:20:25.197105+07:00",
          "views_count": 0
        }
      ],
      "total": 5
    },
    "message": "Products retrieved successfully",
    "success": true
  },
  "duration": "5.4808ms",
  "duration_ms": 5,
  "client_ip": "::1",
  "user_agent": "Mozilla/5.0 (Windows NT 10.0; Win64; x64) AppleWebKit/537.36 (KHTML, like Gecko) Chrome/143.0.0.0 Safari/537.36"
}
========================================

{
  "timestamp": "2026-01-14 23:04:13",
  "method": "GET",
  "path": "/api/v1/auth/google",
  "headers": {
    "Accept": "text/html,application/xhtml+xml,application/xml;q=0.9,image/avif,image/webp,image/apng,*/*;q=0.8,application/signed-exchange;v=b3;q=0.7",
    "Authorization": "",
    "Content-Type": ""
  },
  "status_code": 307,
  "response_body": "\u003ca href=\"https://accounts.google.com/o/oauth2/auth?client_id=212161497936-oh0hsngh0pgt1fch5i1mv52k44s7dk4r.apps.googleusercontent.com\u0026amp;redirect_uri=http%3A%2F%2Flocalhost%3A8080%2Fapi%2Fv1%2Fauth%2Fgoogle%2Fcallback\u0026amp;response_type=code\u0026amp;scope=https%3A%2F%2Fwww.googleapis.com%2Fauth%2Fuserinfo.email+https%3A%2F%2Fwww.googleapis.com%2Fauth%2Fuserinfo.profile+openid\u0026amp;state=state\"\u003eTemporary Redirect\u003c/a\u003e.\n\n",
  "duration": "0s",
  "duration_ms": 0,
  "client_ip": "::1",
  "user_agent": "Mozilla/5.0 (Windows NT 10.0; Win64; x64) AppleWebKit/537.36 (KHTML, like Gecko) Chrome/143.0.0.0 Safari/537.36"
}
========================================

{
  "timestamp": "2026-01-14 23:04:14",
  "method": "GET",
  "path": "/api/v1/auth/google/callback",
  "query": {
    "authuser": "0",
    "code": "4/0ASc3gC3P6ObcuP8GsVfHUEJ7B84-u4aqyKDHuoJGORAUUeJC13eYv5UibdESoBQD-JANlg",
    "prompt": "none",
    "scope": "email profile openid https://www.googleapis.com/auth/userinfo.email https://www.googleapis.com/auth/userinfo.profile",
    "state": "state"
  },
  "headers": {
    "Accept": "text/html,application/xhtml+xml,application/xml;q=0.9,image/avif,image/webp,image/apng,*/*;q=0.8,application/signed-exchange;v=b3;q=0.7",
    "Authorization": "",
    "Content-Type": ""
  },
  "status_code": 307,
  "response_body": "\u003ca href=\"http://localhost:3000/auth/callback?token=eyJhbGciOiJIUzI1NiIsInR5cCI6IkpXVCJ9.eyJ1c2VyX2lkIjo0LCJlbWFpbCI6ImFzdGlza3JpcHNpQGdtYWlsLmNvbSIsInJvbGUiOiJ1c2VyIiwiZXhwIjoxNzY4NDkzMDU0LCJpYXQiOjE3Njg0MDY2NTR9.7okCPPmn4cZVCl1KCb2VL06veT1y8kEX0OIytRzMTgM\u0026amp;user=%7B%22id%22%3A4%2C%22name%22%3A%22asti+skripsi%22%2C%22email%22%3A%22astiskripsi%40gmail.com%22%2C%22role%22%3A%22user%22%2C%22provider%22%3A%22google%22%2C%22avatar_url%22%3A%22https%3A%2F%2Flh3.googleusercontent.com%2Fa%2FACg8ocLOHKNPjTpl7LKo4pjfvlfagYmFdwqHOWsaZpbVZeDuy9WkFA%3Ds96-c%22%2C%22is_verified%22%3Atrue%2C%22created_at%22%3A%222026-01-14T22%3A47%3A00.729216%2B07%3A00%22%7D\"\u003eTemporary Redirect\u003c/a\u003e.\n\n",
  "duration": "266.7098ms",
  "duration_ms": 266,
  "client_ip": "::1",
  "user_agent": "Mozilla/5.0 (Windows NT 10.0; Win64; x64) AppleWebKit/537.36 (KHTML, like Gecko) Chrome/143.0.0.0 Safari/537.36"
}
========================================

{
  "timestamp": "2026-01-14 23:04:14",
  "method": "OPTIONS",
  "path": "/api/v1/cart",
  "headers": {
    "Accept": "*/*",
    "Authorization": "",
    "Content-Type": ""
  },
  "status_code": 204,
  "duration": "0s",
  "duration_ms": 0,
  "client_ip": "::1",
  "user_agent": "Mozilla/5.0 (Windows NT 10.0; Win64; x64) AppleWebKit/537.36 (KHTML, like Gecko) Chrome/143.0.0.0 Safari/537.36"
}
========================================

{
  "timestamp": "2026-01-14 23:04:14",
  "method": "GET",
  "path": "/api/v1/cart",
  "headers": {
    "Accept": "application/json, text/plain, */*",
    "Authorization": "Bearer ...MTgM",
    "Content-Type": ""
  },
  "status_code": 200,
  "response_body": {
    "data": {
      "items": [],
      "total": 0
    },
    "message": "Cart retrieved successfully",
    "success": true
  },
  "duration": "503.1µs",
  "duration_ms": 0,
  "client_ip": "::1",
  "user_agent": "Mozilla/5.0 (Windows NT 10.0; Win64; x64) AppleWebKit/537.36 (KHTML, like Gecko) Chrome/143.0.0.0 Safari/537.36",
  "user_id": 4,
  "user_email": "astiskripsi@gmail.com"
}
========================================

{
  "timestamp": "2026-01-14 23:04:14",
  "method": "OPTIONS",
  "path": "/api/v1/wishlist",
  "headers": {
    "Accept": "*/*",
    "Authorization": "",
    "Content-Type": ""
  },
  "status_code": 204,
  "duration": "0s",
  "duration_ms": 0,
  "client_ip": "::1",
  "user_agent": "Mozilla/5.0 (Windows NT 10.0; Win64; x64) AppleWebKit/537.36 (KHTML, like Gecko) Chrome/143.0.0.0 Safari/537.36"
}
========================================

{
  "timestamp": "2026-01-14 23:04:14",
  "method": "GET",
  "path": "/api/v1/wishlist",
  "headers": {
    "Accept": "application/json, text/plain, */*",
    "Authorization": "Bearer ...MTgM",
    "Content-Type": ""
  },
  "status_code": 200,
  "response_body": {
    "data": [],
    "message": "Wishlist retrieved successfully",
    "success": true
  },
  "duration": "644.9µs",
  "duration_ms": 0,
  "client_ip": "::1",
  "user_agent": "Mozilla/5.0 (Windows NT 10.0; Win64; x64) AppleWebKit/537.36 (KHTML, like Gecko) Chrome/143.0.0.0 Safari/537.36",
  "user_id": 4,
  "user_email": "astiskripsi@gmail.com"
}
========================================

{
  "timestamp": "2026-01-14 23:04:16",
  "method": "GET",
  "path": "/api/v1/cart",
  "headers": {
    "Accept": "application/json, text/plain, */*",
    "Authorization": "Bearer ...MTgM",
    "Content-Type": ""
  },
  "status_code": 200,
  "response_body": {
    "data": {
      "items": [],
      "total": 0
    },
    "message": "Cart retrieved successfully",
    "success": true
  },
  "duration": "2.0092ms",
  "duration_ms": 2,
  "client_ip": "::1",
  "user_agent": "Mozilla/5.0 (Windows NT 10.0; Win64; x64) AppleWebKit/537.36 (KHTML, like Gecko) Chrome/143.0.0.0 Safari/537.36",
  "user_id": 4,
  "user_email": "astiskripsi@gmail.com"
}
========================================

{
  "timestamp": "2026-01-14 23:04:16",
  "method": "GET",
  "path": "/api/v1/wishlist",
  "headers": {
    "Accept": "application/json, text/plain, */*",
    "Authorization": "Bearer ...MTgM",
    "Content-Type": ""
  },
  "status_code": 200,
  "response_body": {
    "data": [],
    "message": "Wishlist retrieved successfully",
    "success": true
  },
  "duration": "1.1371ms",
  "duration_ms": 1,
  "client_ip": "::1",
  "user_agent": "Mozilla/5.0 (Windows NT 10.0; Win64; x64) AppleWebKit/537.36 (KHTML, like Gecko) Chrome/143.0.0.0 Safari/537.36",
  "user_id": 4,
  "user_email": "astiskripsi@gmail.com"
}
========================================

{
  "timestamp": "2026-01-14 23:04:16",
  "method": "OPTIONS",
  "path": "/api/v1/products",
  "query": {
    "limit": "6"
  },
  "headers": {
    "Accept": "*/*",
    "Authorization": "",
    "Content-Type": ""
  },
  "status_code": 204,
  "duration": "0s",
  "duration_ms": 0,
  "client_ip": "::1",
  "user_agent": "Mozilla/5.0 (Windows NT 10.0; Win64; x64) AppleWebKit/537.36 (KHTML, like Gecko) Chrome/143.0.0.0 Safari/537.36"
}
========================================

{
  "timestamp": "2026-01-14 23:04:16",
  "method": "GET",
  "path": "/api/v1/products",
  "query": {
    "limit": "6"
  },
  "headers": {
    "Accept": "application/json, text/plain, */*",
    "Authorization": "Bearer ...MTgM",
    "Content-Type": ""
  },
  "status_code": 200,
  "response_body": {
    "data": {
      "limit": 6,
      "page": 1,
      "products": [
        {
          "category": {
            "created_at": "2026-01-08T21:55:42.326209+07:00",
            "description": "Python, PHP, and JS utility scripts",
            "icon": "terminal",
            "id": 4,
            "is_active": true,
            "name": "Scripts",
            "order": 4,
            "slug": "scripts",
            "updated_at": "2026-01-08T21:55:42.326209+07:00"
          },
          "category_id": 4,
          "created_at": "2026-01-13T02:20:25.212431+07:00",
          "created_by": 1,
          "description": "Python script to automate likes, follows, and comments. Includes safety limits to prevent account bans.",
          "downloads_count": 0,
          "features": "[\"Auto Like\", \"Auto Follow\", \"Targeting by Hashtag\"]",
          "id": 5,
          "is_active": true,
          "preview_images": "[\"https://images.unsplash.com/photo-1611162617474-5b21e879e113?auto=format\u0026fit=crop\u0026q=80\u0026w=1000\"]",
          "price": 150000,
          "rating_average": 0,
          "requirements": "[]",
          "slug": "instagram-automation-bot",
          "tech_stack": "[\"Python\", \"Selenium\"]",
          "title": "Instagram Automation Bot",
          "type": "scripts",
          "updated_at": "2026-01-13T02:20:25.212431+07:00",
          "views_count": 0
        },
        {
          "category": {
            "created_at": "2026-01-08T21:55:42.322557+07:00",
            "description": "UI kits and website templates",
            "icon": "layout",
            "id": 2,
            "is_active": true,
            "name": "Templates",
            "order": 2,
            "slug": "templates",
            "updated_at": "2026-01-08T21:55:42.322557+07:00"
          },
          "category_id": 2,
          "created_at": "2026-01-13T02:20:25.211149+07:00",
          "created_by": 1,
          "description": "Clean, responsive, and customizable admin dashboard template built with Vue 3 and Tailwind CSS.",
          "downloads_count": 0,
          "features": "[\"Dark Mode Support\", \"Responsive Layout\", \"Chart.js Integration\", \"Form Components\"]",
          "id": 4,
          "is_active": true,
          "preview_images": "[\"https://images.unsplash.com/photo-1551288049-bebda4e38f71?auto=format\u0026fit=crop\u0026q=80\u0026w=1000\"]",
          "price": 250000,
          "rating_average": 0,
          "requirements": "[]",
          "slug": "modern-admin-dashboard",
          "tech_stack": "[\"Vue 3\", \"Tailwind CSS\", \"Vite\"]",
          "title": "Modern Admin Dashboard UI",
          "type": "template",
          "updated_at": "2026-01-13T02:20:25.211149+07:00",
          "views_count": 0
        },
        {
          "category": {
            "created_at": "2026-01-08T21:55:42.325061+07:00",
            "description": "Flutter, React Native, and native apps",
            "icon": "smartphone",
            "id": 3,
            "is_active": true,
            "name": "Mobile Apps",
            "order": 3,
            "slug": "mobile-apps",
            "updated_at": "2026-01-08T21:55:42.325061+07:00"
          },
          "category_id": 3,
          "created_at": "2026-01-13T02:20:25.210572+07:00",
          "created_by": 1,
          "description": "Uber Eats clone made with Flutter. Beautiful animations, real-time tracking, and vendor dashboard included. Works on both iOS and Android.",
          "downloads_count": 0,
          "features": "[\"Real-time Tracking\", \"Push Notifications\", \"Vendor App\", \"Dark Mode\"]",
          "id": 3,
          "is_active": true,
          "preview_images": "[\"https://images.unsplash.com/photo-1512941937669-90a1b58e7e9c?auto=format\u0026fit=crop\u0026q=80\u0026w=1000\"]",
          "price": 500000,
          "rating_average": 0,
          "requirements": "[]",
          "slug": "flutter-delivery-app",
          "tech_stack": "[\"Flutter\", \"Firebase\", \"Google Maps API\"]",
          "title": "Flutter Delivery App",
          "type": "mobile_apps",
          "updated_at": "2026-01-13T02:20:25.210572+07:00",
          "views_count": 0
        },
        {
          "category": {
            "created_at": "2026-01-08T21:55:42.314623+07:00",
            "description": "Full application source codes",
            "icon": "code",
            "id": 1,
            "is_active": true,
            "name": "Source Code",
            "order": 1,
            "slug": "source-code",
            "updated_at": "2026-01-08T21:55:42.314623+07:00"
          },
          "category_id": 1,
          "created_at": "2026-01-13T02:20:25.20936+07:00",
          "created_by": 1,
          "description": "Launch your SaaS in days with this comprehensive Next.js boilerplate. Includes Stripe integration, Authentication, Database setup with Prisma, and tailwind UI components.",
          "downloads_count": 0,
          "features": "[\"Authentication\", \"Subscription Payments\", \"Admin Dashboard\", \"SEO Optimized\"]",
          "id": 2,
          "is_active": true,
          "preview_images": "[\"https://images.unsplash.com/photo-1618477247222-ac591245363d?auto=format\u0026fit=crop\u0026q=80\u0026w=1000\"]",
          "price": 750000,
          "rating_average": 0,
          "requirements": "[]",
          "slug": "nextjs-saas-boilerplate",
          "tech_stack": "[\"Next.js\", \"TypeScript\", \"Tailwind CSS\", \"Prisma\", \"Stripe\"]",
          "title": "NextJS SaaS Boilerplate",
          "type": "source_code",
          "updated_at": "2026-01-13T02:20:25.20936+07:00",
          "views_count": 0
        },
        {
          "category": {
            "created_at": "2026-01-08T21:55:42.314623+07:00",
            "description": "Full application source codes",
            "icon": "code",
            "id": 1,
            "is_active": true,
            "name": "Source Code",
            "order": 1,
            "slug": "source-code",
            "updated_at": "2026-01-08T21:55:42.314623+07:00"
          },
          "category_id": 1,
          "created_at": "2026-01-13T02:20:25.197105+07:00",
          "created_by": 1,
          "description": "A complete microservices-based e-commerce backend written in Go (Golang). Includes services for products, orders, users, and payments. Features gRPC communication, Kafka event bus, and Docker compose setup.",
          "downloads_count": 0,
          "features": "[\"Microservices Architecture\", \"gRPC Communication\", \"Event-Driven\", \"Scalable\"]",
          "id": 1,
          "is_active": true,
          "preview_images": "[\"https://images.unsplash.com/photo-1555949963-aa79dcee981c?auto=format\u0026fit=crop\u0026q=80\u0026w=1000\", \"https://images.unsplash.com/photo-1555066931-4365d14bab8c?auto=format\u0026fit=crop\u0026q=80\u0026w=1000\"]",
          "price": 1500000,
          "rating_average": 0,
          "requirements": "[]",
          "slug": "ecommerce-microservices-go",
          "tech_stack": "[\"Golang\", \"gRPC\", \"Kafka\", \"PostgreSQL\", \"Docker\"]",
          "title": "E-Commerce Microservices Go",
          "type": "source_code",
          "updated_at": "2026-01-13T02:20:25.197105+07:00",
          "views_count": 0
        }
      ],
      "total": 5
    },
    "message": "Products retrieved successfully",
    "success": true
  },
  "duration": "2.1397ms",
  "duration_ms": 2,
  "client_ip": "::1",
  "user_agent": "Mozilla/5.0 (Windows NT 10.0; Win64; x64) AppleWebKit/537.36 (KHTML, like Gecko) Chrome/143.0.0.0 Safari/537.36"
}
========================================

{
  "timestamp": "2026-01-14 23:04:22",
  "method": "GET",
  "path": "/api/v1/auth/google",
  "headers": {
    "Accept": "text/html,application/xhtml+xml,application/xml;q=0.9,image/avif,image/webp,image/apng,*/*;q=0.8,application/signed-exchange;v=b3;q=0.7",
    "Authorization": "",
    "Content-Type": ""
  },
  "status_code": 307,
  "response_body": "\u003ca href=\"https://accounts.google.com/o/oauth2/auth?client_id=212161497936-oh0hsngh0pgt1fch5i1mv52k44s7dk4r.apps.googleusercontent.com\u0026amp;redirect_uri=http%3A%2F%2Flocalhost%3A8080%2Fapi%2Fv1%2Fauth%2Fgoogle%2Fcallback\u0026amp;response_type=code\u0026amp;scope=https%3A%2F%2Fwww.googleapis.com%2Fauth%2Fuserinfo.email+https%3A%2F%2Fwww.googleapis.com%2Fauth%2Fuserinfo.profile+openid\u0026amp;state=state\"\u003eTemporary Redirect\u003c/a\u003e.\n\n",
  "duration": "0s",
  "duration_ms": 0,
  "client_ip": "::1",
  "user_agent": "Mozilla/5.0 (Windows NT 10.0; Win64; x64) AppleWebKit/537.36 (KHTML, like Gecko) Chrome/143.0.0.0 Safari/537.36"
}
========================================

{
  "timestamp": "2026-01-14 23:04:23",
  "method": "GET",
  "path": "/api/v1/auth/google/callback",
  "query": {
    "authuser": "0",
    "code": "4/0ASc3gC0t8GucCxZ18hArcnWa3MUslQMUory0eI9RTynzEtRDG3ySHcAIFXVrl7s3ynfrgA",
    "prompt": "none",
    "scope": "email profile https://www.googleapis.com/auth/userinfo.email https://www.googleapis.com/auth/userinfo.profile openid",
    "state": "state"
  },
  "headers": {
    "Accept": "text/html,application/xhtml+xml,application/xml;q=0.9,image/avif,image/webp,image/apng,*/*;q=0.8,application/signed-exchange;v=b3;q=0.7",
    "Authorization": "",
    "Content-Type": ""
  },
  "status_code": 307,
  "response_body": "\u003ca href=\"http://localhost:3000/auth/callback?token=eyJhbGciOiJIUzI1NiIsInR5cCI6IkpXVCJ9.eyJ1c2VyX2lkIjo0LCJlbWFpbCI6ImFzdGlza3JpcHNpQGdtYWlsLmNvbSIsInJvbGUiOiJ1c2VyIiwiZXhwIjoxNzY4NDkzMDYzLCJpYXQiOjE3Njg0MDY2NjN9.Z0FmcD8aMXtlGnHVr3QqAU1lVV7267-fqOHStqr02Ds\u0026amp;user=%7B%22id%22%3A4%2C%22name%22%3A%22asti+skripsi%22%2C%22email%22%3A%22astiskripsi%40gmail.com%22%2C%22role%22%3A%22user%22%2C%22provider%22%3A%22google%22%2C%22avatar_url%22%3A%22https%3A%2F%2Flh3.googleusercontent.com%2Fa%2FACg8ocLOHKNPjTpl7LKo4pjfvlfagYmFdwqHOWsaZpbVZeDuy9WkFA%3Ds96-c%22%2C%22is_verified%22%3Atrue%2C%22created_at%22%3A%222026-01-14T22%3A47%3A00.729216%2B07%3A00%22%7D\"\u003eTemporary Redirect\u003c/a\u003e.\n\n",
  "duration": "258.9481ms",
  "duration_ms": 258,
  "client_ip": "::1",
  "user_agent": "Mozilla/5.0 (Windows NT 10.0; Win64; x64) AppleWebKit/537.36 (KHTML, like Gecko) Chrome/143.0.0.0 Safari/537.36"
}
========================================

{
  "timestamp": "2026-01-14 23:04:23",
  "method": "OPTIONS",
  "path": "/api/v1/cart",
  "headers": {
    "Accept": "*/*",
    "Authorization": "",
    "Content-Type": ""
  },
  "status_code": 204,
  "duration": "401.8µs",
  "duration_ms": 0,
  "client_ip": "::1",
  "user_agent": "Mozilla/5.0 (Windows NT 10.0; Win64; x64) AppleWebKit/537.36 (KHTML, like Gecko) Chrome/143.0.0.0 Safari/537.36"
}
========================================

{
  "timestamp": "2026-01-14 23:04:23",
  "method": "GET",
  "path": "/api/v1/cart",
  "headers": {
    "Accept": "application/json, text/plain, */*",
    "Authorization": "Bearer ...02Ds",
    "Content-Type": ""
  },
  "status_code": 200,
  "response_body": {
    "data": {
      "items": [],
      "total": 0
    },
    "message": "Cart retrieved successfully",
    "success": true
  },
  "duration": "503.6µs",
  "duration_ms": 0,
  "client_ip": "::1",
  "user_agent": "Mozilla/5.0 (Windows NT 10.0; Win64; x64) AppleWebKit/537.36 (KHTML, like Gecko) Chrome/143.0.0.0 Safari/537.36",
  "user_id": 4,
  "user_email": "astiskripsi@gmail.com"
}
========================================

{
  "timestamp": "2026-01-14 23:04:23",
  "method": "OPTIONS",
  "path": "/api/v1/wishlist",
  "headers": {
    "Accept": "*/*",
    "Authorization": "",
    "Content-Type": ""
  },
  "status_code": 204,
  "duration": "0s",
  "duration_ms": 0,
  "client_ip": "::1",
  "user_agent": "Mozilla/5.0 (Windows NT 10.0; Win64; x64) AppleWebKit/537.36 (KHTML, like Gecko) Chrome/143.0.0.0 Safari/537.36"
}
========================================

{
  "timestamp": "2026-01-14 23:04:23",
  "method": "GET",
  "path": "/api/v1/wishlist",
  "headers": {
    "Accept": "application/json, text/plain, */*",
    "Authorization": "Bearer ...02Ds",
    "Content-Type": ""
  },
  "status_code": 200,
  "response_body": {
    "data": [],
    "message": "Wishlist retrieved successfully",
    "success": true
  },
  "duration": "553.9µs",
  "duration_ms": 0,
  "client_ip": "::1",
  "user_agent": "Mozilla/5.0 (Windows NT 10.0; Win64; x64) AppleWebKit/537.36 (KHTML, like Gecko) Chrome/143.0.0.0 Safari/537.36",
  "user_id": 4,
  "user_email": "astiskripsi@gmail.com"
}
========================================

{
  "timestamp": "2026-01-14 23:10:11",
  "method": "OPTIONS",
  "path": "/api/v1/cart",
  "headers": {
    "Accept": "*/*",
    "Authorization": "",
    "Content-Type": ""
  },
  "status_code": 204,
  "duration": "0s",
  "duration_ms": 0,
  "client_ip": "::1",
  "user_agent": "Mozilla/5.0 (Windows NT 10.0; Win64; x64) AppleWebKit/537.36 (KHTML, like Gecko) Chrome/143.0.0.0 Safari/537.36"
}
========================================

{
  "timestamp": "2026-01-14 23:10:11",
  "method": "GET",
  "path": "/api/v1/cart",
  "headers": {
    "Accept": "application/json, text/plain, */*",
    "Authorization": "Bearer ...02Ds",
    "Content-Type": ""
  },
  "status_code": 200,
  "response_body": {
    "data": {
      "items": [],
      "total": 0
    },
    "message": "Cart retrieved successfully",
    "success": true
  },
  "duration": "2.0097ms",
  "duration_ms": 2,
  "client_ip": "::1",
  "user_agent": "Mozilla/5.0 (Windows NT 10.0; Win64; x64) AppleWebKit/537.36 (KHTML, like Gecko) Chrome/143.0.0.0 Safari/537.36",
  "user_id": 4,
  "user_email": "astiskripsi@gmail.com"
}
========================================

{
  "timestamp": "2026-01-14 23:10:11",
  "method": "OPTIONS",
  "path": "/api/v1/wishlist",
  "headers": {
    "Accept": "*/*",
    "Authorization": "",
    "Content-Type": ""
  },
  "status_code": 204,
  "duration": "0s",
  "duration_ms": 0,
  "client_ip": "::1",
  "user_agent": "Mozilla/5.0 (Windows NT 10.0; Win64; x64) AppleWebKit/537.36 (KHTML, like Gecko) Chrome/143.0.0.0 Safari/537.36"
}
========================================

{
  "timestamp": "2026-01-14 23:10:11",
  "method": "GET",
  "path": "/api/v1/wishlist",
  "headers": {
    "Accept": "application/json, text/plain, */*",
    "Authorization": "Bearer ...02Ds",
    "Content-Type": ""
  },
  "status_code": 200,
  "response_body": {
    "data": [],
    "message": "Wishlist retrieved successfully",
    "success": true
  },
  "duration": "2.3706ms",
  "duration_ms": 2,
  "client_ip": "::1",
  "user_agent": "Mozilla/5.0 (Windows NT 10.0; Win64; x64) AppleWebKit/537.36 (KHTML, like Gecko) Chrome/143.0.0.0 Safari/537.36",
  "user_id": 4,
  "user_email": "astiskripsi@gmail.com"
}
========================================

{
  "timestamp": "2026-01-14 23:10:11",
  "method": "OPTIONS",
  "path": "/api/v1/products",
  "query": {
    "limit": "6"
  },
  "headers": {
    "Accept": "*/*",
    "Authorization": "",
    "Content-Type": ""
  },
  "status_code": 204,
  "duration": "0s",
  "duration_ms": 0,
  "client_ip": "::1",
  "user_agent": "Mozilla/5.0 (Windows NT 10.0; Win64; x64) AppleWebKit/537.36 (KHTML, like Gecko) Chrome/143.0.0.0 Safari/537.36"
}
========================================

{
  "timestamp": "2026-01-14 23:10:11",
  "method": "GET",
  "path": "/api/v1/products",
  "query": {
    "limit": "6"
  },
  "headers": {
    "Accept": "application/json, text/plain, */*",
    "Authorization": "Bearer ...02Ds",
    "Content-Type": ""
  },
  "status_code": 200,
  "response_body": {
    "data": {
      "limit": 6,
      "page": 1,
      "products": [
        {
          "category": {
            "created_at": "2026-01-08T21:55:42.326209+07:00",
            "description": "Python, PHP, and JS utility scripts",
            "icon": "terminal",
            "id": 4,
            "is_active": true,
            "name": "Scripts",
            "order": 4,
            "slug": "scripts",
            "updated_at": "2026-01-08T21:55:42.326209+07:00"
          },
          "category_id": 4,
          "created_at": "2026-01-13T02:20:25.212431+07:00",
          "created_by": 1,
          "description": "Python script to automate likes, follows, and comments. Includes safety limits to prevent account bans.",
          "downloads_count": 0,
          "features": "[\"Auto Like\", \"Auto Follow\", \"Targeting by Hashtag\"]",
          "id": 5,
          "is_active": true,
          "preview_images": "[\"https://images.unsplash.com/photo-1611162617474-5b21e879e113?auto=format\u0026fit=crop\u0026q=80\u0026w=1000\"]",
          "price": 150000,
          "rating_average": 0,
          "requirements": "[]",
          "slug": "instagram-automation-bot",
          "tech_stack": "[\"Python\", \"Selenium\"]",
          "title": "Instagram Automation Bot",
          "type": "scripts",
          "updated_at": "2026-01-13T02:20:25.212431+07:00",
          "views_count": 0
        },
        {
          "category": {
            "created_at": "2026-01-08T21:55:42.322557+07:00",
            "description": "UI kits and website templates",
            "icon": "layout",
            "id": 2,
            "is_active": true,
            "name": "Templates",
            "order": 2,
            "slug": "templates",
            "updated_at": "2026-01-08T21:55:42.322557+07:00"
          },
          "category_id": 2,
          "created_at": "2026-01-13T02:20:25.211149+07:00",
          "created_by": 1,
          "description": "Clean, responsive, and customizable admin dashboard template built with Vue 3 and Tailwind CSS.",
          "downloads_count": 0,
          "features": "[\"Dark Mode Support\", \"Responsive Layout\", \"Chart.js Integration\", \"Form Components\"]",
          "id": 4,
          "is_active": true,
          "preview_images": "[\"https://images.unsplash.com/photo-1551288049-bebda4e38f71?auto=format\u0026fit=crop\u0026q=80\u0026w=1000\"]",
          "price": 250000,
          "rating_average": 0,
          "requirements": "[]",
          "slug": "modern-admin-dashboard",
          "tech_stack": "[\"Vue 3\", \"Tailwind CSS\", \"Vite\"]",
          "title": "Modern Admin Dashboard UI",
          "type": "template",
          "updated_at": "2026-01-13T02:20:25.211149+07:00",
          "views_count": 0
        },
        {
          "category": {
            "created_at": "2026-01-08T21:55:42.325061+07:00",
            "description": "Flutter, React Native, and native apps",
            "icon": "smartphone",
            "id": 3,
            "is_active": true,
            "name": "Mobile Apps",
            "order": 3,
            "slug": "mobile-apps",
            "updated_at": "2026-01-08T21:55:42.325061+07:00"
          },
          "category_id": 3,
          "created_at": "2026-01-13T02:20:25.210572+07:00",
          "created_by": 1,
          "description": "Uber Eats clone made with Flutter. Beautiful animations, real-time tracking, and vendor dashboard included. Works on both iOS and Android.",
          "downloads_count": 0,
          "features": "[\"Real-time Tracking\", \"Push Notifications\", \"Vendor App\", \"Dark Mode\"]",
          "id": 3,
          "is_active": true,
          "preview_images": "[\"https://images.unsplash.com/photo-1512941937669-90a1b58e7e9c?auto=format\u0026fit=crop\u0026q=80\u0026w=1000\"]",
          "price": 500000,
          "rating_average": 0,
          "requirements": "[]",
          "slug": "flutter-delivery-app",
          "tech_stack": "[\"Flutter\", \"Firebase\", \"Google Maps API\"]",
          "title": "Flutter Delivery App",
          "type": "mobile_apps",
          "updated_at": "2026-01-13T02:20:25.210572+07:00",
          "views_count": 0
        },
        {
          "category": {
            "created_at": "2026-01-08T21:55:42.314623+07:00",
            "description": "Full application source codes",
            "icon": "code",
            "id": 1,
            "is_active": true,
            "name": "Source Code",
            "order": 1,
            "slug": "source-code",
            "updated_at": "2026-01-08T21:55:42.314623+07:00"
          },
          "category_id": 1,
          "created_at": "2026-01-13T02:20:25.20936+07:00",
          "created_by": 1,
          "description": "Launch your SaaS in days with this comprehensive Next.js boilerplate. Includes Stripe integration, Authentication, Database setup with Prisma, and tailwind UI components.",
          "downloads_count": 0,
          "features": "[\"Authentication\", \"Subscription Payments\", \"Admin Dashboard\", \"SEO Optimized\"]",
          "id": 2,
          "is_active": true,
          "preview_images": "[\"https://images.unsplash.com/photo-1618477247222-ac591245363d?auto=format\u0026fit=crop\u0026q=80\u0026w=1000\"]",
          "price": 750000,
          "rating_average": 0,
          "requirements": "[]",
          "slug": "nextjs-saas-boilerplate",
          "tech_stack": "[\"Next.js\", \"TypeScript\", \"Tailwind CSS\", \"Prisma\", \"Stripe\"]",
          "title": "NextJS SaaS Boilerplate",
          "type": "source_code",
          "updated_at": "2026-01-13T02:20:25.20936+07:00",
          "views_count": 0
        },
        {
          "category": {
            "created_at": "2026-01-08T21:55:42.314623+07:00",
            "description": "Full application source codes",
            "icon": "code",
            "id": 1,
            "is_active": true,
            "name": "Source Code",
            "order": 1,
            "slug": "source-code",
            "updated_at": "2026-01-08T21:55:42.314623+07:00"
          },
          "category_id": 1,
          "created_at": "2026-01-13T02:20:25.197105+07:00",
          "created_by": 1,
          "description": "A complete microservices-based e-commerce backend written in Go (Golang). Includes services for products, orders, users, and payments. Features gRPC communication, Kafka event bus, and Docker compose setup.",
          "downloads_count": 0,
          "features": "[\"Microservices Architecture\", \"gRPC Communication\", \"Event-Driven\", \"Scalable\"]",
          "id": 1,
          "is_active": true,
          "preview_images": "[\"https://images.unsplash.com/photo-1555949963-aa79dcee981c?auto=format\u0026fit=crop\u0026q=80\u0026w=1000\", \"https://images.unsplash.com/photo-1555066931-4365d14bab8c?auto=format\u0026fit=crop\u0026q=80\u0026w=1000\"]",
          "price": 1500000,
          "rating_average": 0,
          "requirements": "[]",
          "slug": "ecommerce-microservices-go",
          "tech_stack": "[\"Golang\", \"gRPC\", \"Kafka\", \"PostgreSQL\", \"Docker\"]",
          "title": "E-Commerce Microservices Go",
          "type": "source_code",
          "updated_at": "2026-01-13T02:20:25.197105+07:00",
          "views_count": 0
        }
      ],
      "total": 5
    },
    "message": "Products retrieved successfully",
    "success": true
  },
  "duration": "2.0803ms",
  "duration_ms": 2,
  "client_ip": "::1",
  "user_agent": "Mozilla/5.0 (Windows NT 10.0; Win64; x64) AppleWebKit/537.36 (KHTML, like Gecko) Chrome/143.0.0.0 Safari/537.36"
}
========================================

{
  "timestamp": "2026-01-14 23:10:16",
  "method": "GET",
  "path": "/api/v1/auth/google",
  "headers": {
    "Accept": "text/html,application/xhtml+xml,application/xml;q=0.9,image/avif,image/webp,image/apng,*/*;q=0.8,application/signed-exchange;v=b3;q=0.7",
    "Authorization": "",
    "Content-Type": ""
  },
  "status_code": 307,
  "response_body": "\u003ca href=\"https://accounts.google.com/o/oauth2/auth?client_id=212161497936-oh0hsngh0pgt1fch5i1mv52k44s7dk4r.apps.googleusercontent.com\u0026amp;redirect_uri=http%3A%2F%2Flocalhost%3A8080%2Fapi%2Fv1%2Fauth%2Fgoogle%2Fcallback\u0026amp;response_type=code\u0026amp;scope=https%3A%2F%2Fwww.googleapis.com%2Fauth%2Fuserinfo.email+https%3A%2F%2Fwww.googleapis.com%2Fauth%2Fuserinfo.profile+openid\u0026amp;state=state\"\u003eTemporary Redirect\u003c/a\u003e.\n\n",
  "duration": "0s",
  "duration_ms": 0,
  "client_ip": "::1",
  "user_agent": "Mozilla/5.0 (Windows NT 10.0; Win64; x64) AppleWebKit/537.36 (KHTML, like Gecko) Chrome/143.0.0.0 Safari/537.36"
}
========================================

{
  "timestamp": "2026-01-14 23:10:17",
  "method": "GET",
  "path": "/api/v1/auth/google/callback",
  "query": {
    "authuser": "0",
    "code": "4/0ASc3gC0ouKGzJYPSp3h-aRCYokV96B-nmEHhKOecv4SR9KFp-HOY8tS23kA2TupcqqIj0w",
    "prompt": "none",
    "scope": "email profile https://www.googleapis.com/auth/userinfo.email https://www.googleapis.com/auth/userinfo.profile openid",
    "state": "state"
  },
  "headers": {
    "Accept": "text/html,application/xhtml+xml,application/xml;q=0.9,image/avif,image/webp,image/apng,*/*;q=0.8,application/signed-exchange;v=b3;q=0.7",
    "Authorization": "",
    "Content-Type": ""
  },
  "status_code": 307,
  "response_body": "\u003ca href=\"http://localhost:3000/auth/callback?token=eyJhbGciOiJIUzI1NiIsInR5cCI6IkpXVCJ9.eyJ1c2VyX2lkIjo0LCJlbWFpbCI6ImFzdGlza3JpcHNpQGdtYWlsLmNvbSIsInJvbGUiOiJ1c2VyIiwiZXhwIjoxNzY4NDkzNDE3LCJpYXQiOjE3Njg0MDcwMTd9.yPddl4mYP86HAglN0wNnJhx67FbW9KBkqmv79dU4HKc\u0026amp;user=%7B%22id%22%3A4%2C%22name%22%3A%22asti+skripsi%22%2C%22email%22%3A%22astiskripsi%40gmail.com%22%2C%22role%22%3A%22user%22%2C%22provider%22%3A%22google%22%2C%22avatar_url%22%3A%22https%3A%2F%2Flh3.googleusercontent.com%2Fa%2FACg8ocLOHKNPjTpl7LKo4pjfvlfagYmFdwqHOWsaZpbVZeDuy9WkFA%3Ds96-c%22%2C%22is_verified%22%3Atrue%2C%22created_at%22%3A%222026-01-14T22%3A47%3A00.729216%2B07%3A00%22%7D\"\u003eTemporary Redirect\u003c/a\u003e.\n\n",
  "duration": "285.5391ms",
  "duration_ms": 285,
  "client_ip": "::1",
  "user_agent": "Mozilla/5.0 (Windows NT 10.0; Win64; x64) AppleWebKit/537.36 (KHTML, like Gecko) Chrome/143.0.0.0 Safari/537.36"
}
========================================

{
  "timestamp": "2026-01-14 23:10:17",
  "method": "OPTIONS",
  "path": "/api/v1/cart",
  "headers": {
    "Accept": "*/*",
    "Authorization": "",
    "Content-Type": ""
  },
  "status_code": 204,
  "duration": "0s",
  "duration_ms": 0,
  "client_ip": "::1",
  "user_agent": "Mozilla/5.0 (Windows NT 10.0; Win64; x64) AppleWebKit/537.36 (KHTML, like Gecko) Chrome/143.0.0.0 Safari/537.36"
}
========================================

{
  "timestamp": "2026-01-14 23:10:17",
  "method": "GET",
  "path": "/api/v1/cart",
  "headers": {
    "Accept": "application/json, text/plain, */*",
    "Authorization": "Bearer ...4HKc",
    "Content-Type": ""
  },
  "status_code": 200,
  "response_body": {
    "data": {
      "items": [],
      "total": 0
    },
    "message": "Cart retrieved successfully",
    "success": true
  },
  "duration": "503.3µs",
  "duration_ms": 0,
  "client_ip": "::1",
  "user_agent": "Mozilla/5.0 (Windows NT 10.0; Win64; x64) AppleWebKit/537.36 (KHTML, like Gecko) Chrome/143.0.0.0 Safari/537.36",
  "user_id": 4,
  "user_email": "astiskripsi@gmail.com"
}
========================================

{
  "timestamp": "2026-01-14 23:10:17",
  "method": "OPTIONS",
  "path": "/api/v1/wishlist",
  "headers": {
    "Accept": "*/*",
    "Authorization": "",
    "Content-Type": ""
  },
  "status_code": 204,
  "duration": "0s",
  "duration_ms": 0,
  "client_ip": "::1",
  "user_agent": "Mozilla/5.0 (Windows NT 10.0; Win64; x64) AppleWebKit/537.36 (KHTML, like Gecko) Chrome/143.0.0.0 Safari/537.36"
}
========================================

{
  "timestamp": "2026-01-14 23:10:17",
  "method": "GET",
  "path": "/api/v1/wishlist",
  "headers": {
    "Accept": "application/json, text/plain, */*",
    "Authorization": "Bearer ...4HKc",
    "Content-Type": ""
  },
  "status_code": 200,
  "response_body": {
    "data": [],
    "message": "Wishlist retrieved successfully",
    "success": true
  },
  "duration": "502.9µs",
  "duration_ms": 0,
  "client_ip": "::1",
  "user_agent": "Mozilla/5.0 (Windows NT 10.0; Win64; x64) AppleWebKit/537.36 (KHTML, like Gecko) Chrome/143.0.0.0 Safari/537.36",
  "user_id": 4,
  "user_email": "astiskripsi@gmail.com"
}
========================================

{
  "timestamp": "2026-01-14 23:10:17",
  "method": "GET",
  "path": "/api/v1/cart",
  "headers": {
    "Accept": "application/json, text/plain, */*",
    "Authorization": "Bearer ...4HKc",
    "Content-Type": ""
  },
  "status_code": 200,
  "response_body": {
    "data": {
      "items": [],
      "total": 0
    },
    "message": "Cart retrieved successfully",
    "success": true
  },
  "duration": "503.4µs",
  "duration_ms": 0,
  "client_ip": "::1",
  "user_agent": "Mozilla/5.0 (Windows NT 10.0; Win64; x64) AppleWebKit/537.36 (KHTML, like Gecko) Chrome/143.0.0.0 Safari/537.36",
  "user_id": 4,
  "user_email": "astiskripsi@gmail.com"
}
========================================

{
  "timestamp": "2026-01-14 23:10:17",
  "method": "GET",
  "path": "/api/v1/wishlist",
  "headers": {
    "Accept": "application/json, text/plain, */*",
    "Authorization": "Bearer ...4HKc",
    "Content-Type": ""
  },
  "status_code": 200,
  "response_body": {
    "data": [],
    "message": "Wishlist retrieved successfully",
    "success": true
  },
  "duration": "1.0627ms",
  "duration_ms": 1,
  "client_ip": "::1",
  "user_agent": "Mozilla/5.0 (Windows NT 10.0; Win64; x64) AppleWebKit/537.36 (KHTML, like Gecko) Chrome/143.0.0.0 Safari/537.36",
  "user_id": 4,
  "user_email": "astiskripsi@gmail.com"
}
========================================

{
  "timestamp": "2026-01-14 23:10:17",
  "method": "OPTIONS",
  "path": "/api/v1/products",
  "query": {
    "limit": "6"
  },
  "headers": {
    "Accept": "*/*",
    "Authorization": "",
    "Content-Type": ""
  },
  "status_code": 204,
  "duration": "0s",
  "duration_ms": 0,
  "client_ip": "::1",
  "user_agent": "Mozilla/5.0 (Windows NT 10.0; Win64; x64) AppleWebKit/537.36 (KHTML, like Gecko) Chrome/143.0.0.0 Safari/537.36"
}
========================================

{
  "timestamp": "2026-01-14 23:10:17",
  "method": "GET",
  "path": "/api/v1/products",
  "query": {
    "limit": "6"
  },
  "headers": {
    "Accept": "application/json, text/plain, */*",
    "Authorization": "Bearer ...4HKc",
    "Content-Type": ""
  },
  "status_code": 200,
  "response_body": {
    "data": {
      "limit": 6,
      "page": 1,
      "products": [
        {
          "category": {
            "created_at": "2026-01-08T21:55:42.326209+07:00",
            "description": "Python, PHP, and JS utility scripts",
            "icon": "terminal",
            "id": 4,
            "is_active": true,
            "name": "Scripts",
            "order": 4,
            "slug": "scripts",
            "updated_at": "2026-01-08T21:55:42.326209+07:00"
          },
          "category_id": 4,
          "created_at": "2026-01-13T02:20:25.212431+07:00",
          "created_by": 1,
          "description": "Python script to automate likes, follows, and comments. Includes safety limits to prevent account bans.",
          "downloads_count": 0,
          "features": "[\"Auto Like\", \"Auto Follow\", \"Targeting by Hashtag\"]",
          "id": 5,
          "is_active": true,
          "preview_images": "[\"https://images.unsplash.com/photo-1611162617474-5b21e879e113?auto=format\u0026fit=crop\u0026q=80\u0026w=1000\"]",
          "price": 150000,
          "rating_average": 0,
          "requirements": "[]",
          "slug": "instagram-automation-bot",
          "tech_stack": "[\"Python\", \"Selenium\"]",
          "title": "Instagram Automation Bot",
          "type": "scripts",
          "updated_at": "2026-01-13T02:20:25.212431+07:00",
          "views_count": 0
        },
        {
          "category": {
            "created_at": "2026-01-08T21:55:42.322557+07:00",
            "description": "UI kits and website templates",
            "icon": "layout",
            "id": 2,
            "is_active": true,
            "name": "Templates",
            "order": 2,
            "slug": "templates",
            "updated_at": "2026-01-08T21:55:42.322557+07:00"
          },
          "category_id": 2,
          "created_at": "2026-01-13T02:20:25.211149+07:00",
          "created_by": 1,
          "description": "Clean, responsive, and customizable admin dashboard template built with Vue 3 and Tailwind CSS.",
          "downloads_count": 0,
          "features": "[\"Dark Mode Support\", \"Responsive Layout\", \"Chart.js Integration\", \"Form Components\"]",
          "id": 4,
          "is_active": true,
          "preview_images": "[\"https://images.unsplash.com/photo-1551288049-bebda4e38f71?auto=format\u0026fit=crop\u0026q=80\u0026w=1000\"]",
          "price": 250000,
          "rating_average": 0,
          "requirements": "[]",
          "slug": "modern-admin-dashboard",
          "tech_stack": "[\"Vue 3\", \"Tailwind CSS\", \"Vite\"]",
          "title": "Modern Admin Dashboard UI",
          "type": "template",
          "updated_at": "2026-01-13T02:20:25.211149+07:00",
          "views_count": 0
        },
        {
          "category": {
            "created_at": "2026-01-08T21:55:42.325061+07:00",
            "description": "Flutter, React Native, and native apps",
            "icon": "smartphone",
            "id": 3,
            "is_active": true,
            "name": "Mobile Apps",
            "order": 3,
            "slug": "mobile-apps",
            "updated_at": "2026-01-08T21:55:42.325061+07:00"
          },
          "category_id": 3,
          "created_at": "2026-01-13T02:20:25.210572+07:00",
          "created_by": 1,
          "description": "Uber Eats clone made with Flutter. Beautiful animations, real-time tracking, and vendor dashboard included. Works on both iOS and Android.",
          "downloads_count": 0,
          "features": "[\"Real-time Tracking\", \"Push Notifications\", \"Vendor App\", \"Dark Mode\"]",
          "id": 3,
          "is_active": true,
          "preview_images": "[\"https://images.unsplash.com/photo-1512941937669-90a1b58e7e9c?auto=format\u0026fit=crop\u0026q=80\u0026w=1000\"]",
          "price": 500000,
          "rating_average": 0,
          "requirements": "[]",
          "slug": "flutter-delivery-app",
          "tech_stack": "[\"Flutter\", \"Firebase\", \"Google Maps API\"]",
          "title": "Flutter Delivery App",
          "type": "mobile_apps",
          "updated_at": "2026-01-13T02:20:25.210572+07:00",
          "views_count": 0
        },
        {
          "category": {
            "created_at": "2026-01-08T21:55:42.314623+07:00",
            "description": "Full application source codes",
            "icon": "code",
            "id": 1,
            "is_active": true,
            "name": "Source Code",
            "order": 1,
            "slug": "source-code",
            "updated_at": "2026-01-08T21:55:42.314623+07:00"
          },
          "category_id": 1,
          "created_at": "2026-01-13T02:20:25.20936+07:00",
          "created_by": 1,
          "description": "Launch your SaaS in days with this comprehensive Next.js boilerplate. Includes Stripe integration, Authentication, Database setup with Prisma, and tailwind UI components.",
          "downloads_count": 0,
          "features": "[\"Authentication\", \"Subscription Payments\", \"Admin Dashboard\", \"SEO Optimized\"]",
          "id": 2,
          "is_active": true,
          "preview_images": "[\"https://images.unsplash.com/photo-1618477247222-ac591245363d?auto=format\u0026fit=crop\u0026q=80\u0026w=1000\"]",
          "price": 750000,
          "rating_average": 0,
          "requirements": "[]",
          "slug": "nextjs-saas-boilerplate",
          "tech_stack": "[\"Next.js\", \"TypeScript\", \"Tailwind CSS\", \"Prisma\", \"Stripe\"]",
          "title": "NextJS SaaS Boilerplate",
          "type": "source_code",
          "updated_at": "2026-01-13T02:20:25.20936+07:00",
          "views_count": 0
        },
        {
          "category": {
            "created_at": "2026-01-08T21:55:42.314623+07:00",
            "description": "Full application source codes",
            "icon": "code",
            "id": 1,
            "is_active": true,
            "name": "Source Code",
            "order": 1,
            "slug": "source-code",
            "updated_at": "2026-01-08T21:55:42.314623+07:00"
          },
          "category_id": 1,
          "created_at": "2026-01-13T02:20:25.197105+07:00",
          "created_by": 1,
          "description": "A complete microservices-based e-commerce backend written in Go (Golang). Includes services for products, orders, users, and payments. Features gRPC communication, Kafka event bus, and Docker compose setup.",
          "downloads_count": 0,
          "features": "[\"Microservices Architecture\", \"gRPC Communication\", \"Event-Driven\", \"Scalable\"]",
          "id": 1,
          "is_active": true,
          "preview_images": "[\"https://images.unsplash.com/photo-1555949963-aa79dcee981c?auto=format\u0026fit=crop\u0026q=80\u0026w=1000\", \"https://images.unsplash.com/photo-1555066931-4365d14bab8c?auto=format\u0026fit=crop\u0026q=80\u0026w=1000\"]",
          "price": 1500000,
          "rating_average": 0,
          "requirements": "[]",
          "slug": "ecommerce-microservices-go",
          "tech_stack": "[\"Golang\", \"gRPC\", \"Kafka\", \"PostgreSQL\", \"Docker\"]",
          "title": "E-Commerce Microservices Go",
          "type": "source_code",
          "updated_at": "2026-01-13T02:20:25.197105+07:00",
          "views_count": 0
        }
      ],
      "total": 5
    },
    "message": "Products retrieved successfully",
    "success": true
  },
  "duration": "1.5293ms",
  "duration_ms": 1,
  "client_ip": "::1",
  "user_agent": "Mozilla/5.0 (Windows NT 10.0; Win64; x64) AppleWebKit/537.36 (KHTML, like Gecko) Chrome/143.0.0.0 Safari/537.36"
}
========================================

{
  "timestamp": "2026-01-14 23:10:30",
  "method": "OPTIONS",
  "path": "/api/v1/orders",
  "headers": {
    "Accept": "*/*",
    "Authorization": "",
    "Content-Type": ""
  },
  "status_code": 204,
  "duration": "0s",
  "duration_ms": 0,
  "client_ip": "::1",
  "user_agent": "Mozilla/5.0 (Windows NT 10.0; Win64; x64) AppleWebKit/537.36 (KHTML, like Gecko) Chrome/143.0.0.0 Safari/537.36"
}
========================================

{
  "timestamp": "2026-01-14 23:10:30",
  "method": "GET",
  "path": "/api/v1/orders",
  "headers": {
    "Accept": "application/json, text/plain, */*",
    "Authorization": "Bearer ...4HKc",
    "Content-Type": ""
  },
  "status_code": 200,
  "response_body": {
    "data": {
      "limit": 10,
      "orders": [],
      "page": 1,
      "total": 0
    },
    "message": "Orders retrieved successfully",
    "success": true
  },
  "duration": "5.1513ms",
  "duration_ms": 5,
  "client_ip": "::1",
  "user_agent": "Mozilla/5.0 (Windows NT 10.0; Win64; x64) AppleWebKit/537.36 (KHTML, like Gecko) Chrome/143.0.0.0 Safari/537.36",
  "user_id": 4,
  "user_email": "astiskripsi@gmail.com"
}
========================================

{
  "timestamp": "2026-01-14 23:12:59",
  "method": "OPTIONS",
  "path": "/api/v1/orders",
  "headers": {
    "Accept": "*/*",
    "Authorization": "",
    "Content-Type": ""
  },
  "status_code": 204,
  "duration": "0s",
  "duration_ms": 0,
  "client_ip": "::1",
  "user_agent": "Mozilla/5.0 (Windows NT 10.0; Win64; x64) AppleWebKit/537.36 (KHTML, like Gecko) Chrome/143.0.0.0 Safari/537.36"
}
========================================

{
  "timestamp": "2026-01-14 23:12:59",
  "method": "OPTIONS",
  "path": "/api/v1/cart",
  "headers": {
    "Accept": "*/*",
    "Authorization": "",
    "Content-Type": ""
  },
  "status_code": 204,
  "duration": "0s",
  "duration_ms": 0,
  "client_ip": "::1",
  "user_agent": "Mozilla/5.0 (Windows NT 10.0; Win64; x64) AppleWebKit/537.36 (KHTML, like Gecko) Chrome/143.0.0.0 Safari/537.36"
}
========================================

{
  "timestamp": "2026-01-14 23:12:59",
  "method": "GET",
  "path": "/api/v1/orders",
  "headers": {
    "Accept": "application/json, text/plain, */*",
    "Authorization": "Bearer ...4HKc",
    "Content-Type": ""
  },
  "status_code": 200,
  "response_body": {
    "data": {
      "limit": 10,
      "orders": [],
      "page": 1,
      "total": 0
    },
    "message": "Orders retrieved successfully",
    "success": true
  },
  "duration": "2.7055ms",
  "duration_ms": 2,
  "client_ip": "::1",
  "user_agent": "Mozilla/5.0 (Windows NT 10.0; Win64; x64) AppleWebKit/537.36 (KHTML, like Gecko) Chrome/143.0.0.0 Safari/537.36",
  "user_id": 4,
  "user_email": "astiskripsi@gmail.com"
}
========================================

{
  "timestamp": "2026-01-14 23:12:59",
  "method": "GET",
  "path": "/api/v1/cart",
  "headers": {
    "Accept": "application/json, text/plain, */*",
    "Authorization": "Bearer ...4HKc",
    "Content-Type": ""
  },
  "status_code": 200,
  "response_body": {
    "data": {
      "items": [],
      "total": 0
    },
    "message": "Cart retrieved successfully",
    "success": true
  },
  "duration": "39.713ms",
  "duration_ms": 39,
  "client_ip": "::1",
  "user_agent": "Mozilla/5.0 (Windows NT 10.0; Win64; x64) AppleWebKit/537.36 (KHTML, like Gecko) Chrome/143.0.0.0 Safari/537.36",
  "user_id": 4,
  "user_email": "astiskripsi@gmail.com"
}
========================================

{
  "timestamp": "2026-01-14 23:12:59",
  "method": "OPTIONS",
  "path": "/api/v1/wishlist",
  "headers": {
    "Accept": "*/*",
    "Authorization": "",
    "Content-Type": ""
  },
  "status_code": 204,
  "duration": "0s",
  "duration_ms": 0,
  "client_ip": "::1",
  "user_agent": "Mozilla/5.0 (Windows NT 10.0; Win64; x64) AppleWebKit/537.36 (KHTML, like Gecko) Chrome/143.0.0.0 Safari/537.36"
}
========================================

{
  "timestamp": "2026-01-14 23:12:59",
  "method": "GET",
  "path": "/api/v1/wishlist",
  "headers": {
    "Accept": "application/json, text/plain, */*",
    "Authorization": "Bearer ...4HKc",
    "Content-Type": ""
  },
  "status_code": 200,
  "response_body": {
    "data": [],
    "message": "Wishlist retrieved successfully",
    "success": true
  },
  "duration": "1.9238ms",
  "duration_ms": 1,
  "client_ip": "::1",
  "user_agent": "Mozilla/5.0 (Windows NT 10.0; Win64; x64) AppleWebKit/537.36 (KHTML, like Gecko) Chrome/143.0.0.0 Safari/537.36",
  "user_id": 4,
  "user_email": "astiskripsi@gmail.com"
}
========================================

{
  "timestamp": "2026-01-14 23:13:05",
  "method": "OPTIONS",
  "path": "/api/v1/products",
  "query": {
    "limit": "20"
  },
  "headers": {
    "Accept": "*/*",
    "Authorization": "",
    "Content-Type": ""
  },
  "status_code": 204,
  "duration": "0s",
  "duration_ms": 0,
  "client_ip": "::1",
  "user_agent": "Mozilla/5.0 (Windows NT 10.0; Win64; x64) AppleWebKit/537.36 (KHTML, like Gecko) Chrome/143.0.0.0 Safari/537.36"
}
========================================

{
  "timestamp": "2026-01-14 23:13:05",
  "method": "GET",
  "path": "/api/v1/products",
  "query": {
    "limit": "20"
  },
  "headers": {
    "Accept": "application/json, text/plain, */*",
    "Authorization": "Bearer ...4HKc",
    "Content-Type": ""
  },
  "status_code": 200,
  "response_body": {
    "data": {
      "limit": 20,
      "page": 1,
      "products": [
        {
          "category": {
            "created_at": "2026-01-08T21:55:42.326209+07:00",
            "description": "Python, PHP, and JS utility scripts",
            "icon": "terminal",
            "id": 4,
            "is_active": true,
            "name": "Scripts",
            "order": 4,
            "slug": "scripts",
            "updated_at": "2026-01-08T21:55:42.326209+07:00"
          },
          "category_id": 4,
          "created_at": "2026-01-13T02:20:25.212431+07:00",
          "created_by": 1,
          "description": "Python script to automate likes, follows, and comments. Includes safety limits to prevent account bans.",
          "downloads_count": 0,
          "features": "[\"Auto Like\", \"Auto Follow\", \"Targeting by Hashtag\"]",
          "id": 5,
          "is_active": true,
          "preview_images": "[\"https://images.unsplash.com/photo-1611162617474-5b21e879e113?auto=format\u0026fit=crop\u0026q=80\u0026w=1000\"]",
          "price": 150000,
          "rating_average": 0,
          "requirements": "[]",
          "slug": "instagram-automation-bot",
          "tech_stack": "[\"Python\", \"Selenium\"]",
          "title": "Instagram Automation Bot",
          "type": "scripts",
          "updated_at": "2026-01-13T02:20:25.212431+07:00",
          "views_count": 0
        },
        {
          "category": {
            "created_at": "2026-01-08T21:55:42.322557+07:00",
            "description": "UI kits and website templates",
            "icon": "layout",
            "id": 2,
            "is_active": true,
            "name": "Templates",
            "order": 2,
            "slug": "templates",
            "updated_at": "2026-01-08T21:55:42.322557+07:00"
          },
          "category_id": 2,
          "created_at": "2026-01-13T02:20:25.211149+07:00",
          "created_by": 1,
          "description": "Clean, responsive, and customizable admin dashboard template built with Vue 3 and Tailwind CSS.",
          "downloads_count": 0,
          "features": "[\"Dark Mode Support\", \"Responsive Layout\", \"Chart.js Integration\", \"Form Components\"]",
          "id": 4,
          "is_active": true,
          "preview_images": "[\"https://images.unsplash.com/photo-1551288049-bebda4e38f71?auto=format\u0026fit=crop\u0026q=80\u0026w=1000\"]",
          "price": 250000,
          "rating_average": 0,
          "requirements": "[]",
          "slug": "modern-admin-dashboard",
          "tech_stack": "[\"Vue 3\", \"Tailwind CSS\", \"Vite\"]",
          "title": "Modern Admin Dashboard UI",
          "type": "template",
          "updated_at": "2026-01-13T02:20:25.211149+07:00",
          "views_count": 0
        },
        {
          "category": {
            "created_at": "2026-01-08T21:55:42.325061+07:00",
            "description": "Flutter, React Native, and native apps",
            "icon": "smartphone",
            "id": 3,
            "is_active": true,
            "name": "Mobile Apps",
            "order": 3,
            "slug": "mobile-apps",
            "updated_at": "2026-01-08T21:55:42.325061+07:00"
          },
          "category_id": 3,
          "created_at": "2026-01-13T02:20:25.210572+07:00",
          "created_by": 1,
          "description": "Uber Eats clone made with Flutter. Beautiful animations, real-time tracking, and vendor dashboard included. Works on both iOS and Android.",
          "downloads_count": 0,
          "features": "[\"Real-time Tracking\", \"Push Notifications\", \"Vendor App\", \"Dark Mode\"]",
          "id": 3,
          "is_active": true,
          "preview_images": "[\"https://images.unsplash.com/photo-1512941937669-90a1b58e7e9c?auto=format\u0026fit=crop\u0026q=80\u0026w=1000\"]",
          "price": 500000,
          "rating_average": 0,
          "requirements": "[]",
          "slug": "flutter-delivery-app",
          "tech_stack": "[\"Flutter\", \"Firebase\", \"Google Maps API\"]",
          "title": "Flutter Delivery App",
          "type": "mobile_apps",
          "updated_at": "2026-01-13T02:20:25.210572+07:00",
          "views_count": 0
        },
        {
          "category": {
            "created_at": "2026-01-08T21:55:42.314623+07:00",
            "description": "Full application source codes",
            "icon": "code",
            "id": 1,
            "is_active": true,
            "name": "Source Code",
            "order": 1,
            "slug": "source-code",
            "updated_at": "2026-01-08T21:55:42.314623+07:00"
          },
          "category_id": 1,
          "created_at": "2026-01-13T02:20:25.20936+07:00",
          "created_by": 1,
          "description": "Launch your SaaS in days with this comprehensive Next.js boilerplate. Includes Stripe integration, Authentication, Database setup with Prisma, and tailwind UI components.",
          "downloads_count": 0,
          "features": "[\"Authentication\", \"Subscription Payments\", \"Admin Dashboard\", \"SEO Optimized\"]",
          "id": 2,
          "is_active": true,
          "preview_images": "[\"https://images.unsplash.com/photo-1618477247222-ac591245363d?auto=format\u0026fit=crop\u0026q=80\u0026w=1000\"]",
          "price": 750000,
          "rating_average": 0,
          "requirements": "[]",
          "slug": "nextjs-saas-boilerplate",
          "tech_stack": "[\"Next.js\", \"TypeScript\", \"Tailwind CSS\", \"Prisma\", \"Stripe\"]",
          "title": "NextJS SaaS Boilerplate",
          "type": "source_code",
          "updated_at": "2026-01-13T02:20:25.20936+07:00",
          "views_count": 0
        },
        {
          "category": {
            "created_at": "2026-01-08T21:55:42.314623+07:00",
            "description": "Full application source codes",
            "icon": "code",
            "id": 1,
            "is_active": true,
            "name": "Source Code",
            "order": 1,
            "slug": "source-code",
            "updated_at": "2026-01-08T21:55:42.314623+07:00"
          },
          "category_id": 1,
          "created_at": "2026-01-13T02:20:25.197105+07:00",
          "created_by": 1,
          "description": "A complete microservices-based e-commerce backend written in Go (Golang). Includes services for products, orders, users, and payments. Features gRPC communication, Kafka event bus, and Docker compose setup.",
          "downloads_count": 0,
          "features": "[\"Microservices Architecture\", \"gRPC Communication\", \"Event-Driven\", \"Scalable\"]",
          "id": 1,
          "is_active": true,
          "preview_images": "[\"https://images.unsplash.com/photo-1555949963-aa79dcee981c?auto=format\u0026fit=crop\u0026q=80\u0026w=1000\", \"https://images.unsplash.com/photo-1555066931-4365d14bab8c?auto=format\u0026fit=crop\u0026q=80\u0026w=1000\"]",
          "price": 1500000,
          "rating_average": 0,
          "requirements": "[]",
          "slug": "ecommerce-microservices-go",
          "tech_stack": "[\"Golang\", \"gRPC\", \"Kafka\", \"PostgreSQL\", \"Docker\"]",
          "title": "E-Commerce Microservices Go",
          "type": "source_code",
          "updated_at": "2026-01-13T02:20:25.197105+07:00",
          "views_count": 0
        }
      ],
      "total": 5
    },
    "message": "Products retrieved successfully",
    "success": true
  },
  "duration": "8.3531ms",
  "duration_ms": 8,
  "client_ip": "::1",
  "user_agent": "Mozilla/5.0 (Windows NT 10.0; Win64; x64) AppleWebKit/537.36 (KHTML, like Gecko) Chrome/143.0.0.0 Safari/537.36"
}
========================================

{
  "timestamp": "2026-01-14 23:13:07",
  "method": "OPTIONS",
  "path": "/api/v1/products/slug/instagram-automation-bot",
  "headers": {
    "Accept": "*/*",
    "Authorization": "",
    "Content-Type": ""
  },
  "status_code": 204,
  "duration": "0s",
  "duration_ms": 0,
  "client_ip": "::1",
  "user_agent": "Mozilla/5.0 (Windows NT 10.0; Win64; x64) AppleWebKit/537.36 (KHTML, like Gecko) Chrome/143.0.0.0 Safari/537.36"
}
========================================

{
  "timestamp": "2026-01-14 23:13:07",
  "method": "GET",
  "path": "/api/v1/products/slug/instagram-automation-bot",
  "headers": {
    "Accept": "application/json, text/plain, */*",
    "Authorization": "Bearer ...4HKc",
    "Content-Type": ""
  },
  "status_code": 200,
  "response_body": {
    "data": {
      "category": {
        "created_at": "2026-01-08T21:55:42.326209+07:00",
        "description": "Python, PHP, and JS utility scripts",
        "icon": "terminal",
        "id": 4,
        "is_active": true,
        "name": "Scripts",
        "order": 4,
        "slug": "scripts",
        "updated_at": "2026-01-08T21:55:42.326209+07:00"
      },
      "category_id": 4,
      "created_at": "2026-01-13T02:20:25.212431+07:00",
      "created_by": 1,
      "description": "Python script to automate likes, follows, and comments. Includes safety limits to prevent account bans.",
      "downloads_count": 0,
      "features": "[\"Auto Like\", \"Auto Follow\", \"Targeting by Hashtag\"]",
      "id": 5,
      "is_active": true,
      "preview_images": "[\"https://images.unsplash.com/photo-1611162617474-5b21e879e113?auto=format\u0026fit=crop\u0026q=80\u0026w=1000\"]",
      "price": 150000,
      "rating_average": 0,
      "requirements": "[]",
      "slug": "instagram-automation-bot",
      "tech_stack": "[\"Python\", \"Selenium\"]",
      "title": "Instagram Automation Bot",
      "type": "scripts",
      "updated_at": "2026-01-13T02:20:25.212431+07:00",
      "views_count": 0
    },
    "message": "Product retrieved successfully",
    "success": true
  },
  "duration": "3.382ms",
  "duration_ms": 3,
  "client_ip": "::1",
  "user_agent": "Mozilla/5.0 (Windows NT 10.0; Win64; x64) AppleWebKit/537.36 (KHTML, like Gecko) Chrome/143.0.0.0 Safari/537.36"
}
========================================

{
  "timestamp": "2026-01-14 23:13:08",
  "method": "GET",
  "path": "/api/v1/products",
  "query": {
    "limit": "20"
  },
  "headers": {
    "Accept": "application/json, text/plain, */*",
    "Authorization": "Bearer ...4HKc",
    "Content-Type": ""
  },
  "status_code": 200,
  "response_body": {
    "data": {
      "limit": 20,
      "page": 1,
      "products": [
        {
          "category": {
            "created_at": "2026-01-08T21:55:42.326209+07:00",
            "description": "Python, PHP, and JS utility scripts",
            "icon": "terminal",
            "id": 4,
            "is_active": true,
            "name": "Scripts",
            "order": 4,
            "slug": "scripts",
            "updated_at": "2026-01-08T21:55:42.326209+07:00"
          },
          "category_id": 4,
          "created_at": "2026-01-13T02:20:25.212431+07:00",
          "created_by": 1,
          "description": "Python script to automate likes, follows, and comments. Includes safety limits to prevent account bans.",
          "downloads_count": 0,
          "features": "[\"Auto Like\", \"Auto Follow\", \"Targeting by Hashtag\"]",
          "id": 5,
          "is_active": true,
          "preview_images": "[\"https://images.unsplash.com/photo-1611162617474-5b21e879e113?auto=format\u0026fit=crop\u0026q=80\u0026w=1000\"]",
          "price": 150000,
          "rating_average": 0,
          "requirements": "[]",
          "slug": "instagram-automation-bot",
          "tech_stack": "[\"Python\", \"Selenium\"]",
          "title": "Instagram Automation Bot",
          "type": "scripts",
          "updated_at": "2026-01-13T02:20:25.212431+07:00",
          "views_count": 0
        },
        {
          "category": {
            "created_at": "2026-01-08T21:55:42.322557+07:00",
            "description": "UI kits and website templates",
            "icon": "layout",
            "id": 2,
            "is_active": true,
            "name": "Templates",
            "order": 2,
            "slug": "templates",
            "updated_at": "2026-01-08T21:55:42.322557+07:00"
          },
          "category_id": 2,
          "created_at": "2026-01-13T02:20:25.211149+07:00",
          "created_by": 1,
          "description": "Clean, responsive, and customizable admin dashboard template built with Vue 3 and Tailwind CSS.",
          "downloads_count": 0,
          "features": "[\"Dark Mode Support\", \"Responsive Layout\", \"Chart.js Integration\", \"Form Components\"]",
          "id": 4,
          "is_active": true,
          "preview_images": "[\"https://images.unsplash.com/photo-1551288049-bebda4e38f71?auto=format\u0026fit=crop\u0026q=80\u0026w=1000\"]",
          "price": 250000,
          "rating_average": 0,
          "requirements": "[]",
          "slug": "modern-admin-dashboard",
          "tech_stack": "[\"Vue 3\", \"Tailwind CSS\", \"Vite\"]",
          "title": "Modern Admin Dashboard UI",
          "type": "template",
          "updated_at": "2026-01-13T02:20:25.211149+07:00",
          "views_count": 0
        },
        {
          "category": {
            "created_at": "2026-01-08T21:55:42.325061+07:00",
            "description": "Flutter, React Native, and native apps",
            "icon": "smartphone",
            "id": 3,
            "is_active": true,
            "name": "Mobile Apps",
            "order": 3,
            "slug": "mobile-apps",
            "updated_at": "2026-01-08T21:55:42.325061+07:00"
          },
          "category_id": 3,
          "created_at": "2026-01-13T02:20:25.210572+07:00",
          "created_by": 1,
          "description": "Uber Eats clone made with Flutter. Beautiful animations, real-time tracking, and vendor dashboard included. Works on both iOS and Android.",
          "downloads_count": 0,
          "features": "[\"Real-time Tracking\", \"Push Notifications\", \"Vendor App\", \"Dark Mode\"]",
          "id": 3,
          "is_active": true,
          "preview_images": "[\"https://images.unsplash.com/photo-1512941937669-90a1b58e7e9c?auto=format\u0026fit=crop\u0026q=80\u0026w=1000\"]",
          "price": 500000,
          "rating_average": 0,
          "requirements": "[]",
          "slug": "flutter-delivery-app",
          "tech_stack": "[\"Flutter\", \"Firebase\", \"Google Maps API\"]",
          "title": "Flutter Delivery App",
          "type": "mobile_apps",
          "updated_at": "2026-01-13T02:20:25.210572+07:00",
          "views_count": 0
        },
        {
          "category": {
            "created_at": "2026-01-08T21:55:42.314623+07:00",
            "description": "Full application source codes",
            "icon": "code",
            "id": 1,
            "is_active": true,
            "name": "Source Code",
            "order": 1,
            "slug": "source-code",
            "updated_at": "2026-01-08T21:55:42.314623+07:00"
          },
          "category_id": 1,
          "created_at": "2026-01-13T02:20:25.20936+07:00",
          "created_by": 1,
          "description": "Launch your SaaS in days with this comprehensive Next.js boilerplate. Includes Stripe integration, Authentication, Database setup with Prisma, and tailwind UI components.",
          "downloads_count": 0,
          "features": "[\"Authentication\", \"Subscription Payments\", \"Admin Dashboard\", \"SEO Optimized\"]",
          "id": 2,
          "is_active": true,
          "preview_images": "[\"https://images.unsplash.com/photo-1618477247222-ac591245363d?auto=format\u0026fit=crop\u0026q=80\u0026w=1000\"]",
          "price": 750000,
          "rating_average": 0,
          "requirements": "[]",
          "slug": "nextjs-saas-boilerplate",
          "tech_stack": "[\"Next.js\", \"TypeScript\", \"Tailwind CSS\", \"Prisma\", \"Stripe\"]",
          "title": "NextJS SaaS Boilerplate",
          "type": "source_code",
          "updated_at": "2026-01-13T02:20:25.20936+07:00",
          "views_count": 0
        },
        {
          "category": {
            "created_at": "2026-01-08T21:55:42.314623+07:00",
            "description": "Full application source codes",
            "icon": "code",
            "id": 1,
            "is_active": true,
            "name": "Source Code",
            "order": 1,
            "slug": "source-code",
            "updated_at": "2026-01-08T21:55:42.314623+07:00"
          },
          "category_id": 1,
          "created_at": "2026-01-13T02:20:25.197105+07:00",
          "created_by": 1,
          "description": "A complete microservices-based e-commerce backend written in Go (Golang). Includes services for products, orders, users, and payments. Features gRPC communication, Kafka event bus, and Docker compose setup.",
          "downloads_count": 0,
          "features": "[\"Microservices Architecture\", \"gRPC Communication\", \"Event-Driven\", \"Scalable\"]",
          "id": 1,
          "is_active": true,
          "preview_images": "[\"https://images.unsplash.com/photo-1555949963-aa79dcee981c?auto=format\u0026fit=crop\u0026q=80\u0026w=1000\", \"https://images.unsplash.com/photo-1555066931-4365d14bab8c?auto=format\u0026fit=crop\u0026q=80\u0026w=1000\"]",
          "price": 1500000,
          "rating_average": 0,
          "requirements": "[]",
          "slug": "ecommerce-microservices-go",
          "tech_stack": "[\"Golang\", \"gRPC\", \"Kafka\", \"PostgreSQL\", \"Docker\"]",
          "title": "E-Commerce Microservices Go",
          "type": "source_code",
          "updated_at": "2026-01-13T02:20:25.197105+07:00",
          "views_count": 0
        }
      ],
      "total": 5
    },
    "message": "Products retrieved successfully",
    "success": true
  },
  "duration": "3.1638ms",
  "duration_ms": 3,
  "client_ip": "::1",
  "user_agent": "Mozilla/5.0 (Windows NT 10.0; Win64; x64) AppleWebKit/537.36 (KHTML, like Gecko) Chrome/143.0.0.0 Safari/537.36"
}
========================================

{
  "timestamp": "2026-01-14 23:13:09",
  "method": "OPTIONS",
  "path": "/api/v1/wishlist",
  "headers": {
    "Accept": "*/*",
    "Authorization": "",
    "Content-Type": ""
  },
  "status_code": 204,
  "duration": "0s",
  "duration_ms": 0,
  "client_ip": "::1",
  "user_agent": "Mozilla/5.0 (Windows NT 10.0; Win64; x64) AppleWebKit/537.36 (KHTML, like Gecko) Chrome/143.0.0.0 Safari/537.36"
}
========================================

{
  "timestamp": "2026-01-14 23:13:09",
  "method": "POST",
  "path": "/api/v1/wishlist",
  "headers": {
    "Accept": "application/json, text/plain, */*",
    "Authorization": "Bearer ...4HKc",
    "Content-Type": "application/json"
  },
  "request_body": {
    "product_id": {
      "category": {
        "created_at": "2026-01-08T21:55:42.326209+07:00",
        "description": "Python, PHP, and JS utility scripts",
        "icon": "terminal",
        "id": 4,
        "is_active": true,
        "name": "Scripts",
        "order": 4,
        "slug": "scripts",
        "updated_at": "2026-01-08T21:55:42.326209+07:00"
      },
      "category_id": 4,
      "created_at": "2026-01-13T02:20:25.212431+07:00",
      "created_by": 1,
      "description": "Python script to automate likes, follows, and comments. Includes safety limits to prevent account bans.",
      "downloads_count": 0,
      "features": "[\"Auto Like\", \"Auto Follow\", \"Targeting by Hashtag\"]",
      "id": 5,
      "is_active": true,
      "preview_images": "[\"https://images.unsplash.com/photo-1611162617474-5b21e879e113?auto=format\u0026fit=crop\u0026q=80\u0026w=1000\"]",
      "price": 150000,
      "rating_average": 0,
      "requirements": "[]",
      "slug": "instagram-automation-bot",
      "tech_stack": "[\"Python\", \"Selenium\"]",
      "title": "Instagram Automation Bot",
      "type": "scripts",
      "updated_at": "2026-01-13T02:20:25.212431+07:00",
      "views_count": 0
    }
  },
  "status_code": 400,
  "response_body": {
    "message": "json: cannot unmarshal object into Go struct field .product_id of type uint",
    "success": false
  },
  "duration": "14.1141ms",
  "duration_ms": 14,
  "client_ip": "::1",
  "user_agent": "Mozilla/5.0 (Windows NT 10.0; Win64; x64) AppleWebKit/537.36 (KHTML, like Gecko) Chrome/143.0.0.0 Safari/537.36",
  "user_id": 4,
  "user_email": "astiskripsi@gmail.com"
}
========================================

{
  "timestamp": "2026-01-14 23:13:18",
  "method": "OPTIONS",
  "path": "/api/v1/cart",
  "headers": {
    "Accept": "*/*",
    "Authorization": "",
    "Content-Type": ""
  },
  "status_code": 204,
  "duration": "0s",
  "duration_ms": 0,
  "client_ip": "::1",
  "user_agent": "Mozilla/5.0 (Windows NT 10.0; Win64; x64) AppleWebKit/537.36 (KHTML, like Gecko) Chrome/143.0.0.0 Safari/537.36"
}
========================================

{
  "timestamp": "2026-01-14 23:13:18",
  "method": "GET",
  "path": "/api/v1/cart",
  "headers": {
    "Accept": "application/json, text/plain, */*",
    "Authorization": "Bearer ...4HKc",
    "Content-Type": ""
  },
  "status_code": 200,
  "response_body": {
    "data": {
      "items": [],
      "total": 0
    },
    "message": "Cart retrieved successfully",
    "success": true
  },
  "duration": "2.0438ms",
  "duration_ms": 2,
  "client_ip": "::1",
  "user_agent": "Mozilla/5.0 (Windows NT 10.0; Win64; x64) AppleWebKit/537.36 (KHTML, like Gecko) Chrome/143.0.0.0 Safari/537.36",
  "user_id": 4,
  "user_email": "astiskripsi@gmail.com"
}
========================================

{
  "timestamp": "2026-01-14 23:13:21",
  "method": "OPTIONS",
  "path": "/api/v1/wishlist",
  "headers": {
    "Accept": "*/*",
    "Authorization": "",
    "Content-Type": ""
  },
  "status_code": 204,
  "duration": "0s",
  "duration_ms": 0,
  "client_ip": "::1",
  "user_agent": "Mozilla/5.0 (Windows NT 10.0; Win64; x64) AppleWebKit/537.36 (KHTML, like Gecko) Chrome/143.0.0.0 Safari/537.36"
}
========================================

{
  "timestamp": "2026-01-14 23:13:21",
  "method": "GET",
  "path": "/api/v1/wishlist",
  "headers": {
    "Accept": "application/json, text/plain, */*",
    "Authorization": "Bearer ...4HKc",
    "Content-Type": ""
  },
  "status_code": 200,
  "response_body": {
    "data": [],
    "message": "Wishlist retrieved successfully",
    "success": true
  },
  "duration": "2.1684ms",
  "duration_ms": 2,
  "client_ip": "::1",
  "user_agent": "Mozilla/5.0 (Windows NT 10.0; Win64; x64) AppleWebKit/537.36 (KHTML, like Gecko) Chrome/143.0.0.0 Safari/537.36",
  "user_id": 4,
  "user_email": "astiskripsi@gmail.com"
}
========================================

{
  "timestamp": "2026-01-14 23:15:27",
  "method": "GET",
  "path": "/api/v1/wishlist",
  "headers": {
    "Accept": "text/html,application/xhtml+xml,application/xml;q=0.9,image/avif,image/webp,image/apng,*/*;q=0.8,application/signed-exchange;v=b3;q=0.7",
    "Authorization": "",
    "Content-Type": ""
  },
  "status_code": 401,
  "response_body": {
    "error": "Authorization header required"
  },
  "duration": "516.7µs",
  "duration_ms": 0,
  "client_ip": "::1",
  "user_agent": "Mozilla/5.0 (Windows NT 10.0; Win64; x64) AppleWebKit/537.36 (KHTML, like Gecko) Chrome/143.0.0.0 Safari/537.36"
}
========================================

{
  "timestamp": "2026-01-14 23:15:27",
  "method": "GET",
  "path": "/favicon.ico",
  "headers": {
    "Accept": "image/avif,image/webp,image/apng,image/svg+xml,image/*,*/*;q=0.8",
    "Authorization": "",
    "Content-Type": ""
  },
  "status_code": 404,
  "duration": "0s",
  "duration_ms": 0,
  "client_ip": "::1",
  "user_agent": "Mozilla/5.0 (Windows NT 10.0; Win64; x64) AppleWebKit/537.36 (KHTML, like Gecko) Chrome/143.0.0.0 Safari/537.36"
}
========================================

{
  "timestamp": "2026-01-14 23:15:59",
  "method": "OPTIONS",
  "path": "/api/v1/products",
  "query": {
    "limit": "20"
  },
  "headers": {
    "Accept": "*/*",
    "Authorization": "",
    "Content-Type": ""
  },
  "status_code": 204,
  "duration": "0s",
  "duration_ms": 0,
  "client_ip": "::1",
  "user_agent": "Mozilla/5.0 (Windows NT 10.0; Win64; x64) AppleWebKit/537.36 (KHTML, like Gecko) Chrome/143.0.0.0 Safari/537.36"
}
========================================

{
  "timestamp": "2026-01-14 23:15:59",
  "method": "GET",
  "path": "/api/v1/products",
  "query": {
    "limit": "20"
  },
  "headers": {
    "Accept": "application/json, text/plain, */*",
    "Authorization": "Bearer ...4HKc",
    "Content-Type": ""
  },
  "status_code": 200,
  "response_body": {
    "data": {
      "limit": 20,
      "page": 1,
      "products": [
        {
          "category": {
            "created_at": "2026-01-08T21:55:42.326209+07:00",
            "description": "Python, PHP, and JS utility scripts",
            "icon": "terminal",
            "id": 4,
            "is_active": true,
            "name": "Scripts",
            "order": 4,
            "slug": "scripts",
            "updated_at": "2026-01-08T21:55:42.326209+07:00"
          },
          "category_id": 4,
          "created_at": "2026-01-13T02:20:25.212431+07:00",
          "created_by": 1,
          "description": "Python script to automate likes, follows, and comments. Includes safety limits to prevent account bans.",
          "downloads_count": 0,
          "features": "[\"Auto Like\", \"Auto Follow\", \"Targeting by Hashtag\"]",
          "id": 5,
          "is_active": true,
          "preview_images": "[\"https://images.unsplash.com/photo-1611162617474-5b21e879e113?auto=format\u0026fit=crop\u0026q=80\u0026w=1000\"]",
          "price": 150000,
          "rating_average": 0,
          "requirements": "[]",
          "slug": "instagram-automation-bot",
          "tech_stack": "[\"Python\", \"Selenium\"]",
          "title": "Instagram Automation Bot",
          "type": "scripts",
          "updated_at": "2026-01-13T02:20:25.212431+07:00",
          "views_count": 0
        },
        {
          "category": {
            "created_at": "2026-01-08T21:55:42.322557+07:00",
            "description": "UI kits and website templates",
            "icon": "layout",
            "id": 2,
            "is_active": true,
            "name": "Templates",
            "order": 2,
            "slug": "templates",
            "updated_at": "2026-01-08T21:55:42.322557+07:00"
          },
          "category_id": 2,
          "created_at": "2026-01-13T02:20:25.211149+07:00",
          "created_by": 1,
          "description": "Clean, responsive, and customizable admin dashboard template built with Vue 3 and Tailwind CSS.",
          "downloads_count": 0,
          "features": "[\"Dark Mode Support\", \"Responsive Layout\", \"Chart.js Integration\", \"Form Components\"]",
          "id": 4,
          "is_active": true,
          "preview_images": "[\"https://images.unsplash.com/photo-1551288049-bebda4e38f71?auto=format\u0026fit=crop\u0026q=80\u0026w=1000\"]",
          "price": 250000,
          "rating_average": 0,
          "requirements": "[]",
          "slug": "modern-admin-dashboard",
          "tech_stack": "[\"Vue 3\", \"Tailwind CSS\", \"Vite\"]",
          "title": "Modern Admin Dashboard UI",
          "type": "template",
          "updated_at": "2026-01-13T02:20:25.211149+07:00",
          "views_count": 0
        },
        {
          "category": {
            "created_at": "2026-01-08T21:55:42.325061+07:00",
            "description": "Flutter, React Native, and native apps",
            "icon": "smartphone",
            "id": 3,
            "is_active": true,
            "name": "Mobile Apps",
            "order": 3,
            "slug": "mobile-apps",
            "updated_at": "2026-01-08T21:55:42.325061+07:00"
          },
          "category_id": 3,
          "created_at": "2026-01-13T02:20:25.210572+07:00",
          "created_by": 1,
          "description": "Uber Eats clone made with Flutter. Beautiful animations, real-time tracking, and vendor dashboard included. Works on both iOS and Android.",
          "downloads_count": 0,
          "features": "[\"Real-time Tracking\", \"Push Notifications\", \"Vendor App\", \"Dark Mode\"]",
          "id": 3,
          "is_active": true,
          "preview_images": "[\"https://images.unsplash.com/photo-1512941937669-90a1b58e7e9c?auto=format\u0026fit=crop\u0026q=80\u0026w=1000\"]",
          "price": 500000,
          "rating_average": 0,
          "requirements": "[]",
          "slug": "flutter-delivery-app",
          "tech_stack": "[\"Flutter\", \"Firebase\", \"Google Maps API\"]",
          "title": "Flutter Delivery App",
          "type": "mobile_apps",
          "updated_at": "2026-01-13T02:20:25.210572+07:00",
          "views_count": 0
        },
        {
          "category": {
            "created_at": "2026-01-08T21:55:42.314623+07:00",
            "description": "Full application source codes",
            "icon": "code",
            "id": 1,
            "is_active": true,
            "name": "Source Code",
            "order": 1,
            "slug": "source-code",
            "updated_at": "2026-01-08T21:55:42.314623+07:00"
          },
          "category_id": 1,
          "created_at": "2026-01-13T02:20:25.20936+07:00",
          "created_by": 1,
          "description": "Launch your SaaS in days with this comprehensive Next.js boilerplate. Includes Stripe integration, Authentication, Database setup with Prisma, and tailwind UI components.",
          "downloads_count": 0,
          "features": "[\"Authentication\", \"Subscription Payments\", \"Admin Dashboard\", \"SEO Optimized\"]",
          "id": 2,
          "is_active": true,
          "preview_images": "[\"https://images.unsplash.com/photo-1618477247222-ac591245363d?auto=format\u0026fit=crop\u0026q=80\u0026w=1000\"]",
          "price": 750000,
          "rating_average": 0,
          "requirements": "[]",
          "slug": "nextjs-saas-boilerplate",
          "tech_stack": "[\"Next.js\", \"TypeScript\", \"Tailwind CSS\", \"Prisma\", \"Stripe\"]",
          "title": "NextJS SaaS Boilerplate",
          "type": "source_code",
          "updated_at": "2026-01-13T02:20:25.20936+07:00",
          "views_count": 0
        },
        {
          "category": {
            "created_at": "2026-01-08T21:55:42.314623+07:00",
            "description": "Full application source codes",
            "icon": "code",
            "id": 1,
            "is_active": true,
            "name": "Source Code",
            "order": 1,
            "slug": "source-code",
            "updated_at": "2026-01-08T21:55:42.314623+07:00"
          },
          "category_id": 1,
          "created_at": "2026-01-13T02:20:25.197105+07:00",
          "created_by": 1,
          "description": "A complete microservices-based e-commerce backend written in Go (Golang). Includes services for products, orders, users, and payments. Features gRPC communication, Kafka event bus, and Docker compose setup.",
          "downloads_count": 0,
          "features": "[\"Microservices Architecture\", \"gRPC Communication\", \"Event-Driven\", \"Scalable\"]",
          "id": 1,
          "is_active": true,
          "preview_images": "[\"https://images.unsplash.com/photo-1555949963-aa79dcee981c?auto=format\u0026fit=crop\u0026q=80\u0026w=1000\", \"https://images.unsplash.com/photo-1555066931-4365d14bab8c?auto=format\u0026fit=crop\u0026q=80\u0026w=1000\"]",
          "price": 1500000,
          "rating_average": 0,
          "requirements": "[]",
          "slug": "ecommerce-microservices-go",
          "tech_stack": "[\"Golang\", \"gRPC\", \"Kafka\", \"PostgreSQL\", \"Docker\"]",
          "title": "E-Commerce Microservices Go",
          "type": "source_code",
          "updated_at": "2026-01-13T02:20:25.197105+07:00",
          "views_count": 0
        }
      ],
      "total": 5
    },
    "message": "Products retrieved successfully",
    "success": true
  },
  "duration": "3.5487ms",
  "duration_ms": 3,
  "client_ip": "::1",
  "user_agent": "Mozilla/5.0 (Windows NT 10.0; Win64; x64) AppleWebKit/537.36 (KHTML, like Gecko) Chrome/143.0.0.0 Safari/537.36"
}
========================================

{
  "timestamp": "2026-01-14 23:16:00",
  "method": "OPTIONS",
  "path": "/api/v1/products",
  "query": {
    "limit": "6"
  },
  "headers": {
    "Accept": "*/*",
    "Authorization": "",
    "Content-Type": ""
  },
  "status_code": 204,
  "duration": "0s",
  "duration_ms": 0,
  "client_ip": "::1",
  "user_agent": "Mozilla/5.0 (Windows NT 10.0; Win64; x64) AppleWebKit/537.36 (KHTML, like Gecko) Chrome/143.0.0.0 Safari/537.36"
}
========================================

{
  "timestamp": "2026-01-14 23:16:00",
  "method": "GET",
  "path": "/api/v1/products",
  "query": {
    "limit": "6"
  },
  "headers": {
    "Accept": "application/json, text/plain, */*",
    "Authorization": "Bearer ...4HKc",
    "Content-Type": ""
  },
  "status_code": 200,
  "response_body": {
    "data": {
      "limit": 6,
      "page": 1,
      "products": [
        {
          "category": {
            "created_at": "2026-01-08T21:55:42.326209+07:00",
            "description": "Python, PHP, and JS utility scripts",
            "icon": "terminal",
            "id": 4,
            "is_active": true,
            "name": "Scripts",
            "order": 4,
            "slug": "scripts",
            "updated_at": "2026-01-08T21:55:42.326209+07:00"
          },
          "category_id": 4,
          "created_at": "2026-01-13T02:20:25.212431+07:00",
          "created_by": 1,
          "description": "Python script to automate likes, follows, and comments. Includes safety limits to prevent account bans.",
          "downloads_count": 0,
          "features": "[\"Auto Like\", \"Auto Follow\", \"Targeting by Hashtag\"]",
          "id": 5,
          "is_active": true,
          "preview_images": "[\"https://images.unsplash.com/photo-1611162617474-5b21e879e113?auto=format\u0026fit=crop\u0026q=80\u0026w=1000\"]",
          "price": 150000,
          "rating_average": 0,
          "requirements": "[]",
          "slug": "instagram-automation-bot",
          "tech_stack": "[\"Python\", \"Selenium\"]",
          "title": "Instagram Automation Bot",
          "type": "scripts",
          "updated_at": "2026-01-13T02:20:25.212431+07:00",
          "views_count": 0
        },
        {
          "category": {
            "created_at": "2026-01-08T21:55:42.322557+07:00",
            "description": "UI kits and website templates",
            "icon": "layout",
            "id": 2,
            "is_active": true,
            "name": "Templates",
            "order": 2,
            "slug": "templates",
            "updated_at": "2026-01-08T21:55:42.322557+07:00"
          },
          "category_id": 2,
          "created_at": "2026-01-13T02:20:25.211149+07:00",
          "created_by": 1,
          "description": "Clean, responsive, and customizable admin dashboard template built with Vue 3 and Tailwind CSS.",
          "downloads_count": 0,
          "features": "[\"Dark Mode Support\", \"Responsive Layout\", \"Chart.js Integration\", \"Form Components\"]",
          "id": 4,
          "is_active": true,
          "preview_images": "[\"https://images.unsplash.com/photo-1551288049-bebda4e38f71?auto=format\u0026fit=crop\u0026q=80\u0026w=1000\"]",
          "price": 250000,
          "rating_average": 0,
          "requirements": "[]",
          "slug": "modern-admin-dashboard",
          "tech_stack": "[\"Vue 3\", \"Tailwind CSS\", \"Vite\"]",
          "title": "Modern Admin Dashboard UI",
          "type": "template",
          "updated_at": "2026-01-13T02:20:25.211149+07:00",
          "views_count": 0
        },
        {
          "category": {
            "created_at": "2026-01-08T21:55:42.325061+07:00",
            "description": "Flutter, React Native, and native apps",
            "icon": "smartphone",
            "id": 3,
            "is_active": true,
            "name": "Mobile Apps",
            "order": 3,
            "slug": "mobile-apps",
            "updated_at": "2026-01-08T21:55:42.325061+07:00"
          },
          "category_id": 3,
          "created_at": "2026-01-13T02:20:25.210572+07:00",
          "created_by": 1,
          "description": "Uber Eats clone made with Flutter. Beautiful animations, real-time tracking, and vendor dashboard included. Works on both iOS and Android.",
          "downloads_count": 0,
          "features": "[\"Real-time Tracking\", \"Push Notifications\", \"Vendor App\", \"Dark Mode\"]",
          "id": 3,
          "is_active": true,
          "preview_images": "[\"https://images.unsplash.com/photo-1512941937669-90a1b58e7e9c?auto=format\u0026fit=crop\u0026q=80\u0026w=1000\"]",
          "price": 500000,
          "rating_average": 0,
          "requirements": "[]",
          "slug": "flutter-delivery-app",
          "tech_stack": "[\"Flutter\", \"Firebase\", \"Google Maps API\"]",
          "title": "Flutter Delivery App",
          "type": "mobile_apps",
          "updated_at": "2026-01-13T02:20:25.210572+07:00",
          "views_count": 0
        },
        {
          "category": {
            "created_at": "2026-01-08T21:55:42.314623+07:00",
            "description": "Full application source codes",
            "icon": "code",
            "id": 1,
            "is_active": true,
            "name": "Source Code",
            "order": 1,
            "slug": "source-code",
            "updated_at": "2026-01-08T21:55:42.314623+07:00"
          },
          "category_id": 1,
          "created_at": "2026-01-13T02:20:25.20936+07:00",
          "created_by": 1,
          "description": "Launch your SaaS in days with this comprehensive Next.js boilerplate. Includes Stripe integration, Authentication, Database setup with Prisma, and tailwind UI components.",
          "downloads_count": 0,
          "features": "[\"Authentication\", \"Subscription Payments\", \"Admin Dashboard\", \"SEO Optimized\"]",
          "id": 2,
          "is_active": true,
          "preview_images": "[\"https://images.unsplash.com/photo-1618477247222-ac591245363d?auto=format\u0026fit=crop\u0026q=80\u0026w=1000\"]",
          "price": 750000,
          "rating_average": 0,
          "requirements": "[]",
          "slug": "nextjs-saas-boilerplate",
          "tech_stack": "[\"Next.js\", \"TypeScript\", \"Tailwind CSS\", \"Prisma\", \"Stripe\"]",
          "title": "NextJS SaaS Boilerplate",
          "type": "source_code",
          "updated_at": "2026-01-13T02:20:25.20936+07:00",
          "views_count": 0
        },
        {
          "category": {
            "created_at": "2026-01-08T21:55:42.314623+07:00",
            "description": "Full application source codes",
            "icon": "code",
            "id": 1,
            "is_active": true,
            "name": "Source Code",
            "order": 1,
            "slug": "source-code",
            "updated_at": "2026-01-08T21:55:42.314623+07:00"
          },
          "category_id": 1,
          "created_at": "2026-01-13T02:20:25.197105+07:00",
          "created_by": 1,
          "description": "A complete microservices-based e-commerce backend written in Go (Golang). Includes services for products, orders, users, and payments. Features gRPC communication, Kafka event bus, and Docker compose setup.",
          "downloads_count": 0,
          "features": "[\"Microservices Architecture\", \"gRPC Communication\", \"Event-Driven\", \"Scalable\"]",
          "id": 1,
          "is_active": true,
          "preview_images": "[\"https://images.unsplash.com/photo-1555949963-aa79dcee981c?auto=format\u0026fit=crop\u0026q=80\u0026w=1000\", \"https://images.unsplash.com/photo-1555066931-4365d14bab8c?auto=format\u0026fit=crop\u0026q=80\u0026w=1000\"]",
          "price": 1500000,
          "rating_average": 0,
          "requirements": "[]",
          "slug": "ecommerce-microservices-go",
          "tech_stack": "[\"Golang\", \"gRPC\", \"Kafka\", \"PostgreSQL\", \"Docker\"]",
          "title": "E-Commerce Microservices Go",
          "type": "source_code",
          "updated_at": "2026-01-13T02:20:25.197105+07:00",
          "views_count": 0
        }
      ],
      "total": 5
    },
    "message": "Products retrieved successfully",
    "success": true
  },
  "duration": "5.4888ms",
  "duration_ms": 5,
  "client_ip": "::1",
  "user_agent": "Mozilla/5.0 (Windows NT 10.0; Win64; x64) AppleWebKit/537.36 (KHTML, like Gecko) Chrome/143.0.0.0 Safari/537.36"
}
========================================

{
  "timestamp": "2026-01-14 23:16:05",
  "method": "OPTIONS",
  "path": "/api/v1/products",
  "query": {
    "limit": "6"
  },
  "headers": {
    "Accept": "*/*",
    "Authorization": "",
    "Content-Type": ""
  },
  "status_code": 204,
  "duration": "0s",
  "duration_ms": 0,
  "client_ip": "::1",
  "user_agent": "Mozilla/5.0 (Windows NT 10.0; Win64; x64) AppleWebKit/537.36 (KHTML, like Gecko) Chrome/143.0.0.0 Safari/537.36"
}
========================================

{
  "timestamp": "2026-01-14 23:16:05",
  "method": "GET",
  "path": "/api/v1/products",
  "query": {
    "limit": "6"
  },
  "headers": {
    "Accept": "application/json, text/plain, */*",
    "Authorization": "Bearer ...4HKc",
    "Content-Type": ""
  },
  "status_code": 200,
  "response_body": {
    "data": {
      "limit": 6,
      "page": 1,
      "products": [
        {
          "category": {
            "created_at": "2026-01-08T21:55:42.326209+07:00",
            "description": "Python, PHP, and JS utility scripts",
            "icon": "terminal",
            "id": 4,
            "is_active": true,
            "name": "Scripts",
            "order": 4,
            "slug": "scripts",
            "updated_at": "2026-01-08T21:55:42.326209+07:00"
          },
          "category_id": 4,
          "created_at": "2026-01-13T02:20:25.212431+07:00",
          "created_by": 1,
          "description": "Python script to automate likes, follows, and comments. Includes safety limits to prevent account bans.",
          "downloads_count": 0,
          "features": "[\"Auto Like\", \"Auto Follow\", \"Targeting by Hashtag\"]",
          "id": 5,
          "is_active": true,
          "preview_images": "[\"https://images.unsplash.com/photo-1611162617474-5b21e879e113?auto=format\u0026fit=crop\u0026q=80\u0026w=1000\"]",
          "price": 150000,
          "rating_average": 0,
          "requirements": "[]",
          "slug": "instagram-automation-bot",
          "tech_stack": "[\"Python\", \"Selenium\"]",
          "title": "Instagram Automation Bot",
          "type": "scripts",
          "updated_at": "2026-01-13T02:20:25.212431+07:00",
          "views_count": 0
        },
        {
          "category": {
            "created_at": "2026-01-08T21:55:42.322557+07:00",
            "description": "UI kits and website templates",
            "icon": "layout",
            "id": 2,
            "is_active": true,
            "name": "Templates",
            "order": 2,
            "slug": "templates",
            "updated_at": "2026-01-08T21:55:42.322557+07:00"
          },
          "category_id": 2,
          "created_at": "2026-01-13T02:20:25.211149+07:00",
          "created_by": 1,
          "description": "Clean, responsive, and customizable admin dashboard template built with Vue 3 and Tailwind CSS.",
          "downloads_count": 0,
          "features": "[\"Dark Mode Support\", \"Responsive Layout\", \"Chart.js Integration\", \"Form Components\"]",
          "id": 4,
          "is_active": true,
          "preview_images": "[\"https://images.unsplash.com/photo-1551288049-bebda4e38f71?auto=format\u0026fit=crop\u0026q=80\u0026w=1000\"]",
          "price": 250000,
          "rating_average": 0,
          "requirements": "[]",
          "slug": "modern-admin-dashboard",
          "tech_stack": "[\"Vue 3\", \"Tailwind CSS\", \"Vite\"]",
          "title": "Modern Admin Dashboard UI",
          "type": "template",
          "updated_at": "2026-01-13T02:20:25.211149+07:00",
          "views_count": 0
        },
        {
          "category": {
            "created_at": "2026-01-08T21:55:42.325061+07:00",
            "description": "Flutter, React Native, and native apps",
            "icon": "smartphone",
            "id": 3,
            "is_active": true,
            "name": "Mobile Apps",
            "order": 3,
            "slug": "mobile-apps",
            "updated_at": "2026-01-08T21:55:42.325061+07:00"
          },
          "category_id": 3,
          "created_at": "2026-01-13T02:20:25.210572+07:00",
          "created_by": 1,
          "description": "Uber Eats clone made with Flutter. Beautiful animations, real-time tracking, and vendor dashboard included. Works on both iOS and Android.",
          "downloads_count": 0,
          "features": "[\"Real-time Tracking\", \"Push Notifications\", \"Vendor App\", \"Dark Mode\"]",
          "id": 3,
          "is_active": true,
          "preview_images": "[\"https://images.unsplash.com/photo-1512941937669-90a1b58e7e9c?auto=format\u0026fit=crop\u0026q=80\u0026w=1000\"]",
          "price": 500000,
          "rating_average": 0,
          "requirements": "[]",
          "slug": "flutter-delivery-app",
          "tech_stack": "[\"Flutter\", \"Firebase\", \"Google Maps API\"]",
          "title": "Flutter Delivery App",
          "type": "mobile_apps",
          "updated_at": "2026-01-13T02:20:25.210572+07:00",
          "views_count": 0
        },
        {
          "category": {
            "created_at": "2026-01-08T21:55:42.314623+07:00",
            "description": "Full application source codes",
            "icon": "code",
            "id": 1,
            "is_active": true,
            "name": "Source Code",
            "order": 1,
            "slug": "source-code",
            "updated_at": "2026-01-08T21:55:42.314623+07:00"
          },
          "category_id": 1,
          "created_at": "2026-01-13T02:20:25.20936+07:00",
          "created_by": 1,
          "description": "Launch your SaaS in days with this comprehensive Next.js boilerplate. Includes Stripe integration, Authentication, Database setup with Prisma, and tailwind UI components.",
          "downloads_count": 0,
          "features": "[\"Authentication\", \"Subscription Payments\", \"Admin Dashboard\", \"SEO Optimized\"]",
          "id": 2,
          "is_active": true,
          "preview_images": "[\"https://images.unsplash.com/photo-1618477247222-ac591245363d?auto=format\u0026fit=crop\u0026q=80\u0026w=1000\"]",
          "price": 750000,
          "rating_average": 0,
          "requirements": "[]",
          "slug": "nextjs-saas-boilerplate",
          "tech_stack": "[\"Next.js\", \"TypeScript\", \"Tailwind CSS\", \"Prisma\", \"Stripe\"]",
          "title": "NextJS SaaS Boilerplate",
          "type": "source_code",
          "updated_at": "2026-01-13T02:20:25.20936+07:00",
          "views_count": 0
        },
        {
          "category": {
            "created_at": "2026-01-08T21:55:42.314623+07:00",
            "description": "Full application source codes",
            "icon": "code",
            "id": 1,
            "is_active": true,
            "name": "Source Code",
            "order": 1,
            "slug": "source-code",
            "updated_at": "2026-01-08T21:55:42.314623+07:00"
          },
          "category_id": 1,
          "created_at": "2026-01-13T02:20:25.197105+07:00",
          "created_by": 1,
          "description": "A complete microservices-based e-commerce backend written in Go (Golang). Includes services for products, orders, users, and payments. Features gRPC communication, Kafka event bus, and Docker compose setup.",
          "downloads_count": 0,
          "features": "[\"Microservices Architecture\", \"gRPC Communication\", \"Event-Driven\", \"Scalable\"]",
          "id": 1,
          "is_active": true,
          "preview_images": "[\"https://images.unsplash.com/photo-1555949963-aa79dcee981c?auto=format\u0026fit=crop\u0026q=80\u0026w=1000\", \"https://images.unsplash.com/photo-1555066931-4365d14bab8c?auto=format\u0026fit=crop\u0026q=80\u0026w=1000\"]",
          "price": 1500000,
          "rating_average": 0,
          "requirements": "[]",
          "slug": "ecommerce-microservices-go",
          "tech_stack": "[\"Golang\", \"gRPC\", \"Kafka\", \"PostgreSQL\", \"Docker\"]",
          "title": "E-Commerce Microservices Go",
          "type": "source_code",
          "updated_at": "2026-01-13T02:20:25.197105+07:00",
          "views_count": 0
        }
      ],
      "total": 5
    },
    "message": "Products retrieved successfully",
    "success": true
  },
  "duration": "3.1797ms",
  "duration_ms": 3,
  "client_ip": "::1",
  "user_agent": "Mozilla/5.0 (Windows NT 10.0; Win64; x64) AppleWebKit/537.36 (KHTML, like Gecko) Chrome/143.0.0.0 Safari/537.36"
}
========================================

{
  "timestamp": "2026-01-14 23:16:07",
  "method": "OPTIONS",
  "path": "/api/v1/cart",
  "headers": {
    "Accept": "*/*",
    "Authorization": "",
    "Content-Type": ""
  },
  "status_code": 204,
  "duration": "0s",
  "duration_ms": 0,
  "client_ip": "::1",
  "user_agent": "Mozilla/5.0 (Windows NT 10.0; Win64; x64) AppleWebKit/537.36 (KHTML, like Gecko) Chrome/143.0.0.0 Safari/537.36"
}
========================================

{
  "timestamp": "2026-01-14 23:16:07",
  "method": "GET",
  "path": "/api/v1/cart",
  "headers": {
    "Accept": "application/json, text/plain, */*",
    "Authorization": "Bearer ...4HKc",
    "Content-Type": ""
  },
  "status_code": 200,
  "response_body": {
    "data": {
      "items": [],
      "total": 0
    },
    "message": "Cart retrieved successfully",
    "success": true
  },
  "duration": "2.0094ms",
  "duration_ms": 2,
  "client_ip": "::1",
  "user_agent": "Mozilla/5.0 (Windows NT 10.0; Win64; x64) AppleWebKit/537.36 (KHTML, like Gecko) Chrome/143.0.0.0 Safari/537.36",
  "user_id": 4,
  "user_email": "astiskripsi@gmail.com"
}
========================================

{
  "timestamp": "2026-01-14 23:16:07",
  "method": "OPTIONS",
  "path": "/api/v1/wishlist",
  "headers": {
    "Accept": "*/*",
    "Authorization": "",
    "Content-Type": ""
  },
  "status_code": 204,
  "duration": "0s",
  "duration_ms": 0,
  "client_ip": "::1",
  "user_agent": "Mozilla/5.0 (Windows NT 10.0; Win64; x64) AppleWebKit/537.36 (KHTML, like Gecko) Chrome/143.0.0.0 Safari/537.36"
}
========================================

{
  "timestamp": "2026-01-14 23:16:07",
  "method": "GET",
  "path": "/api/v1/wishlist",
  "headers": {
    "Accept": "application/json, text/plain, */*",
    "Authorization": "Bearer ...4HKc",
    "Content-Type": ""
  },
  "status_code": 200,
  "response_body": {
    "data": [],
    "message": "Wishlist retrieved successfully",
    "success": true
  },
  "duration": "502.9µs",
  "duration_ms": 0,
  "client_ip": "::1",
  "user_agent": "Mozilla/5.0 (Windows NT 10.0; Win64; x64) AppleWebKit/537.36 (KHTML, like Gecko) Chrome/143.0.0.0 Safari/537.36",
  "user_id": 4,
  "user_email": "astiskripsi@gmail.com"
}
========================================

{
  "timestamp": "2026-01-14 23:16:07",
  "method": "GET",
  "path": "/api/v1/products",
  "query": {
    "limit": "6"
  },
  "headers": {
    "Accept": "application/json, text/plain, */*",
    "Authorization": "Bearer ...4HKc",
    "Content-Type": ""
  },
  "status_code": 200,
  "response_body": {
    "data": {
      "limit": 6,
      "page": 1,
      "products": [
        {
          "category": {
            "created_at": "2026-01-08T21:55:42.326209+07:00",
            "description": "Python, PHP, and JS utility scripts",
            "icon": "terminal",
            "id": 4,
            "is_active": true,
            "name": "Scripts",
            "order": 4,
            "slug": "scripts",
            "updated_at": "2026-01-08T21:55:42.326209+07:00"
          },
          "category_id": 4,
          "created_at": "2026-01-13T02:20:25.212431+07:00",
          "created_by": 1,
          "description": "Python script to automate likes, follows, and comments. Includes safety limits to prevent account bans.",
          "downloads_count": 0,
          "features": "[\"Auto Like\", \"Auto Follow\", \"Targeting by Hashtag\"]",
          "id": 5,
          "is_active": true,
          "preview_images": "[\"https://images.unsplash.com/photo-1611162617474-5b21e879e113?auto=format\u0026fit=crop\u0026q=80\u0026w=1000\"]",
          "price": 150000,
          "rating_average": 0,
          "requirements": "[]",
          "slug": "instagram-automation-bot",
          "tech_stack": "[\"Python\", \"Selenium\"]",
          "title": "Instagram Automation Bot",
          "type": "scripts",
          "updated_at": "2026-01-13T02:20:25.212431+07:00",
          "views_count": 0
        },
        {
          "category": {
            "created_at": "2026-01-08T21:55:42.322557+07:00",
            "description": "UI kits and website templates",
            "icon": "layout",
            "id": 2,
            "is_active": true,
            "name": "Templates",
            "order": 2,
            "slug": "templates",
            "updated_at": "2026-01-08T21:55:42.322557+07:00"
          },
          "category_id": 2,
          "created_at": "2026-01-13T02:20:25.211149+07:00",
          "created_by": 1,
          "description": "Clean, responsive, and customizable admin dashboard template built with Vue 3 and Tailwind CSS.",
          "downloads_count": 0,
          "features": "[\"Dark Mode Support\", \"Responsive Layout\", \"Chart.js Integration\", \"Form Components\"]",
          "id": 4,
          "is_active": true,
          "preview_images": "[\"https://images.unsplash.com/photo-1551288049-bebda4e38f71?auto=format\u0026fit=crop\u0026q=80\u0026w=1000\"]",
          "price": 250000,
          "rating_average": 0,
          "requirements": "[]",
          "slug": "modern-admin-dashboard",
          "tech_stack": "[\"Vue 3\", \"Tailwind CSS\", \"Vite\"]",
          "title": "Modern Admin Dashboard UI",
          "type": "template",
          "updated_at": "2026-01-13T02:20:25.211149+07:00",
          "views_count": 0
        },
        {
          "category": {
            "created_at": "2026-01-08T21:55:42.325061+07:00",
            "description": "Flutter, React Native, and native apps",
            "icon": "smartphone",
            "id": 3,
            "is_active": true,
            "name": "Mobile Apps",
            "order": 3,
            "slug": "mobile-apps",
            "updated_at": "2026-01-08T21:55:42.325061+07:00"
          },
          "category_id": 3,
          "created_at": "2026-01-13T02:20:25.210572+07:00",
          "created_by": 1,
          "description": "Uber Eats clone made with Flutter. Beautiful animations, real-time tracking, and vendor dashboard included. Works on both iOS and Android.",
          "downloads_count": 0,
          "features": "[\"Real-time Tracking\", \"Push Notifications\", \"Vendor App\", \"Dark Mode\"]",
          "id": 3,
          "is_active": true,
          "preview_images": "[\"https://images.unsplash.com/photo-1512941937669-90a1b58e7e9c?auto=format\u0026fit=crop\u0026q=80\u0026w=1000\"]",
          "price": 500000,
          "rating_average": 0,
          "requirements": "[]",
          "slug": "flutter-delivery-app",
          "tech_stack": "[\"Flutter\", \"Firebase\", \"Google Maps API\"]",
          "title": "Flutter Delivery App",
          "type": "mobile_apps",
          "updated_at": "2026-01-13T02:20:25.210572+07:00",
          "views_count": 0
        },
        {
          "category": {
            "created_at": "2026-01-08T21:55:42.314623+07:00",
            "description": "Full application source codes",
            "icon": "code",
            "id": 1,
            "is_active": true,
            "name": "Source Code",
            "order": 1,
            "slug": "source-code",
            "updated_at": "2026-01-08T21:55:42.314623+07:00"
          },
          "category_id": 1,
          "created_at": "2026-01-13T02:20:25.20936+07:00",
          "created_by": 1,
          "description": "Launch your SaaS in days with this comprehensive Next.js boilerplate. Includes Stripe integration, Authentication, Database setup with Prisma, and tailwind UI components.",
          "downloads_count": 0,
          "features": "[\"Authentication\", \"Subscription Payments\", \"Admin Dashboard\", \"SEO Optimized\"]",
          "id": 2,
          "is_active": true,
          "preview_images": "[\"https://images.unsplash.com/photo-1618477247222-ac591245363d?auto=format\u0026fit=crop\u0026q=80\u0026w=1000\"]",
          "price": 750000,
          "rating_average": 0,
          "requirements": "[]",
          "slug": "nextjs-saas-boilerplate",
          "tech_stack": "[\"Next.js\", \"TypeScript\", \"Tailwind CSS\", \"Prisma\", \"Stripe\"]",
          "title": "NextJS SaaS Boilerplate",
          "type": "source_code",
          "updated_at": "2026-01-13T02:20:25.20936+07:00",
          "views_count": 0
        },
        {
          "category": {
            "created_at": "2026-01-08T21:55:42.314623+07:00",
            "description": "Full application source codes",
            "icon": "code",
            "id": 1,
            "is_active": true,
            "name": "Source Code",
            "order": 1,
            "slug": "source-code",
            "updated_at": "2026-01-08T21:55:42.314623+07:00"
          },
          "category_id": 1,
          "created_at": "2026-01-13T02:20:25.197105+07:00",
          "created_by": 1,
          "description": "A complete microservices-based e-commerce backend written in Go (Golang). Includes services for products, orders, users, and payments. Features gRPC communication, Kafka event bus, and Docker compose setup.",
          "downloads_count": 0,
          "features": "[\"Microservices Architecture\", \"gRPC Communication\", \"Event-Driven\", \"Scalable\"]",
          "id": 1,
          "is_active": true,
          "preview_images": "[\"https://images.unsplash.com/photo-1555949963-aa79dcee981c?auto=format\u0026fit=crop\u0026q=80\u0026w=1000\", \"https://images.unsplash.com/photo-1555066931-4365d14bab8c?auto=format\u0026fit=crop\u0026q=80\u0026w=1000\"]",
          "price": 1500000,
          "rating_average": 0,
          "requirements": "[]",
          "slug": "ecommerce-microservices-go",
          "tech_stack": "[\"Golang\", \"gRPC\", \"Kafka\", \"PostgreSQL\", \"Docker\"]",
          "title": "E-Commerce Microservices Go",
          "type": "source_code",
          "updated_at": "2026-01-13T02:20:25.197105+07:00",
          "views_count": 0
        }
      ],
      "total": 5
    },
    "message": "Products retrieved successfully",
    "success": true
  },
  "duration": "1.2902ms",
  "duration_ms": 1,
  "client_ip": "::1",
  "user_agent": "Mozilla/5.0 (Windows NT 10.0; Win64; x64) AppleWebKit/537.36 (KHTML, like Gecko) Chrome/143.0.0.0 Safari/537.36"
}
========================================

{
  "timestamp": "2026-01-14 23:16:08",
  "method": "GET",
  "path": "/api/v1/wishlist",
  "headers": {
    "Accept": "application/json, text/plain, */*",
    "Authorization": "Bearer ...4HKc",
    "Content-Type": ""
  },
  "status_code": 200,
  "response_body": {
    "data": [],
    "message": "Wishlist retrieved successfully",
    "success": true
  },
  "duration": "2.0097ms",
  "duration_ms": 2,
  "client_ip": "::1",
  "user_agent": "Mozilla/5.0 (Windows NT 10.0; Win64; x64) AppleWebKit/537.36 (KHTML, like Gecko) Chrome/143.0.0.0 Safari/537.36",
  "user_id": 4,
  "user_email": "astiskripsi@gmail.com"
}
========================================

{
  "timestamp": "2026-01-14 23:16:12",
  "method": "OPTIONS",
  "path": "/api/v1/products",
  "query": {
    "limit": "20"
  },
  "headers": {
    "Accept": "*/*",
    "Authorization": "",
    "Content-Type": ""
  },
  "status_code": 204,
  "duration": "0s",
  "duration_ms": 0,
  "client_ip": "::1",
  "user_agent": "Mozilla/5.0 (Windows NT 10.0; Win64; x64) AppleWebKit/537.36 (KHTML, like Gecko) Chrome/143.0.0.0 Safari/537.36"
}
========================================

{
  "timestamp": "2026-01-14 23:16:12",
  "method": "GET",
  "path": "/api/v1/products",
  "query": {
    "limit": "20"
  },
  "headers": {
    "Accept": "application/json, text/plain, */*",
    "Authorization": "Bearer ...4HKc",
    "Content-Type": ""
  },
  "status_code": 200,
  "response_body": {
    "data": {
      "limit": 20,
      "page": 1,
      "products": [
        {
          "category": {
            "created_at": "2026-01-08T21:55:42.326209+07:00",
            "description": "Python, PHP, and JS utility scripts",
            "icon": "terminal",
            "id": 4,
            "is_active": true,
            "name": "Scripts",
            "order": 4,
            "slug": "scripts",
            "updated_at": "2026-01-08T21:55:42.326209+07:00"
          },
          "category_id": 4,
          "created_at": "2026-01-13T02:20:25.212431+07:00",
          "created_by": 1,
          "description": "Python script to automate likes, follows, and comments. Includes safety limits to prevent account bans.",
          "downloads_count": 0,
          "features": "[\"Auto Like\", \"Auto Follow\", \"Targeting by Hashtag\"]",
          "id": 5,
          "is_active": true,
          "preview_images": "[\"https://images.unsplash.com/photo-1611162617474-5b21e879e113?auto=format\u0026fit=crop\u0026q=80\u0026w=1000\"]",
          "price": 150000,
          "rating_average": 0,
          "requirements": "[]",
          "slug": "instagram-automation-bot",
          "tech_stack": "[\"Python\", \"Selenium\"]",
          "title": "Instagram Automation Bot",
          "type": "scripts",
          "updated_at": "2026-01-13T02:20:25.212431+07:00",
          "views_count": 0
        },
        {
          "category": {
            "created_at": "2026-01-08T21:55:42.322557+07:00",
            "description": "UI kits and website templates",
            "icon": "layout",
            "id": 2,
            "is_active": true,
            "name": "Templates",
            "order": 2,
            "slug": "templates",
            "updated_at": "2026-01-08T21:55:42.322557+07:00"
          },
          "category_id": 2,
          "created_at": "2026-01-13T02:20:25.211149+07:00",
          "created_by": 1,
          "description": "Clean, responsive, and customizable admin dashboard template built with Vue 3 and Tailwind CSS.",
          "downloads_count": 0,
          "features": "[\"Dark Mode Support\", \"Responsive Layout\", \"Chart.js Integration\", \"Form Components\"]",
          "id": 4,
          "is_active": true,
          "preview_images": "[\"https://images.unsplash.com/photo-1551288049-bebda4e38f71?auto=format\u0026fit=crop\u0026q=80\u0026w=1000\"]",
          "price": 250000,
          "rating_average": 0,
          "requirements": "[]",
          "slug": "modern-admin-dashboard",
          "tech_stack": "[\"Vue 3\", \"Tailwind CSS\", \"Vite\"]",
          "title": "Modern Admin Dashboard UI",
          "type": "template",
          "updated_at": "2026-01-13T02:20:25.211149+07:00",
          "views_count": 0
        },
        {
          "category": {
            "created_at": "2026-01-08T21:55:42.325061+07:00",
            "description": "Flutter, React Native, and native apps",
            "icon": "smartphone",
            "id": 3,
            "is_active": true,
            "name": "Mobile Apps",
            "order": 3,
            "slug": "mobile-apps",
            "updated_at": "2026-01-08T21:55:42.325061+07:00"
          },
          "category_id": 3,
          "created_at": "2026-01-13T02:20:25.210572+07:00",
          "created_by": 1,
          "description": "Uber Eats clone made with Flutter. Beautiful animations, real-time tracking, and vendor dashboard included. Works on both iOS and Android.",
          "downloads_count": 0,
          "features": "[\"Real-time Tracking\", \"Push Notifications\", \"Vendor App\", \"Dark Mode\"]",
          "id": 3,
          "is_active": true,
          "preview_images": "[\"https://images.unsplash.com/photo-1512941937669-90a1b58e7e9c?auto=format\u0026fit=crop\u0026q=80\u0026w=1000\"]",
          "price": 500000,
          "rating_average": 0,
          "requirements": "[]",
          "slug": "flutter-delivery-app",
          "tech_stack": "[\"Flutter\", \"Firebase\", \"Google Maps API\"]",
          "title": "Flutter Delivery App",
          "type": "mobile_apps",
          "updated_at": "2026-01-13T02:20:25.210572+07:00",
          "views_count": 0
        },
        {
          "category": {
            "created_at": "2026-01-08T21:55:42.314623+07:00",
            "description": "Full application source codes",
            "icon": "code",
            "id": 1,
            "is_active": true,
            "name": "Source Code",
            "order": 1,
            "slug": "source-code",
            "updated_at": "2026-01-08T21:55:42.314623+07:00"
          },
          "category_id": 1,
          "created_at": "2026-01-13T02:20:25.20936+07:00",
          "created_by": 1,
          "description": "Launch your SaaS in days with this comprehensive Next.js boilerplate. Includes Stripe integration, Authentication, Database setup with Prisma, and tailwind UI components.",
          "downloads_count": 0,
          "features": "[\"Authentication\", \"Subscription Payments\", \"Admin Dashboard\", \"SEO Optimized\"]",
          "id": 2,
          "is_active": true,
          "preview_images": "[\"https://images.unsplash.com/photo-1618477247222-ac591245363d?auto=format\u0026fit=crop\u0026q=80\u0026w=1000\"]",
          "price": 750000,
          "rating_average": 0,
          "requirements": "[]",
          "slug": "nextjs-saas-boilerplate",
          "tech_stack": "[\"Next.js\", \"TypeScript\", \"Tailwind CSS\", \"Prisma\", \"Stripe\"]",
          "title": "NextJS SaaS Boilerplate",
          "type": "source_code",
          "updated_at": "2026-01-13T02:20:25.20936+07:00",
          "views_count": 0
        },
        {
          "category": {
            "created_at": "2026-01-08T21:55:42.314623+07:00",
            "description": "Full application source codes",
            "icon": "code",
            "id": 1,
            "is_active": true,
            "name": "Source Code",
            "order": 1,
            "slug": "source-code",
            "updated_at": "2026-01-08T21:55:42.314623+07:00"
          },
          "category_id": 1,
          "created_at": "2026-01-13T02:20:25.197105+07:00",
          "created_by": 1,
          "description": "A complete microservices-based e-commerce backend written in Go (Golang). Includes services for products, orders, users, and payments. Features gRPC communication, Kafka event bus, and Docker compose setup.",
          "downloads_count": 0,
          "features": "[\"Microservices Architecture\", \"gRPC Communication\", \"Event-Driven\", \"Scalable\"]",
          "id": 1,
          "is_active": true,
          "preview_images": "[\"https://images.unsplash.com/photo-1555949963-aa79dcee981c?auto=format\u0026fit=crop\u0026q=80\u0026w=1000\", \"https://images.unsplash.com/photo-1555066931-4365d14bab8c?auto=format\u0026fit=crop\u0026q=80\u0026w=1000\"]",
          "price": 1500000,
          "rating_average": 0,
          "requirements": "[]",
          "slug": "ecommerce-microservices-go",
          "tech_stack": "[\"Golang\", \"gRPC\", \"Kafka\", \"PostgreSQL\", \"Docker\"]",
          "title": "E-Commerce Microservices Go",
          "type": "source_code",
          "updated_at": "2026-01-13T02:20:25.197105+07:00",
          "views_count": 0
        }
      ],
      "total": 5
    },
    "message": "Products retrieved successfully",
    "success": true
  },
  "duration": "4.3269ms",
  "duration_ms": 4,
  "client_ip": "::1",
  "user_agent": "Mozilla/5.0 (Windows NT 10.0; Win64; x64) AppleWebKit/537.36 (KHTML, like Gecko) Chrome/143.0.0.0 Safari/537.36"
}
========================================

{
  "timestamp": "2026-01-14 23:16:14",
  "method": "OPTIONS",
  "path": "/api/v1/wishlist",
  "headers": {
    "Accept": "*/*",
    "Authorization": "",
    "Content-Type": ""
  },
  "status_code": 204,
  "duration": "0s",
  "duration_ms": 0,
  "client_ip": "::1",
  "user_agent": "Mozilla/5.0 (Windows NT 10.0; Win64; x64) AppleWebKit/537.36 (KHTML, like Gecko) Chrome/143.0.0.0 Safari/537.36"
}
========================================

{
  "timestamp": "2026-01-14 23:16:14",
  "method": "POST",
  "path": "/api/v1/wishlist",
  "headers": {
    "Accept": "application/json, text/plain, */*",
    "Authorization": "Bearer ...4HKc",
    "Content-Type": "application/json"
  },
  "request_body": {
    "product_id": {
      "category": {
        "created_at": "2026-01-08T21:55:42.326209+07:00",
        "description": "Python, PHP, and JS utility scripts",
        "icon": "terminal",
        "id": 4,
        "is_active": true,
        "name": "Scripts",
        "order": 4,
        "slug": "scripts",
        "updated_at": "2026-01-08T21:55:42.326209+07:00"
      },
      "category_id": 4,
      "created_at": "2026-01-13T02:20:25.212431+07:00",
      "created_by": 1,
      "description": "Python script to automate likes, follows, and comments. Includes safety limits to prevent account bans.",
      "downloads_count": 0,
      "features": "[\"Auto Like\", \"Auto Follow\", \"Targeting by Hashtag\"]",
      "id": 5,
      "is_active": true,
      "preview_images": "[\"https://images.unsplash.com/photo-1611162617474-5b21e879e113?auto=format\u0026fit=crop\u0026q=80\u0026w=1000\"]",
      "price": 150000,
      "rating_average": 0,
      "requirements": "[]",
      "slug": "instagram-automation-bot",
      "tech_stack": "[\"Python\", \"Selenium\"]",
      "title": "Instagram Automation Bot",
      "type": "scripts",
      "updated_at": "2026-01-13T02:20:25.212431+07:00",
      "views_count": 0
    }
  },
  "status_code": 400,
  "response_body": {
    "message": "json: cannot unmarshal object into Go struct field .product_id of type uint",
    "success": false
  },
  "duration": "515.9µs",
  "duration_ms": 0,
  "client_ip": "::1",
  "user_agent": "Mozilla/5.0 (Windows NT 10.0; Win64; x64) AppleWebKit/537.36 (KHTML, like Gecko) Chrome/143.0.0.0 Safari/537.36",
  "user_id": 4,
  "user_email": "astiskripsi@gmail.com"
}
========================================

{
  "timestamp": "2026-01-14 23:17:32",
  "method": "OPTIONS",
  "path": "/api/v1/products",
  "query": {
    "limit": "20"
  },
  "headers": {
    "Accept": "*/*",
    "Authorization": "",
    "Content-Type": ""
  },
  "status_code": 204,
  "duration": "0s",
  "duration_ms": 0,
  "client_ip": "::1",
  "user_agent": "Mozilla/5.0 (Windows NT 10.0; Win64; x64) AppleWebKit/537.36 (KHTML, like Gecko) Chrome/143.0.0.0 Safari/537.36"
}
========================================

{
  "timestamp": "2026-01-14 23:17:32",
  "method": "OPTIONS",
  "path": "/api/v1/cart",
  "headers": {
    "Accept": "*/*",
    "Authorization": "",
    "Content-Type": ""
  },
  "status_code": 204,
  "duration": "0s",
  "duration_ms": 0,
  "client_ip": "::1",
  "user_agent": "Mozilla/5.0 (Windows NT 10.0; Win64; x64) AppleWebKit/537.36 (KHTML, like Gecko) Chrome/143.0.0.0 Safari/537.36"
}
========================================

{
  "timestamp": "2026-01-14 23:17:32",
  "method": "GET",
  "path": "/api/v1/products",
  "query": {
    "limit": "20"
  },
  "headers": {
    "Accept": "application/json, text/plain, */*",
    "Authorization": "Bearer ...4HKc",
    "Content-Type": ""
  },
  "status_code": 200,
  "response_body": {
    "data": {
      "limit": 20,
      "page": 1,
      "products": [
        {
          "category": {
            "created_at": "2026-01-08T21:55:42.326209+07:00",
            "description": "Python, PHP, and JS utility scripts",
            "icon": "terminal",
            "id": 4,
            "is_active": true,
            "name": "Scripts",
            "order": 4,
            "slug": "scripts",
            "updated_at": "2026-01-08T21:55:42.326209+07:00"
          },
          "category_id": 4,
          "created_at": "2026-01-13T02:20:25.212431+07:00",
          "created_by": 1,
          "description": "Python script to automate likes, follows, and comments. Includes safety limits to prevent account bans.",
          "downloads_count": 0,
          "features": "[\"Auto Like\", \"Auto Follow\", \"Targeting by Hashtag\"]",
          "id": 5,
          "is_active": true,
          "preview_images": "[\"https://images.unsplash.com/photo-1611162617474-5b21e879e113?auto=format\u0026fit=crop\u0026q=80\u0026w=1000\"]",
          "price": 150000,
          "rating_average": 0,
          "requirements": "[]",
          "slug": "instagram-automation-bot",
          "tech_stack": "[\"Python\", \"Selenium\"]",
          "title": "Instagram Automation Bot",
          "type": "scripts",
          "updated_at": "2026-01-13T02:20:25.212431+07:00",
          "views_count": 0
        },
        {
          "category": {
            "created_at": "2026-01-08T21:55:42.322557+07:00",
            "description": "UI kits and website templates",
            "icon": "layout",
            "id": 2,
            "is_active": true,
            "name": "Templates",
            "order": 2,
            "slug": "templates",
            "updated_at": "2026-01-08T21:55:42.322557+07:00"
          },
          "category_id": 2,
          "created_at": "2026-01-13T02:20:25.211149+07:00",
          "created_by": 1,
          "description": "Clean, responsive, and customizable admin dashboard template built with Vue 3 and Tailwind CSS.",
          "downloads_count": 0,
          "features": "[\"Dark Mode Support\", \"Responsive Layout\", \"Chart.js Integration\", \"Form Components\"]",
          "id": 4,
          "is_active": true,
          "preview_images": "[\"https://images.unsplash.com/photo-1551288049-bebda4e38f71?auto=format\u0026fit=crop\u0026q=80\u0026w=1000\"]",
          "price": 250000,
          "rating_average": 0,
          "requirements": "[]",
          "slug": "modern-admin-dashboard",
          "tech_stack": "[\"Vue 3\", \"Tailwind CSS\", \"Vite\"]",
          "title": "Modern Admin Dashboard UI",
          "type": "template",
          "updated_at": "2026-01-13T02:20:25.211149+07:00",
          "views_count": 0
        },
        {
          "category": {
            "created_at": "2026-01-08T21:55:42.325061+07:00",
            "description": "Flutter, React Native, and native apps",
            "icon": "smartphone",
            "id": 3,
            "is_active": true,
            "name": "Mobile Apps",
            "order": 3,
            "slug": "mobile-apps",
            "updated_at": "2026-01-08T21:55:42.325061+07:00"
          },
          "category_id": 3,
          "created_at": "2026-01-13T02:20:25.210572+07:00",
          "created_by": 1,
          "description": "Uber Eats clone made with Flutter. Beautiful animations, real-time tracking, and vendor dashboard included. Works on both iOS and Android.",
          "downloads_count": 0,
          "features": "[\"Real-time Tracking\", \"Push Notifications\", \"Vendor App\", \"Dark Mode\"]",
          "id": 3,
          "is_active": true,
          "preview_images": "[\"https://images.unsplash.com/photo-1512941937669-90a1b58e7e9c?auto=format\u0026fit=crop\u0026q=80\u0026w=1000\"]",
          "price": 500000,
          "rating_average": 0,
          "requirements": "[]",
          "slug": "flutter-delivery-app",
          "tech_stack": "[\"Flutter\", \"Firebase\", \"Google Maps API\"]",
          "title": "Flutter Delivery App",
          "type": "mobile_apps",
          "updated_at": "2026-01-13T02:20:25.210572+07:00",
          "views_count": 0
        },
        {
          "category": {
            "created_at": "2026-01-08T21:55:42.314623+07:00",
            "description": "Full application source codes",
            "icon": "code",
            "id": 1,
            "is_active": true,
            "name": "Source Code",
            "order": 1,
            "slug": "source-code",
            "updated_at": "2026-01-08T21:55:42.314623+07:00"
          },
          "category_id": 1,
          "created_at": "2026-01-13T02:20:25.20936+07:00",
          "created_by": 1,
          "description": "Launch your SaaS in days with this comprehensive Next.js boilerplate. Includes Stripe integration, Authentication, Database setup with Prisma, and tailwind UI components.",
          "downloads_count": 0,
          "features": "[\"Authentication\", \"Subscription Payments\", \"Admin Dashboard\", \"SEO Optimized\"]",
          "id": 2,
          "is_active": true,
          "preview_images": "[\"https://images.unsplash.com/photo-1618477247222-ac591245363d?auto=format\u0026fit=crop\u0026q=80\u0026w=1000\"]",
          "price": 750000,
          "rating_average": 0,
          "requirements": "[]",
          "slug": "nextjs-saas-boilerplate",
          "tech_stack": "[\"Next.js\", \"TypeScript\", \"Tailwind CSS\", \"Prisma\", \"Stripe\"]",
          "title": "NextJS SaaS Boilerplate",
          "type": "source_code",
          "updated_at": "2026-01-13T02:20:25.20936+07:00",
          "views_count": 0
        },
        {
          "category": {
            "created_at": "2026-01-08T21:55:42.314623+07:00",
            "description": "Full application source codes",
            "icon": "code",
            "id": 1,
            "is_active": true,
            "name": "Source Code",
            "order": 1,
            "slug": "source-code",
            "updated_at": "2026-01-08T21:55:42.314623+07:00"
          },
          "category_id": 1,
          "created_at": "2026-01-13T02:20:25.197105+07:00",
          "created_by": 1,
          "description": "A complete microservices-based e-commerce backend written in Go (Golang). Includes services for products, orders, users, and payments. Features gRPC communication, Kafka event bus, and Docker compose setup.",
          "downloads_count": 0,
          "features": "[\"Microservices Architecture\", \"gRPC Communication\", \"Event-Driven\", \"Scalable\"]",
          "id": 1,
          "is_active": true,
          "preview_images": "[\"https://images.unsplash.com/photo-1555949963-aa79dcee981c?auto=format\u0026fit=crop\u0026q=80\u0026w=1000\", \"https://images.unsplash.com/photo-1555066931-4365d14bab8c?auto=format\u0026fit=crop\u0026q=80\u0026w=1000\"]",
          "price": 1500000,
          "rating_average": 0,
          "requirements": "[]",
          "slug": "ecommerce-microservices-go",
          "tech_stack": "[\"Golang\", \"gRPC\", \"Kafka\", \"PostgreSQL\", \"Docker\"]",
          "title": "E-Commerce Microservices Go",
          "type": "source_code",
          "updated_at": "2026-01-13T02:20:25.197105+07:00",
          "views_count": 0
        }
      ],
      "total": 5
    },
    "message": "Products retrieved successfully",
    "success": true
  },
  "duration": "2.5617ms",
  "duration_ms": 2,
  "client_ip": "::1",
  "user_agent": "Mozilla/5.0 (Windows NT 10.0; Win64; x64) AppleWebKit/537.36 (KHTML, like Gecko) Chrome/143.0.0.0 Safari/537.36"
}
========================================

{
  "timestamp": "2026-01-14 23:17:32",
  "method": "GET",
  "path": "/api/v1/cart",
  "headers": {
    "Accept": "application/json, text/plain, */*",
    "Authorization": "Bearer ...4HKc",
    "Content-Type": ""
  },
  "status_code": 200,
  "response_body": {
    "data": {
      "items": [],
      "total": 0
    },
    "message": "Cart retrieved successfully",
    "success": true
  },
  "duration": "7.5171ms",
  "duration_ms": 7,
  "client_ip": "::1",
  "user_agent": "Mozilla/5.0 (Windows NT 10.0; Win64; x64) AppleWebKit/537.36 (KHTML, like Gecko) Chrome/143.0.0.0 Safari/537.36",
  "user_id": 4,
  "user_email": "astiskripsi@gmail.com"
}
========================================

{
  "timestamp": "2026-01-14 23:17:32",
  "method": "OPTIONS",
  "path": "/api/v1/wishlist",
  "headers": {
    "Accept": "*/*",
    "Authorization": "",
    "Content-Type": ""
  },
  "status_code": 204,
  "duration": "0s",
  "duration_ms": 0,
  "client_ip": "::1",
  "user_agent": "Mozilla/5.0 (Windows NT 10.0; Win64; x64) AppleWebKit/537.36 (KHTML, like Gecko) Chrome/143.0.0.0 Safari/537.36"
}
========================================

{
  "timestamp": "2026-01-14 23:17:32",
  "method": "GET",
  "path": "/api/v1/wishlist",
  "headers": {
    "Accept": "application/json, text/plain, */*",
    "Authorization": "Bearer ...4HKc",
    "Content-Type": ""
  },
  "status_code": 200,
  "response_body": {
    "data": [],
    "message": "Wishlist retrieved successfully",
    "success": true
  },
  "duration": "734.5µs",
  "duration_ms": 0,
  "client_ip": "::1",
  "user_agent": "Mozilla/5.0 (Windows NT 10.0; Win64; x64) AppleWebKit/537.36 (KHTML, like Gecko) Chrome/143.0.0.0 Safari/537.36",
  "user_id": 4,
  "user_email": "astiskripsi@gmail.com"
}
========================================

{
  "timestamp": "2026-01-14 23:17:41",
  "method": "OPTIONS",
  "path": "/api/v1/cart",
  "headers": {
    "Accept": "*/*",
    "Authorization": "",
    "Content-Type": ""
  },
  "status_code": 204,
  "duration": "0s",
  "duration_ms": 0,
  "client_ip": "::1",
  "user_agent": "Mozilla/5.0 (Windows NT 10.0; Win64; x64) AppleWebKit/537.36 (KHTML, like Gecko) Chrome/143.0.0.0 Safari/537.36"
}
========================================

{
  "timestamp": "2026-01-14 23:17:41",
  "method": "GET",
  "path": "/api/v1/cart",
  "headers": {
    "Accept": "application/json, text/plain, */*",
    "Authorization": "Bearer ...4HKc",
    "Content-Type": ""
  },
  "status_code": 200,
  "response_body": {
    "data": {
      "items": [],
      "total": 0
    },
    "message": "Cart retrieved successfully",
    "success": true
  },
  "duration": "2.0106ms",
  "duration_ms": 2,
  "client_ip": "::1",
  "user_agent": "Mozilla/5.0 (Windows NT 10.0; Win64; x64) AppleWebKit/537.36 (KHTML, like Gecko) Chrome/143.0.0.0 Safari/537.36",
  "user_id": 4,
  "user_email": "astiskripsi@gmail.com"
}
========================================

{
  "timestamp": "2026-01-14 23:17:41",
  "method": "OPTIONS",
  "path": "/api/v1/wishlist",
  "headers": {
    "Accept": "*/*",
    "Authorization": "",
    "Content-Type": ""
  },
  "status_code": 204,
  "duration": "0s",
  "duration_ms": 0,
  "client_ip": "::1",
  "user_agent": "Mozilla/5.0 (Windows NT 10.0; Win64; x64) AppleWebKit/537.36 (KHTML, like Gecko) Chrome/143.0.0.0 Safari/537.36"
}
========================================

{
  "timestamp": "2026-01-14 23:17:41",
  "method": "GET",
  "path": "/api/v1/wishlist",
  "headers": {
    "Accept": "application/json, text/plain, */*",
    "Authorization": "Bearer ...4HKc",
    "Content-Type": ""
  },
  "status_code": 200,
  "response_body": {
    "data": [],
    "message": "Wishlist retrieved successfully",
    "success": true
  },
  "duration": "504.2µs",
  "duration_ms": 0,
  "client_ip": "::1",
  "user_agent": "Mozilla/5.0 (Windows NT 10.0; Win64; x64) AppleWebKit/537.36 (KHTML, like Gecko) Chrome/143.0.0.0 Safari/537.36",
  "user_id": 4,
  "user_email": "astiskripsi@gmail.com"
}
========================================

{
  "timestamp": "2026-01-14 23:17:41",
  "method": "OPTIONS",
  "path": "/api/v1/products",
  "query": {
    "limit": "20"
  },
  "headers": {
    "Accept": "*/*",
    "Authorization": "",
    "Content-Type": ""
  },
  "status_code": 204,
  "duration": "0s",
  "duration_ms": 0,
  "client_ip": "::1",
  "user_agent": "Mozilla/5.0 (Windows NT 10.0; Win64; x64) AppleWebKit/537.36 (KHTML, like Gecko) Chrome/143.0.0.0 Safari/537.36"
}
========================================

{
  "timestamp": "2026-01-14 23:17:41",
  "method": "GET",
  "path": "/api/v1/products",
  "query": {
    "limit": "20"
  },
  "headers": {
    "Accept": "application/json, text/plain, */*",
    "Authorization": "Bearer ...4HKc",
    "Content-Type": ""
  },
  "status_code": 200,
  "response_body": {
    "data": {
      "limit": 20,
      "page": 1,
      "products": [
        {
          "category": {
            "created_at": "2026-01-08T21:55:42.326209+07:00",
            "description": "Python, PHP, and JS utility scripts",
            "icon": "terminal",
            "id": 4,
            "is_active": true,
            "name": "Scripts",
            "order": 4,
            "slug": "scripts",
            "updated_at": "2026-01-08T21:55:42.326209+07:00"
          },
          "category_id": 4,
          "created_at": "2026-01-13T02:20:25.212431+07:00",
          "created_by": 1,
          "description": "Python script to automate likes, follows, and comments. Includes safety limits to prevent account bans.",
          "downloads_count": 0,
          "features": "[\"Auto Like\", \"Auto Follow\", \"Targeting by Hashtag\"]",
          "id": 5,
          "is_active": true,
          "preview_images": "[\"https://images.unsplash.com/photo-1611162617474-5b21e879e113?auto=format\u0026fit=crop\u0026q=80\u0026w=1000\"]",
          "price": 150000,
          "rating_average": 0,
          "requirements": "[]",
          "slug": "instagram-automation-bot",
          "tech_stack": "[\"Python\", \"Selenium\"]",
          "title": "Instagram Automation Bot",
          "type": "scripts",
          "updated_at": "2026-01-13T02:20:25.212431+07:00",
          "views_count": 0
        },
        {
          "category": {
            "created_at": "2026-01-08T21:55:42.322557+07:00",
            "description": "UI kits and website templates",
            "icon": "layout",
            "id": 2,
            "is_active": true,
            "name": "Templates",
            "order": 2,
            "slug": "templates",
            "updated_at": "2026-01-08T21:55:42.322557+07:00"
          },
          "category_id": 2,
          "created_at": "2026-01-13T02:20:25.211149+07:00",
          "created_by": 1,
          "description": "Clean, responsive, and customizable admin dashboard template built with Vue 3 and Tailwind CSS.",
          "downloads_count": 0,
          "features": "[\"Dark Mode Support\", \"Responsive Layout\", \"Chart.js Integration\", \"Form Components\"]",
          "id": 4,
          "is_active": true,
          "preview_images": "[\"https://images.unsplash.com/photo-1551288049-bebda4e38f71?auto=format\u0026fit=crop\u0026q=80\u0026w=1000\"]",
          "price": 250000,
          "rating_average": 0,
          "requirements": "[]",
          "slug": "modern-admin-dashboard",
          "tech_stack": "[\"Vue 3\", \"Tailwind CSS\", \"Vite\"]",
          "title": "Modern Admin Dashboard UI",
          "type": "template",
          "updated_at": "2026-01-13T02:20:25.211149+07:00",
          "views_count": 0
        },
        {
          "category": {
            "created_at": "2026-01-08T21:55:42.325061+07:00",
            "description": "Flutter, React Native, and native apps",
            "icon": "smartphone",
            "id": 3,
            "is_active": true,
            "name": "Mobile Apps",
            "order": 3,
            "slug": "mobile-apps",
            "updated_at": "2026-01-08T21:55:42.325061+07:00"
          },
          "category_id": 3,
          "created_at": "2026-01-13T02:20:25.210572+07:00",
          "created_by": 1,
          "description": "Uber Eats clone made with Flutter. Beautiful animations, real-time tracking, and vendor dashboard included. Works on both iOS and Android.",
          "downloads_count": 0,
          "features": "[\"Real-time Tracking\", \"Push Notifications\", \"Vendor App\", \"Dark Mode\"]",
          "id": 3,
          "is_active": true,
          "preview_images": "[\"https://images.unsplash.com/photo-1512941937669-90a1b58e7e9c?auto=format\u0026fit=crop\u0026q=80\u0026w=1000\"]",
          "price": 500000,
          "rating_average": 0,
          "requirements": "[]",
          "slug": "flutter-delivery-app",
          "tech_stack": "[\"Flutter\", \"Firebase\", \"Google Maps API\"]",
          "title": "Flutter Delivery App",
          "type": "mobile_apps",
          "updated_at": "2026-01-13T02:20:25.210572+07:00",
          "views_count": 0
        },
        {
          "category": {
            "created_at": "2026-01-08T21:55:42.314623+07:00",
            "description": "Full application source codes",
            "icon": "code",
            "id": 1,
            "is_active": true,
            "name": "Source Code",
            "order": 1,
            "slug": "source-code",
            "updated_at": "2026-01-08T21:55:42.314623+07:00"
          },
          "category_id": 1,
          "created_at": "2026-01-13T02:20:25.20936+07:00",
          "created_by": 1,
          "description": "Launch your SaaS in days with this comprehensive Next.js boilerplate. Includes Stripe integration, Authentication, Database setup with Prisma, and tailwind UI components.",
          "downloads_count": 0,
          "features": "[\"Authentication\", \"Subscription Payments\", \"Admin Dashboard\", \"SEO Optimized\"]",
          "id": 2,
          "is_active": true,
          "preview_images": "[\"https://images.unsplash.com/photo-1618477247222-ac591245363d?auto=format\u0026fit=crop\u0026q=80\u0026w=1000\"]",
          "price": 750000,
          "rating_average": 0,
          "requirements": "[]",
          "slug": "nextjs-saas-boilerplate",
          "tech_stack": "[\"Next.js\", \"TypeScript\", \"Tailwind CSS\", \"Prisma\", \"Stripe\"]",
          "title": "NextJS SaaS Boilerplate",
          "type": "source_code",
          "updated_at": "2026-01-13T02:20:25.20936+07:00",
          "views_count": 0
        },
        {
          "category": {
            "created_at": "2026-01-08T21:55:42.314623+07:00",
            "description": "Full application source codes",
            "icon": "code",
            "id": 1,
            "is_active": true,
            "name": "Source Code",
            "order": 1,
            "slug": "source-code",
            "updated_at": "2026-01-08T21:55:42.314623+07:00"
          },
          "category_id": 1,
          "created_at": "2026-01-13T02:20:25.197105+07:00",
          "created_by": 1,
          "description": "A complete microservices-based e-commerce backend written in Go (Golang). Includes services for products, orders, users, and payments. Features gRPC communication, Kafka event bus, and Docker compose setup.",
          "downloads_count": 0,
          "features": "[\"Microservices Architecture\", \"gRPC Communication\", \"Event-Driven\", \"Scalable\"]",
          "id": 1,
          "is_active": true,
          "preview_images": "[\"https://images.unsplash.com/photo-1555949963-aa79dcee981c?auto=format\u0026fit=crop\u0026q=80\u0026w=1000\", \"https://images.unsplash.com/photo-1555066931-4365d14bab8c?auto=format\u0026fit=crop\u0026q=80\u0026w=1000\"]",
          "price": 1500000,
          "rating_average": 0,
          "requirements": "[]",
          "slug": "ecommerce-microservices-go",
          "tech_stack": "[\"Golang\", \"gRPC\", \"Kafka\", \"PostgreSQL\", \"Docker\"]",
          "title": "E-Commerce Microservices Go",
          "type": "source_code",
          "updated_at": "2026-01-13T02:20:25.197105+07:00",
          "views_count": 0
        }
      ],
      "total": 5
    },
    "message": "Products retrieved successfully",
    "success": true
  },
  "duration": "1.6577ms",
  "duration_ms": 1,
  "client_ip": "::1",
  "user_agent": "Mozilla/5.0 (Windows NT 10.0; Win64; x64) AppleWebKit/537.36 (KHTML, like Gecko) Chrome/143.0.0.0 Safari/537.36"
}
========================================

{
  "timestamp": "2026-01-14 23:24:04",
  "method": "OPTIONS",
  "path": "/api/v1/cart",
  "headers": {
    "Accept": "*/*",
    "Authorization": "",
    "Content-Type": ""
  },
  "status_code": 204,
  "duration": "0s",
  "duration_ms": 0,
  "client_ip": "::1",
  "user_agent": "Mozilla/5.0 (Windows NT 10.0; Win64; x64) AppleWebKit/537.36 (KHTML, like Gecko) Chrome/143.0.0.0 Safari/537.36"
}
========================================

{
  "timestamp": "2026-01-14 23:24:04",
  "method": "GET",
  "path": "/api/v1/cart",
  "headers": {
    "Accept": "application/json, text/plain, */*",
    "Authorization": "Bearer ...4HKc",
    "Content-Type": ""
  },
  "status_code": 200,
  "response_body": {
    "data": {
      "items": [],
      "total": 0
    },
    "message": "Cart retrieved successfully",
    "success": true
  },
  "duration": "2.0442ms",
  "duration_ms": 2,
  "client_ip": "::1",
  "user_agent": "Mozilla/5.0 (Windows NT 10.0; Win64; x64) AppleWebKit/537.36 (KHTML, like Gecko) Chrome/143.0.0.0 Safari/537.36",
  "user_id": 4,
  "user_email": "astiskripsi@gmail.com"
}
========================================

{
  "timestamp": "2026-01-14 23:24:04",
  "method": "OPTIONS",
  "path": "/api/v1/wishlist",
  "headers": {
    "Accept": "*/*",
    "Authorization": "",
    "Content-Type": ""
  },
  "status_code": 204,
  "duration": "0s",
  "duration_ms": 0,
  "client_ip": "::1",
  "user_agent": "Mozilla/5.0 (Windows NT 10.0; Win64; x64) AppleWebKit/537.36 (KHTML, like Gecko) Chrome/143.0.0.0 Safari/537.36"
}
========================================

{
  "timestamp": "2026-01-14 23:24:04",
  "method": "GET",
  "path": "/api/v1/wishlist",
  "headers": {
    "Accept": "application/json, text/plain, */*",
    "Authorization": "Bearer ...4HKc",
    "Content-Type": ""
  },
  "status_code": 200,
  "response_body": {
    "data": [],
    "message": "Wishlist retrieved successfully",
    "success": true
  },
  "duration": "1.5142ms",
  "duration_ms": 1,
  "client_ip": "::1",
  "user_agent": "Mozilla/5.0 (Windows NT 10.0; Win64; x64) AppleWebKit/537.36 (KHTML, like Gecko) Chrome/143.0.0.0 Safari/537.36",
  "user_id": 4,
  "user_email": "astiskripsi@gmail.com"
}
========================================

{
  "timestamp": "2026-01-14 23:24:04",
  "method": "OPTIONS",
  "path": "/api/v1/products",
  "query": {
    "limit": "20"
  },
  "headers": {
    "Accept": "*/*",
    "Authorization": "",
    "Content-Type": ""
  },
  "status_code": 204,
  "duration": "0s",
  "duration_ms": 0,
  "client_ip": "::1",
  "user_agent": "Mozilla/5.0 (Windows NT 10.0; Win64; x64) AppleWebKit/537.36 (KHTML, like Gecko) Chrome/143.0.0.0 Safari/537.36"
}
========================================

{
  "timestamp": "2026-01-14 23:24:04",
  "method": "GET",
  "path": "/api/v1/products",
  "query": {
    "limit": "20"
  },
  "headers": {
    "Accept": "application/json, text/plain, */*",
    "Authorization": "Bearer ...4HKc",
    "Content-Type": ""
  },
  "status_code": 200,
  "response_body": {
    "data": {
      "limit": 20,
      "page": 1,
      "products": [
        {
          "category": {
            "created_at": "2026-01-08T21:55:42.326209+07:00",
            "description": "Python, PHP, and JS utility scripts",
            "icon": "terminal",
            "id": 4,
            "is_active": true,
            "name": "Scripts",
            "order": 4,
            "slug": "scripts",
            "updated_at": "2026-01-08T21:55:42.326209+07:00"
          },
          "category_id": 4,
          "created_at": "2026-01-13T02:20:25.212431+07:00",
          "created_by": 1,
          "description": "Python script to automate likes, follows, and comments. Includes safety limits to prevent account bans.",
          "downloads_count": 0,
          "features": "[\"Auto Like\", \"Auto Follow\", \"Targeting by Hashtag\"]",
          "id": 5,
          "is_active": true,
          "preview_images": "[\"https://images.unsplash.com/photo-1611162617474-5b21e879e113?auto=format\u0026fit=crop\u0026q=80\u0026w=1000\"]",
          "price": 150000,
          "rating_average": 0,
          "requirements": "[]",
          "slug": "instagram-automation-bot",
          "tech_stack": "[\"Python\", \"Selenium\"]",
          "title": "Instagram Automation Bot",
          "type": "scripts",
          "updated_at": "2026-01-13T02:20:25.212431+07:00",
          "views_count": 0
        },
        {
          "category": {
            "created_at": "2026-01-08T21:55:42.322557+07:00",
            "description": "UI kits and website templates",
            "icon": "layout",
            "id": 2,
            "is_active": true,
            "name": "Templates",
            "order": 2,
            "slug": "templates",
            "updated_at": "2026-01-08T21:55:42.322557+07:00"
          },
          "category_id": 2,
          "created_at": "2026-01-13T02:20:25.211149+07:00",
          "created_by": 1,
          "description": "Clean, responsive, and customizable admin dashboard template built with Vue 3 and Tailwind CSS.",
          "downloads_count": 0,
          "features": "[\"Dark Mode Support\", \"Responsive Layout\", \"Chart.js Integration\", \"Form Components\"]",
          "id": 4,
          "is_active": true,
          "preview_images": "[\"https://images.unsplash.com/photo-1551288049-bebda4e38f71?auto=format\u0026fit=crop\u0026q=80\u0026w=1000\"]",
          "price": 250000,
          "rating_average": 0,
          "requirements": "[]",
          "slug": "modern-admin-dashboard",
          "tech_stack": "[\"Vue 3\", \"Tailwind CSS\", \"Vite\"]",
          "title": "Modern Admin Dashboard UI",
          "type": "template",
          "updated_at": "2026-01-13T02:20:25.211149+07:00",
          "views_count": 0
        },
        {
          "category": {
            "created_at": "2026-01-08T21:55:42.325061+07:00",
            "description": "Flutter, React Native, and native apps",
            "icon": "smartphone",
            "id": 3,
            "is_active": true,
            "name": "Mobile Apps",
            "order": 3,
            "slug": "mobile-apps",
            "updated_at": "2026-01-08T21:55:42.325061+07:00"
          },
          "category_id": 3,
          "created_at": "2026-01-13T02:20:25.210572+07:00",
          "created_by": 1,
          "description": "Uber Eats clone made with Flutter. Beautiful animations, real-time tracking, and vendor dashboard included. Works on both iOS and Android.",
          "downloads_count": 0,
          "features": "[\"Real-time Tracking\", \"Push Notifications\", \"Vendor App\", \"Dark Mode\"]",
          "id": 3,
          "is_active": true,
          "preview_images": "[\"https://images.unsplash.com/photo-1512941937669-90a1b58e7e9c?auto=format\u0026fit=crop\u0026q=80\u0026w=1000\"]",
          "price": 500000,
          "rating_average": 0,
          "requirements": "[]",
          "slug": "flutter-delivery-app",
          "tech_stack": "[\"Flutter\", \"Firebase\", \"Google Maps API\"]",
          "title": "Flutter Delivery App",
          "type": "mobile_apps",
          "updated_at": "2026-01-13T02:20:25.210572+07:00",
          "views_count": 0
        },
        {
          "category": {
            "created_at": "2026-01-08T21:55:42.314623+07:00",
            "description": "Full application source codes",
            "icon": "code",
            "id": 1,
            "is_active": true,
            "name": "Source Code",
            "order": 1,
            "slug": "source-code",
            "updated_at": "2026-01-08T21:55:42.314623+07:00"
          },
          "category_id": 1,
          "created_at": "2026-01-13T02:20:25.20936+07:00",
          "created_by": 1,
          "description": "Launch your SaaS in days with this comprehensive Next.js boilerplate. Includes Stripe integration, Authentication, Database setup with Prisma, and tailwind UI components.",
          "downloads_count": 0,
          "features": "[\"Authentication\", \"Subscription Payments\", \"Admin Dashboard\", \"SEO Optimized\"]",
          "id": 2,
          "is_active": true,
          "preview_images": "[\"https://images.unsplash.com/photo-1618477247222-ac591245363d?auto=format\u0026fit=crop\u0026q=80\u0026w=1000\"]",
          "price": 750000,
          "rating_average": 0,
          "requirements": "[]",
          "slug": "nextjs-saas-boilerplate",
          "tech_stack": "[\"Next.js\", \"TypeScript\", \"Tailwind CSS\", \"Prisma\", \"Stripe\"]",
          "title": "NextJS SaaS Boilerplate",
          "type": "source_code",
          "updated_at": "2026-01-13T02:20:25.20936+07:00",
          "views_count": 0
        },
        {
          "category": {
            "created_at": "2026-01-08T21:55:42.314623+07:00",
            "description": "Full application source codes",
            "icon": "code",
            "id": 1,
            "is_active": true,
            "name": "Source Code",
            "order": 1,
            "slug": "source-code",
            "updated_at": "2026-01-08T21:55:42.314623+07:00"
          },
          "category_id": 1,
          "created_at": "2026-01-13T02:20:25.197105+07:00",
          "created_by": 1,
          "description": "A complete microservices-based e-commerce backend written in Go (Golang). Includes services for products, orders, users, and payments. Features gRPC communication, Kafka event bus, and Docker compose setup.",
          "downloads_count": 0,
          "features": "[\"Microservices Architecture\", \"gRPC Communication\", \"Event-Driven\", \"Scalable\"]",
          "id": 1,
          "is_active": true,
          "preview_images": "[\"https://images.unsplash.com/photo-1555949963-aa79dcee981c?auto=format\u0026fit=crop\u0026q=80\u0026w=1000\", \"https://images.unsplash.com/photo-1555066931-4365d14bab8c?auto=format\u0026fit=crop\u0026q=80\u0026w=1000\"]",
          "price": 1500000,
          "rating_average": 0,
          "requirements": "[]",
          "slug": "ecommerce-microservices-go",
          "tech_stack": "[\"Golang\", \"gRPC\", \"Kafka\", \"PostgreSQL\", \"Docker\"]",
          "title": "E-Commerce Microservices Go",
          "type": "source_code",
          "updated_at": "2026-01-13T02:20:25.197105+07:00",
          "views_count": 0
        }
      ],
      "total": 5
    },
    "message": "Products retrieved successfully",
    "success": true
  },
  "duration": "1.1366ms",
  "duration_ms": 1,
  "client_ip": "::1",
  "user_agent": "Mozilla/5.0 (Windows NT 10.0; Win64; x64) AppleWebKit/537.36 (KHTML, like Gecko) Chrome/143.0.0.0 Safari/537.36"
}
========================================

{
  "timestamp": "2026-01-14 23:24:12",
  "method": "OPTIONS",
  "path": "/api/v1/cart",
  "headers": {
    "Accept": "*/*",
    "Authorization": "",
    "Content-Type": ""
  },
  "status_code": 204,
  "duration": "0s",
  "duration_ms": 0,
  "client_ip": "::1",
  "user_agent": "Mozilla/5.0 (Windows NT 10.0; Win64; x64) AppleWebKit/537.36 (KHTML, like Gecko) Chrome/143.0.0.0 Safari/537.36"
}
========================================

{
  "timestamp": "2026-01-14 23:24:12",
  "method": "GET",
  "path": "/api/v1/cart",
  "headers": {
    "Accept": "application/json, text/plain, */*",
    "Authorization": "Bearer ...4HKc",
    "Content-Type": ""
  },
  "status_code": 200,
  "response_body": {
    "data": {
      "items": [],
      "total": 0
    },
    "message": "Cart retrieved successfully",
    "success": true
  },
  "duration": "2.0085ms",
  "duration_ms": 2,
  "client_ip": "::1",
  "user_agent": "Mozilla/5.0 (Windows NT 10.0; Win64; x64) AppleWebKit/537.36 (KHTML, like Gecko) Chrome/143.0.0.0 Safari/537.36",
  "user_id": 4,
  "user_email": "astiskripsi@gmail.com"
}
========================================

{
  "timestamp": "2026-01-14 23:24:12",
  "method": "OPTIONS",
  "path": "/api/v1/wishlist",
  "headers": {
    "Accept": "*/*",
    "Authorization": "",
    "Content-Type": ""
  },
  "status_code": 204,
  "duration": "523.7µs",
  "duration_ms": 0,
  "client_ip": "::1",
  "user_agent": "Mozilla/5.0 (Windows NT 10.0; Win64; x64) AppleWebKit/537.36 (KHTML, like Gecko) Chrome/143.0.0.0 Safari/537.36"
}
========================================

{
  "timestamp": "2026-01-14 23:24:12",
  "method": "GET",
  "path": "/api/v1/wishlist",
  "headers": {
    "Accept": "application/json, text/plain, */*",
    "Authorization": "Bearer ...4HKc",
    "Content-Type": ""
  },
  "status_code": 200,
  "response_body": {
    "data": [],
    "message": "Wishlist retrieved successfully",
    "success": true
  },
  "duration": "619.8µs",
  "duration_ms": 0,
  "client_ip": "::1",
  "user_agent": "Mozilla/5.0 (Windows NT 10.0; Win64; x64) AppleWebKit/537.36 (KHTML, like Gecko) Chrome/143.0.0.0 Safari/537.36",
  "user_id": 4,
  "user_email": "astiskripsi@gmail.com"
}
========================================

{
  "timestamp": "2026-01-14 23:24:12",
  "method": "OPTIONS",
  "path": "/api/v1/products",
  "query": {
    "limit": "20"
  },
  "headers": {
    "Accept": "*/*",
    "Authorization": "",
    "Content-Type": ""
  },
  "status_code": 204,
  "duration": "0s",
  "duration_ms": 0,
  "client_ip": "::1",
  "user_agent": "Mozilla/5.0 (Windows NT 10.0; Win64; x64) AppleWebKit/537.36 (KHTML, like Gecko) Chrome/143.0.0.0 Safari/537.36"
}
========================================

{
  "timestamp": "2026-01-14 23:24:12",
  "method": "GET",
  "path": "/api/v1/products",
  "query": {
    "limit": "20"
  },
  "headers": {
    "Accept": "application/json, text/plain, */*",
    "Authorization": "Bearer ...4HKc",
    "Content-Type": ""
  },
  "status_code": 200,
  "response_body": {
    "data": {
      "limit": 20,
      "page": 1,
      "products": [
        {
          "category": {
            "created_at": "2026-01-08T21:55:42.326209+07:00",
            "description": "Python, PHP, and JS utility scripts",
            "icon": "terminal",
            "id": 4,
            "is_active": true,
            "name": "Scripts",
            "order": 4,
            "slug": "scripts",
            "updated_at": "2026-01-08T21:55:42.326209+07:00"
          },
          "category_id": 4,
          "created_at": "2026-01-13T02:20:25.212431+07:00",
          "created_by": 1,
          "description": "Python script to automate likes, follows, and comments. Includes safety limits to prevent account bans.",
          "downloads_count": 0,
          "features": "[\"Auto Like\", \"Auto Follow\", \"Targeting by Hashtag\"]",
          "id": 5,
          "is_active": true,
          "preview_images": "[\"https://images.unsplash.com/photo-1611162617474-5b21e879e113?auto=format\u0026fit=crop\u0026q=80\u0026w=1000\"]",
          "price": 150000,
          "rating_average": 0,
          "requirements": "[]",
          "slug": "instagram-automation-bot",
          "tech_stack": "[\"Python\", \"Selenium\"]",
          "title": "Instagram Automation Bot",
          "type": "scripts",
          "updated_at": "2026-01-13T02:20:25.212431+07:00",
          "views_count": 0
        },
        {
          "category": {
            "created_at": "2026-01-08T21:55:42.322557+07:00",
            "description": "UI kits and website templates",
            "icon": "layout",
            "id": 2,
            "is_active": true,
            "name": "Templates",
            "order": 2,
            "slug": "templates",
            "updated_at": "2026-01-08T21:55:42.322557+07:00"
          },
          "category_id": 2,
          "created_at": "2026-01-13T02:20:25.211149+07:00",
          "created_by": 1,
          "description": "Clean, responsive, and customizable admin dashboard template built with Vue 3 and Tailwind CSS.",
          "downloads_count": 0,
          "features": "[\"Dark Mode Support\", \"Responsive Layout\", \"Chart.js Integration\", \"Form Components\"]",
          "id": 4,
          "is_active": true,
          "preview_images": "[\"https://images.unsplash.com/photo-1551288049-bebda4e38f71?auto=format\u0026fit=crop\u0026q=80\u0026w=1000\"]",
          "price": 250000,
          "rating_average": 0,
          "requirements": "[]",
          "slug": "modern-admin-dashboard",
          "tech_stack": "[\"Vue 3\", \"Tailwind CSS\", \"Vite\"]",
          "title": "Modern Admin Dashboard UI",
          "type": "template",
          "updated_at": "2026-01-13T02:20:25.211149+07:00",
          "views_count": 0
        },
        {
          "category": {
            "created_at": "2026-01-08T21:55:42.325061+07:00",
            "description": "Flutter, React Native, and native apps",
            "icon": "smartphone",
            "id": 3,
            "is_active": true,
            "name": "Mobile Apps",
            "order": 3,
            "slug": "mobile-apps",
            "updated_at": "2026-01-08T21:55:42.325061+07:00"
          },
          "category_id": 3,
          "created_at": "2026-01-13T02:20:25.210572+07:00",
          "created_by": 1,
          "description": "Uber Eats clone made with Flutter. Beautiful animations, real-time tracking, and vendor dashboard included. Works on both iOS and Android.",
          "downloads_count": 0,
          "features": "[\"Real-time Tracking\", \"Push Notifications\", \"Vendor App\", \"Dark Mode\"]",
          "id": 3,
          "is_active": true,
          "preview_images": "[\"https://images.unsplash.com/photo-1512941937669-90a1b58e7e9c?auto=format\u0026fit=crop\u0026q=80\u0026w=1000\"]",
          "price": 500000,
          "rating_average": 0,
          "requirements": "[]",
          "slug": "flutter-delivery-app",
          "tech_stack": "[\"Flutter\", \"Firebase\", \"Google Maps API\"]",
          "title": "Flutter Delivery App",
          "type": "mobile_apps",
          "updated_at": "2026-01-13T02:20:25.210572+07:00",
          "views_count": 0
        },
        {
          "category": {
            "created_at": "2026-01-08T21:55:42.314623+07:00",
            "description": "Full application source codes",
            "icon": "code",
            "id": 1,
            "is_active": true,
            "name": "Source Code",
            "order": 1,
            "slug": "source-code",
            "updated_at": "2026-01-08T21:55:42.314623+07:00"
          },
          "category_id": 1,
          "created_at": "2026-01-13T02:20:25.20936+07:00",
          "created_by": 1,
          "description": "Launch your SaaS in days with this comprehensive Next.js boilerplate. Includes Stripe integration, Authentication, Database setup with Prisma, and tailwind UI components.",
          "downloads_count": 0,
          "features": "[\"Authentication\", \"Subscription Payments\", \"Admin Dashboard\", \"SEO Optimized\"]",
          "id": 2,
          "is_active": true,
          "preview_images": "[\"https://images.unsplash.com/photo-1618477247222-ac591245363d?auto=format\u0026fit=crop\u0026q=80\u0026w=1000\"]",
          "price": 750000,
          "rating_average": 0,
          "requirements": "[]",
          "slug": "nextjs-saas-boilerplate",
          "tech_stack": "[\"Next.js\", \"TypeScript\", \"Tailwind CSS\", \"Prisma\", \"Stripe\"]",
          "title": "NextJS SaaS Boilerplate",
          "type": "source_code",
          "updated_at": "2026-01-13T02:20:25.20936+07:00",
          "views_count": 0
        },
        {
          "category": {
            "created_at": "2026-01-08T21:55:42.314623+07:00",
            "description": "Full application source codes",
            "icon": "code",
            "id": 1,
            "is_active": true,
            "name": "Source Code",
            "order": 1,
            "slug": "source-code",
            "updated_at": "2026-01-08T21:55:42.314623+07:00"
          },
          "category_id": 1,
          "created_at": "2026-01-13T02:20:25.197105+07:00",
          "created_by": 1,
          "description": "A complete microservices-based e-commerce backend written in Go (Golang). Includes services for products, orders, users, and payments. Features gRPC communication, Kafka event bus, and Docker compose setup.",
          "downloads_count": 0,
          "features": "[\"Microservices Architecture\", \"gRPC Communication\", \"Event-Driven\", \"Scalable\"]",
          "id": 1,
          "is_active": true,
          "preview_images": "[\"https://images.unsplash.com/photo-1555949963-aa79dcee981c?auto=format\u0026fit=crop\u0026q=80\u0026w=1000\", \"https://images.unsplash.com/photo-1555066931-4365d14bab8c?auto=format\u0026fit=crop\u0026q=80\u0026w=1000\"]",
          "price": 1500000,
          "rating_average": 0,
          "requirements": "[]",
          "slug": "ecommerce-microservices-go",
          "tech_stack": "[\"Golang\", \"gRPC\", \"Kafka\", \"PostgreSQL\", \"Docker\"]",
          "title": "E-Commerce Microservices Go",
          "type": "source_code",
          "updated_at": "2026-01-13T02:20:25.197105+07:00",
          "views_count": 0
        }
      ],
      "total": 5
    },
    "message": "Products retrieved successfully",
    "success": true
  },
  "duration": "3.8491ms",
  "duration_ms": 3,
  "client_ip": "::1",
  "user_agent": "Mozilla/5.0 (Windows NT 10.0; Win64; x64) AppleWebKit/537.36 (KHTML, like Gecko) Chrome/143.0.0.0 Safari/537.36"
}
========================================

{
  "timestamp": "2026-01-14 23:24:16",
  "method": "POST",
  "path": "/api/v1/wishlist",
  "headers": {
    "Accept": "application/json, text/plain, */*",
    "Authorization": "Bearer ...4HKc",
    "Content-Type": "application/json"
  },
  "request_body": {
    "product_id": 5
  },
  "status_code": 201,
  "response_body": {
    "data": {
      "created_at": "2026-01-14T23:24:16.8639525+07:00",
      "id": 2,
      "product_id": 5,
      "user_id": 4
    },
    "message": "Item added to wishlist",
    "success": true
  },
  "duration": "18.0223ms",
  "duration_ms": 18,
  "client_ip": "::1",
  "user_agent": "Mozilla/5.0 (Windows NT 10.0; Win64; x64) AppleWebKit/537.36 (KHTML, like Gecko) Chrome/143.0.0.0 Safari/537.36",
  "user_id": 4,
  "user_email": "astiskripsi@gmail.com"
}
========================================

{
  "timestamp": "2026-01-14 23:24:16",
  "method": "GET",
  "path": "/api/v1/wishlist",
  "headers": {
    "Accept": "application/json, text/plain, */*",
    "Authorization": "Bearer ...4HKc",
    "Content-Type": ""
  },
  "status_code": 200,
  "response_body": {
    "data": [
      {
        "created_at": "2026-01-14T23:24:16.863952+07:00",
        "id": 2,
        "product": {
          "category": {
            "created_at": "2026-01-08T21:55:42.326209+07:00",
            "description": "Python, PHP, and JS utility scripts",
            "icon": "terminal",
            "id": 4,
            "is_active": true,
            "name": "Scripts",
            "order": 4,
            "slug": "scripts",
            "updated_at": "2026-01-08T21:55:42.326209+07:00"
          },
          "category_id": 4,
          "created_at": "2026-01-13T02:20:25.212431+07:00",
          "created_by": 1,
          "description": "Python script to automate likes, follows, and comments. Includes safety limits to prevent account bans.",
          "downloads_count": 0,
          "features": "[\"Auto Like\", \"Auto Follow\", \"Targeting by Hashtag\"]",
          "id": 5,
          "is_active": true,
          "preview_images": "[\"https://images.unsplash.com/photo-1611162617474-5b21e879e113?auto=format\u0026fit=crop\u0026q=80\u0026w=1000\"]",
          "price": 150000,
          "rating_average": 0,
          "requirements": "[]",
          "slug": "instagram-automation-bot",
          "tech_stack": "[\"Python\", \"Selenium\"]",
          "title": "Instagram Automation Bot",
          "type": "scripts",
          "updated_at": "2026-01-13T02:20:25.212431+07:00",
          "views_count": 0
        },
        "product_id": 5,
        "user_id": 4
      }
    ],
    "message": "Wishlist retrieved successfully",
    "success": true
  },
  "duration": "1.8437ms",
  "duration_ms": 1,
  "client_ip": "::1",
  "user_agent": "Mozilla/5.0 (Windows NT 10.0; Win64; x64) AppleWebKit/537.36 (KHTML, like Gecko) Chrome/143.0.0.0 Safari/537.36",
  "user_id": 4,
  "user_email": "astiskripsi@gmail.com"
}
========================================

{
  "timestamp": "2026-01-14 23:24:18",
  "method": "OPTIONS",
  "path": "/api/v1/wishlist",
  "headers": {
    "Accept": "*/*",
    "Authorization": "",
    "Content-Type": ""
  },
  "status_code": 204,
  "duration": "0s",
  "duration_ms": 0,
  "client_ip": "::1",
  "user_agent": "Mozilla/5.0 (Windows NT 10.0; Win64; x64) AppleWebKit/537.36 (KHTML, like Gecko) Chrome/143.0.0.0 Safari/537.36"
}
========================================

{
  "timestamp": "2026-01-14 23:24:18",
  "method": "GET",
  "path": "/api/v1/wishlist",
  "headers": {
    "Accept": "application/json, text/plain, */*",
    "Authorization": "Bearer ...4HKc",
    "Content-Type": ""
  },
  "status_code": 200,
  "response_body": {
    "data": [
      {
        "created_at": "2026-01-14T23:24:16.863952+07:00",
        "id": 2,
        "product": {
          "category": {
            "created_at": "2026-01-08T21:55:42.326209+07:00",
            "description": "Python, PHP, and JS utility scripts",
            "icon": "terminal",
            "id": 4,
            "is_active": true,
            "name": "Scripts",
            "order": 4,
            "slug": "scripts",
            "updated_at": "2026-01-08T21:55:42.326209+07:00"
          },
          "category_id": 4,
          "created_at": "2026-01-13T02:20:25.212431+07:00",
          "created_by": 1,
          "description": "Python script to automate likes, follows, and comments. Includes safety limits to prevent account bans.",
          "downloads_count": 0,
          "features": "[\"Auto Like\", \"Auto Follow\", \"Targeting by Hashtag\"]",
          "id": 5,
          "is_active": true,
          "preview_images": "[\"https://images.unsplash.com/photo-1611162617474-5b21e879e113?auto=format\u0026fit=crop\u0026q=80\u0026w=1000\"]",
          "price": 150000,
          "rating_average": 0,
          "requirements": "[]",
          "slug": "instagram-automation-bot",
          "tech_stack": "[\"Python\", \"Selenium\"]",
          "title": "Instagram Automation Bot",
          "type": "scripts",
          "updated_at": "2026-01-13T02:20:25.212431+07:00",
          "views_count": 0
        },
        "product_id": 5,
        "user_id": 4
      }
    ],
    "message": "Wishlist retrieved successfully",
    "success": true
  },
  "duration": "2.9083ms",
  "duration_ms": 2,
  "client_ip": "::1",
  "user_agent": "Mozilla/5.0 (Windows NT 10.0; Win64; x64) AppleWebKit/537.36 (KHTML, like Gecko) Chrome/143.0.0.0 Safari/537.36",
  "user_id": 4,
  "user_email": "astiskripsi@gmail.com"
}
========================================

{
  "timestamp": "2026-01-14 23:24:21",
  "method": "OPTIONS",
  "path": "/api/v1/products",
  "query": {
    "limit": "20"
  },
  "headers": {
    "Accept": "*/*",
    "Authorization": "",
    "Content-Type": ""
  },
  "status_code": 204,
  "duration": "0s",
  "duration_ms": 0,
  "client_ip": "::1",
  "user_agent": "Mozilla/5.0 (Windows NT 10.0; Win64; x64) AppleWebKit/537.36 (KHTML, like Gecko) Chrome/143.0.0.0 Safari/537.36"
}
========================================

{
  "timestamp": "2026-01-14 23:24:21",
  "method": "GET",
  "path": "/api/v1/products",
  "query": {
    "limit": "20"
  },
  "headers": {
    "Accept": "application/json, text/plain, */*",
    "Authorization": "Bearer ...4HKc",
    "Content-Type": ""
  },
  "status_code": 200,
  "response_body": {
    "data": {
      "limit": 20,
      "page": 1,
      "products": [
        {
          "category": {
            "created_at": "2026-01-08T21:55:42.326209+07:00",
            "description": "Python, PHP, and JS utility scripts",
            "icon": "terminal",
            "id": 4,
            "is_active": true,
            "name": "Scripts",
            "order": 4,
            "slug": "scripts",
            "updated_at": "2026-01-08T21:55:42.326209+07:00"
          },
          "category_id": 4,
          "created_at": "2026-01-13T02:20:25.212431+07:00",
          "created_by": 1,
          "description": "Python script to automate likes, follows, and comments. Includes safety limits to prevent account bans.",
          "downloads_count": 0,
          "features": "[\"Auto Like\", \"Auto Follow\", \"Targeting by Hashtag\"]",
          "id": 5,
          "is_active": true,
          "preview_images": "[\"https://images.unsplash.com/photo-1611162617474-5b21e879e113?auto=format\u0026fit=crop\u0026q=80\u0026w=1000\"]",
          "price": 150000,
          "rating_average": 0,
          "requirements": "[]",
          "slug": "instagram-automation-bot",
          "tech_stack": "[\"Python\", \"Selenium\"]",
          "title": "Instagram Automation Bot",
          "type": "scripts",
          "updated_at": "2026-01-13T02:20:25.212431+07:00",
          "views_count": 0
        },
        {
          "category": {
            "created_at": "2026-01-08T21:55:42.322557+07:00",
            "description": "UI kits and website templates",
            "icon": "layout",
            "id": 2,
            "is_active": true,
            "name": "Templates",
            "order": 2,
            "slug": "templates",
            "updated_at": "2026-01-08T21:55:42.322557+07:00"
          },
          "category_id": 2,
          "created_at": "2026-01-13T02:20:25.211149+07:00",
          "created_by": 1,
          "description": "Clean, responsive, and customizable admin dashboard template built with Vue 3 and Tailwind CSS.",
          "downloads_count": 0,
          "features": "[\"Dark Mode Support\", \"Responsive Layout\", \"Chart.js Integration\", \"Form Components\"]",
          "id": 4,
          "is_active": true,
          "preview_images": "[\"https://images.unsplash.com/photo-1551288049-bebda4e38f71?auto=format\u0026fit=crop\u0026q=80\u0026w=1000\"]",
          "price": 250000,
          "rating_average": 0,
          "requirements": "[]",
          "slug": "modern-admin-dashboard",
          "tech_stack": "[\"Vue 3\", \"Tailwind CSS\", \"Vite\"]",
          "title": "Modern Admin Dashboard UI",
          "type": "template",
          "updated_at": "2026-01-13T02:20:25.211149+07:00",
          "views_count": 0
        },
        {
          "category": {
            "created_at": "2026-01-08T21:55:42.325061+07:00",
            "description": "Flutter, React Native, and native apps",
            "icon": "smartphone",
            "id": 3,
            "is_active": true,
            "name": "Mobile Apps",
            "order": 3,
            "slug": "mobile-apps",
            "updated_at": "2026-01-08T21:55:42.325061+07:00"
          },
          "category_id": 3,
          "created_at": "2026-01-13T02:20:25.210572+07:00",
          "created_by": 1,
          "description": "Uber Eats clone made with Flutter. Beautiful animations, real-time tracking, and vendor dashboard included. Works on both iOS and Android.",
          "downloads_count": 0,
          "features": "[\"Real-time Tracking\", \"Push Notifications\", \"Vendor App\", \"Dark Mode\"]",
          "id": 3,
          "is_active": true,
          "preview_images": "[\"https://images.unsplash.com/photo-1512941937669-90a1b58e7e9c?auto=format\u0026fit=crop\u0026q=80\u0026w=1000\"]",
          "price": 500000,
          "rating_average": 0,
          "requirements": "[]",
          "slug": "flutter-delivery-app",
          "tech_stack": "[\"Flutter\", \"Firebase\", \"Google Maps API\"]",
          "title": "Flutter Delivery App",
          "type": "mobile_apps",
          "updated_at": "2026-01-13T02:20:25.210572+07:00",
          "views_count": 0
        },
        {
          "category": {
            "created_at": "2026-01-08T21:55:42.314623+07:00",
            "description": "Full application source codes",
            "icon": "code",
            "id": 1,
            "is_active": true,
            "name": "Source Code",
            "order": 1,
            "slug": "source-code",
            "updated_at": "2026-01-08T21:55:42.314623+07:00"
          },
          "category_id": 1,
          "created_at": "2026-01-13T02:20:25.20936+07:00",
          "created_by": 1,
          "description": "Launch your SaaS in days with this comprehensive Next.js boilerplate. Includes Stripe integration, Authentication, Database setup with Prisma, and tailwind UI components.",
          "downloads_count": 0,
          "features": "[\"Authentication\", \"Subscription Payments\", \"Admin Dashboard\", \"SEO Optimized\"]",
          "id": 2,
          "is_active": true,
          "preview_images": "[\"https://images.unsplash.com/photo-1618477247222-ac591245363d?auto=format\u0026fit=crop\u0026q=80\u0026w=1000\"]",
          "price": 750000,
          "rating_average": 0,
          "requirements": "[]",
          "slug": "nextjs-saas-boilerplate",
          "tech_stack": "[\"Next.js\", \"TypeScript\", \"Tailwind CSS\", \"Prisma\", \"Stripe\"]",
          "title": "NextJS SaaS Boilerplate",
          "type": "source_code",
          "updated_at": "2026-01-13T02:20:25.20936+07:00",
          "views_count": 0
        },
        {
          "category": {
            "created_at": "2026-01-08T21:55:42.314623+07:00",
            "description": "Full application source codes",
            "icon": "code",
            "id": 1,
            "is_active": true,
            "name": "Source Code",
            "order": 1,
            "slug": "source-code",
            "updated_at": "2026-01-08T21:55:42.314623+07:00"
          },
          "category_id": 1,
          "created_at": "2026-01-13T02:20:25.197105+07:00",
          "created_by": 1,
          "description": "A complete microservices-based e-commerce backend written in Go (Golang). Includes services for products, orders, users, and payments. Features gRPC communication, Kafka event bus, and Docker compose setup.",
          "downloads_count": 0,
          "features": "[\"Microservices Architecture\", \"gRPC Communication\", \"Event-Driven\", \"Scalable\"]",
          "id": 1,
          "is_active": true,
          "preview_images": "[\"https://images.unsplash.com/photo-1555949963-aa79dcee981c?auto=format\u0026fit=crop\u0026q=80\u0026w=1000\", \"https://images.unsplash.com/photo-1555066931-4365d14bab8c?auto=format\u0026fit=crop\u0026q=80\u0026w=1000\"]",
          "price": 1500000,
          "rating_average": 0,
          "requirements": "[]",
          "slug": "ecommerce-microservices-go",
          "tech_stack": "[\"Golang\", \"gRPC\", \"Kafka\", \"PostgreSQL\", \"Docker\"]",
          "title": "E-Commerce Microservices Go",
          "type": "source_code",
          "updated_at": "2026-01-13T02:20:25.197105+07:00",
          "views_count": 0
        }
      ],
      "total": 5
    },
    "message": "Products retrieved successfully",
    "success": true
  },
  "duration": "2.6698ms",
  "duration_ms": 2,
  "client_ip": "::1",
  "user_agent": "Mozilla/5.0 (Windows NT 10.0; Win64; x64) AppleWebKit/537.36 (KHTML, like Gecko) Chrome/143.0.0.0 Safari/537.36"
}
========================================

{
  "timestamp": "2026-01-14 23:24:23",
  "method": "OPTIONS",
  "path": "/api/v1/cart",
  "headers": {
    "Accept": "*/*",
    "Authorization": "",
    "Content-Type": ""
  },
  "status_code": 204,
  "duration": "0s",
  "duration_ms": 0,
  "client_ip": "::1",
  "user_agent": "Mozilla/5.0 (Windows NT 10.0; Win64; x64) AppleWebKit/537.36 (KHTML, like Gecko) Chrome/143.0.0.0 Safari/537.36"
}
========================================

{
  "timestamp": "2026-01-14 23:24:23",
  "method": "GET",
  "path": "/api/v1/cart",
  "headers": {
    "Accept": "application/json, text/plain, */*",
    "Authorization": "Bearer ...4HKc",
    "Content-Type": ""
  },
  "status_code": 200,
  "response_body": {
    "data": {
      "items": [],
      "total": 0
    },
    "message": "Cart retrieved successfully",
    "success": true
  },
  "duration": "2.0066ms",
  "duration_ms": 2,
  "client_ip": "::1",
  "user_agent": "Mozilla/5.0 (Windows NT 10.0; Win64; x64) AppleWebKit/537.36 (KHTML, like Gecko) Chrome/143.0.0.0 Safari/537.36",
  "user_id": 4,
  "user_email": "astiskripsi@gmail.com"
}
========================================

{
  "timestamp": "2026-01-14 23:24:23",
  "method": "GET",
  "path": "/api/v1/wishlist",
  "headers": {
    "Accept": "application/json, text/plain, */*",
    "Authorization": "Bearer ...4HKc",
    "Content-Type": ""
  },
  "status_code": 200,
  "response_body": {
    "data": [
      {
        "created_at": "2026-01-14T23:24:16.863952+07:00",
        "id": 2,
        "product": {
          "category": {
            "created_at": "2026-01-08T21:55:42.326209+07:00",
            "description": "Python, PHP, and JS utility scripts",
            "icon": "terminal",
            "id": 4,
            "is_active": true,
            "name": "Scripts",
            "order": 4,
            "slug": "scripts",
            "updated_at": "2026-01-08T21:55:42.326209+07:00"
          },
          "category_id": 4,
          "created_at": "2026-01-13T02:20:25.212431+07:00",
          "created_by": 1,
          "description": "Python script to automate likes, follows, and comments. Includes safety limits to prevent account bans.",
          "downloads_count": 0,
          "features": "[\"Auto Like\", \"Auto Follow\", \"Targeting by Hashtag\"]",
          "id": 5,
          "is_active": true,
          "preview_images": "[\"https://images.unsplash.com/photo-1611162617474-5b21e879e113?auto=format\u0026fit=crop\u0026q=80\u0026w=1000\"]",
          "price": 150000,
          "rating_average": 0,
          "requirements": "[]",
          "slug": "instagram-automation-bot",
          "tech_stack": "[\"Python\", \"Selenium\"]",
          "title": "Instagram Automation Bot",
          "type": "scripts",
          "updated_at": "2026-01-13T02:20:25.212431+07:00",
          "views_count": 0
        },
        "product_id": 5,
        "user_id": 4
      }
    ],
    "message": "Wishlist retrieved successfully",
    "success": true
  },
  "duration": "4.254ms",
  "duration_ms": 4,
  "client_ip": "::1",
  "user_agent": "Mozilla/5.0 (Windows NT 10.0; Win64; x64) AppleWebKit/537.36 (KHTML, like Gecko) Chrome/143.0.0.0 Safari/537.36",
  "user_id": 4,
  "user_email": "astiskripsi@gmail.com"
}
========================================

{
  "timestamp": "2026-01-14 23:24:23",
  "method": "GET",
  "path": "/api/v1/products",
  "query": {
    "limit": "20"
  },
  "headers": {
    "Accept": "application/json, text/plain, */*",
    "Authorization": "Bearer ...4HKc",
    "Content-Type": ""
  },
  "status_code": 200,
  "response_body": {
    "data": {
      "limit": 20,
      "page": 1,
      "products": [
        {
          "category": {
            "created_at": "2026-01-08T21:55:42.326209+07:00",
            "description": "Python, PHP, and JS utility scripts",
            "icon": "terminal",
            "id": 4,
            "is_active": true,
            "name": "Scripts",
            "order": 4,
            "slug": "scripts",
            "updated_at": "2026-01-08T21:55:42.326209+07:00"
          },
          "category_id": 4,
          "created_at": "2026-01-13T02:20:25.212431+07:00",
          "created_by": 1,
          "description": "Python script to automate likes, follows, and comments. Includes safety limits to prevent account bans.",
          "downloads_count": 0,
          "features": "[\"Auto Like\", \"Auto Follow\", \"Targeting by Hashtag\"]",
          "id": 5,
          "is_active": true,
          "preview_images": "[\"https://images.unsplash.com/photo-1611162617474-5b21e879e113?auto=format\u0026fit=crop\u0026q=80\u0026w=1000\"]",
          "price": 150000,
          "rating_average": 0,
          "requirements": "[]",
          "slug": "instagram-automation-bot",
          "tech_stack": "[\"Python\", \"Selenium\"]",
          "title": "Instagram Automation Bot",
          "type": "scripts",
          "updated_at": "2026-01-13T02:20:25.212431+07:00",
          "views_count": 0
        },
        {
          "category": {
            "created_at": "2026-01-08T21:55:42.322557+07:00",
            "description": "UI kits and website templates",
            "icon": "layout",
            "id": 2,
            "is_active": true,
            "name": "Templates",
            "order": 2,
            "slug": "templates",
            "updated_at": "2026-01-08T21:55:42.322557+07:00"
          },
          "category_id": 2,
          "created_at": "2026-01-13T02:20:25.211149+07:00",
          "created_by": 1,
          "description": "Clean, responsive, and customizable admin dashboard template built with Vue 3 and Tailwind CSS.",
          "downloads_count": 0,
          "features": "[\"Dark Mode Support\", \"Responsive Layout\", \"Chart.js Integration\", \"Form Components\"]",
          "id": 4,
          "is_active": true,
          "preview_images": "[\"https://images.unsplash.com/photo-1551288049-bebda4e38f71?auto=format\u0026fit=crop\u0026q=80\u0026w=1000\"]",
          "price": 250000,
          "rating_average": 0,
          "requirements": "[]",
          "slug": "modern-admin-dashboard",
          "tech_stack": "[\"Vue 3\", \"Tailwind CSS\", \"Vite\"]",
          "title": "Modern Admin Dashboard UI",
          "type": "template",
          "updated_at": "2026-01-13T02:20:25.211149+07:00",
          "views_count": 0
        },
        {
          "category": {
            "created_at": "2026-01-08T21:55:42.325061+07:00",
            "description": "Flutter, React Native, and native apps",
            "icon": "smartphone",
            "id": 3,
            "is_active": true,
            "name": "Mobile Apps",
            "order": 3,
            "slug": "mobile-apps",
            "updated_at": "2026-01-08T21:55:42.325061+07:00"
          },
          "category_id": 3,
          "created_at": "2026-01-13T02:20:25.210572+07:00",
          "created_by": 1,
          "description": "Uber Eats clone made with Flutter. Beautiful animations, real-time tracking, and vendor dashboard included. Works on both iOS and Android.",
          "downloads_count": 0,
          "features": "[\"Real-time Tracking\", \"Push Notifications\", \"Vendor App\", \"Dark Mode\"]",
          "id": 3,
          "is_active": true,
          "preview_images": "[\"https://images.unsplash.com/photo-1512941937669-90a1b58e7e9c?auto=format\u0026fit=crop\u0026q=80\u0026w=1000\"]",
          "price": 500000,
          "rating_average": 0,
          "requirements": "[]",
          "slug": "flutter-delivery-app",
          "tech_stack": "[\"Flutter\", \"Firebase\", \"Google Maps API\"]",
          "title": "Flutter Delivery App",
          "type": "mobile_apps",
          "updated_at": "2026-01-13T02:20:25.210572+07:00",
          "views_count": 0
        },
        {
          "category": {
            "created_at": "2026-01-08T21:55:42.314623+07:00",
            "description": "Full application source codes",
            "icon": "code",
            "id": 1,
            "is_active": true,
            "name": "Source Code",
            "order": 1,
            "slug": "source-code",
            "updated_at": "2026-01-08T21:55:42.314623+07:00"
          },
          "category_id": 1,
          "created_at": "2026-01-13T02:20:25.20936+07:00",
          "created_by": 1,
          "description": "Launch your SaaS in days with this comprehensive Next.js boilerplate. Includes Stripe integration, Authentication, Database setup with Prisma, and tailwind UI components.",
          "downloads_count": 0,
          "features": "[\"Authentication\", \"Subscription Payments\", \"Admin Dashboard\", \"SEO Optimized\"]",
          "id": 2,
          "is_active": true,
          "preview_images": "[\"https://images.unsplash.com/photo-1618477247222-ac591245363d?auto=format\u0026fit=crop\u0026q=80\u0026w=1000\"]",
          "price": 750000,
          "rating_average": 0,
          "requirements": "[]",
          "slug": "nextjs-saas-boilerplate",
          "tech_stack": "[\"Next.js\", \"TypeScript\", \"Tailwind CSS\", \"Prisma\", \"Stripe\"]",
          "title": "NextJS SaaS Boilerplate",
          "type": "source_code",
          "updated_at": "2026-01-13T02:20:25.20936+07:00",
          "views_count": 0
        },
        {
          "category": {
            "created_at": "2026-01-08T21:55:42.314623+07:00",
            "description": "Full application source codes",
            "icon": "code",
            "id": 1,
            "is_active": true,
            "name": "Source Code",
            "order": 1,
            "slug": "source-code",
            "updated_at": "2026-01-08T21:55:42.314623+07:00"
          },
          "category_id": 1,
          "created_at": "2026-01-13T02:20:25.197105+07:00",
          "created_by": 1,
          "description": "A complete microservices-based e-commerce backend written in Go (Golang). Includes services for products, orders, users, and payments. Features gRPC communication, Kafka event bus, and Docker compose setup.",
          "downloads_count": 0,
          "features": "[\"Microservices Architecture\", \"gRPC Communication\", \"Event-Driven\", \"Scalable\"]",
          "id": 1,
          "is_active": true,
          "preview_images": "[\"https://images.unsplash.com/photo-1555949963-aa79dcee981c?auto=format\u0026fit=crop\u0026q=80\u0026w=1000\", \"https://images.unsplash.com/photo-1555066931-4365d14bab8c?auto=format\u0026fit=crop\u0026q=80\u0026w=1000\"]",
          "price": 1500000,
          "rating_average": 0,
          "requirements": "[]",
          "slug": "ecommerce-microservices-go",
          "tech_stack": "[\"Golang\", \"gRPC\", \"Kafka\", \"PostgreSQL\", \"Docker\"]",
          "title": "E-Commerce Microservices Go",
          "type": "source_code",
          "updated_at": "2026-01-13T02:20:25.197105+07:00",
          "views_count": 0
        }
      ],
      "total": 5
    },
    "message": "Products retrieved successfully",
    "success": true
  },
  "duration": "1.0128ms",
  "duration_ms": 1,
  "client_ip": "::1",
  "user_agent": "Mozilla/5.0 (Windows NT 10.0; Win64; x64) AppleWebKit/537.36 (KHTML, like Gecko) Chrome/143.0.0.0 Safari/537.36"
}
========================================

{
  "timestamp": "2026-01-14 23:24:24",
  "method": "OPTIONS",
  "path": "/api/v1/wishlist",
  "headers": {
    "Accept": "*/*",
    "Authorization": "",
    "Content-Type": ""
  },
  "status_code": 204,
  "duration": "0s",
  "duration_ms": 0,
  "client_ip": "::1",
  "user_agent": "Mozilla/5.0 (Windows NT 10.0; Win64; x64) AppleWebKit/537.36 (KHTML, like Gecko) Chrome/143.0.0.0 Safari/537.36"
}
========================================

{
  "timestamp": "2026-01-14 23:24:24",
  "method": "GET",
  "path": "/api/v1/wishlist",
  "headers": {
    "Accept": "application/json, text/plain, */*",
    "Authorization": "Bearer ...4HKc",
    "Content-Type": ""
  },
  "status_code": 200,
  "response_body": {
    "data": [
      {
        "created_at": "2026-01-14T23:24:16.863952+07:00",
        "id": 2,
        "product": {
          "category": {
            "created_at": "2026-01-08T21:55:42.326209+07:00",
            "description": "Python, PHP, and JS utility scripts",
            "icon": "terminal",
            "id": 4,
            "is_active": true,
            "name": "Scripts",
            "order": 4,
            "slug": "scripts",
            "updated_at": "2026-01-08T21:55:42.326209+07:00"
          },
          "category_id": 4,
          "created_at": "2026-01-13T02:20:25.212431+07:00",
          "created_by": 1,
          "description": "Python script to automate likes, follows, and comments. Includes safety limits to prevent account bans.",
          "downloads_count": 0,
          "features": "[\"Auto Like\", \"Auto Follow\", \"Targeting by Hashtag\"]",
          "id": 5,
          "is_active": true,
          "preview_images": "[\"https://images.unsplash.com/photo-1611162617474-5b21e879e113?auto=format\u0026fit=crop\u0026q=80\u0026w=1000\"]",
          "price": 150000,
          "rating_average": 0,
          "requirements": "[]",
          "slug": "instagram-automation-bot",
          "tech_stack": "[\"Python\", \"Selenium\"]",
          "title": "Instagram Automation Bot",
          "type": "scripts",
          "updated_at": "2026-01-13T02:20:25.212431+07:00",
          "views_count": 0
        },
        "product_id": 5,
        "user_id": 4
      }
    ],
    "message": "Wishlist retrieved successfully",
    "success": true
  },
  "duration": "2.6981ms",
  "duration_ms": 2,
  "client_ip": "::1",
  "user_agent": "Mozilla/5.0 (Windows NT 10.0; Win64; x64) AppleWebKit/537.36 (KHTML, like Gecko) Chrome/143.0.0.0 Safari/537.36",
  "user_id": 4,
  "user_email": "astiskripsi@gmail.com"
}
========================================

{
  "timestamp": "2026-01-14 23:24:25",
  "method": "GET",
  "path": "/api/v1/products",
  "query": {
    "limit": "20"
  },
  "headers": {
    "Accept": "application/json, text/plain, */*",
    "Authorization": "Bearer ...4HKc",
    "Content-Type": ""
  },
  "status_code": 200,
  "response_body": {
    "data": {
      "limit": 20,
      "page": 1,
      "products": [
        {
          "category": {
            "created_at": "2026-01-08T21:55:42.326209+07:00",
            "description": "Python, PHP, and JS utility scripts",
            "icon": "terminal",
            "id": 4,
            "is_active": true,
            "name": "Scripts",
            "order": 4,
            "slug": "scripts",
            "updated_at": "2026-01-08T21:55:42.326209+07:00"
          },
          "category_id": 4,
          "created_at": "2026-01-13T02:20:25.212431+07:00",
          "created_by": 1,
          "description": "Python script to automate likes, follows, and comments. Includes safety limits to prevent account bans.",
          "downloads_count": 0,
          "features": "[\"Auto Like\", \"Auto Follow\", \"Targeting by Hashtag\"]",
          "id": 5,
          "is_active": true,
          "preview_images": "[\"https://images.unsplash.com/photo-1611162617474-5b21e879e113?auto=format\u0026fit=crop\u0026q=80\u0026w=1000\"]",
          "price": 150000,
          "rating_average": 0,
          "requirements": "[]",
          "slug": "instagram-automation-bot",
          "tech_stack": "[\"Python\", \"Selenium\"]",
          "title": "Instagram Automation Bot",
          "type": "scripts",
          "updated_at": "2026-01-13T02:20:25.212431+07:00",
          "views_count": 0
        },
        {
          "category": {
            "created_at": "2026-01-08T21:55:42.322557+07:00",
            "description": "UI kits and website templates",
            "icon": "layout",
            "id": 2,
            "is_active": true,
            "name": "Templates",
            "order": 2,
            "slug": "templates",
            "updated_at": "2026-01-08T21:55:42.322557+07:00"
          },
          "category_id": 2,
          "created_at": "2026-01-13T02:20:25.211149+07:00",
          "created_by": 1,
          "description": "Clean, responsive, and customizable admin dashboard template built with Vue 3 and Tailwind CSS.",
          "downloads_count": 0,
          "features": "[\"Dark Mode Support\", \"Responsive Layout\", \"Chart.js Integration\", \"Form Components\"]",
          "id": 4,
          "is_active": true,
          "preview_images": "[\"https://images.unsplash.com/photo-1551288049-bebda4e38f71?auto=format\u0026fit=crop\u0026q=80\u0026w=1000\"]",
          "price": 250000,
          "rating_average": 0,
          "requirements": "[]",
          "slug": "modern-admin-dashboard",
          "tech_stack": "[\"Vue 3\", \"Tailwind CSS\", \"Vite\"]",
          "title": "Modern Admin Dashboard UI",
          "type": "template",
          "updated_at": "2026-01-13T02:20:25.211149+07:00",
          "views_count": 0
        },
        {
          "category": {
            "created_at": "2026-01-08T21:55:42.325061+07:00",
            "description": "Flutter, React Native, and native apps",
            "icon": "smartphone",
            "id": 3,
            "is_active": true,
            "name": "Mobile Apps",
            "order": 3,
            "slug": "mobile-apps",
            "updated_at": "2026-01-08T21:55:42.325061+07:00"
          },
          "category_id": 3,
          "created_at": "2026-01-13T02:20:25.210572+07:00",
          "created_by": 1,
          "description": "Uber Eats clone made with Flutter. Beautiful animations, real-time tracking, and vendor dashboard included. Works on both iOS and Android.",
          "downloads_count": 0,
          "features": "[\"Real-time Tracking\", \"Push Notifications\", \"Vendor App\", \"Dark Mode\"]",
          "id": 3,
          "is_active": true,
          "preview_images": "[\"https://images.unsplash.com/photo-1512941937669-90a1b58e7e9c?auto=format\u0026fit=crop\u0026q=80\u0026w=1000\"]",
          "price": 500000,
          "rating_average": 0,
          "requirements": "[]",
          "slug": "flutter-delivery-app",
          "tech_stack": "[\"Flutter\", \"Firebase\", \"Google Maps API\"]",
          "title": "Flutter Delivery App",
          "type": "mobile_apps",
          "updated_at": "2026-01-13T02:20:25.210572+07:00",
          "views_count": 0
        },
        {
          "category": {
            "created_at": "2026-01-08T21:55:42.314623+07:00",
            "description": "Full application source codes",
            "icon": "code",
            "id": 1,
            "is_active": true,
            "name": "Source Code",
            "order": 1,
            "slug": "source-code",
            "updated_at": "2026-01-08T21:55:42.314623+07:00"
          },
          "category_id": 1,
          "created_at": "2026-01-13T02:20:25.20936+07:00",
          "created_by": 1,
          "description": "Launch your SaaS in days with this comprehensive Next.js boilerplate. Includes Stripe integration, Authentication, Database setup with Prisma, and tailwind UI components.",
          "downloads_count": 0,
          "features": "[\"Authentication\", \"Subscription Payments\", \"Admin Dashboard\", \"SEO Optimized\"]",
          "id": 2,
          "is_active": true,
          "preview_images": "[\"https://images.unsplash.com/photo-1618477247222-ac591245363d?auto=format\u0026fit=crop\u0026q=80\u0026w=1000\"]",
          "price": 750000,
          "rating_average": 0,
          "requirements": "[]",
          "slug": "nextjs-saas-boilerplate",
          "tech_stack": "[\"Next.js\", \"TypeScript\", \"Tailwind CSS\", \"Prisma\", \"Stripe\"]",
          "title": "NextJS SaaS Boilerplate",
          "type": "source_code",
          "updated_at": "2026-01-13T02:20:25.20936+07:00",
          "views_count": 0
        },
        {
          "category": {
            "created_at": "2026-01-08T21:55:42.314623+07:00",
            "description": "Full application source codes",
            "icon": "code",
            "id": 1,
            "is_active": true,
            "name": "Source Code",
            "order": 1,
            "slug": "source-code",
            "updated_at": "2026-01-08T21:55:42.314623+07:00"
          },
          "category_id": 1,
          "created_at": "2026-01-13T02:20:25.197105+07:00",
          "created_by": 1,
          "description": "A complete microservices-based e-commerce backend written in Go (Golang). Includes services for products, orders, users, and payments. Features gRPC communication, Kafka event bus, and Docker compose setup.",
          "downloads_count": 0,
          "features": "[\"Microservices Architecture\", \"gRPC Communication\", \"Event-Driven\", \"Scalable\"]",
          "id": 1,
          "is_active": true,
          "preview_images": "[\"https://images.unsplash.com/photo-1555949963-aa79dcee981c?auto=format\u0026fit=crop\u0026q=80\u0026w=1000\", \"https://images.unsplash.com/photo-1555066931-4365d14bab8c?auto=format\u0026fit=crop\u0026q=80\u0026w=1000\"]",
          "price": 1500000,
          "rating_average": 0,
          "requirements": "[]",
          "slug": "ecommerce-microservices-go",
          "tech_stack": "[\"Golang\", \"gRPC\", \"Kafka\", \"PostgreSQL\", \"Docker\"]",
          "title": "E-Commerce Microservices Go",
          "type": "source_code",
          "updated_at": "2026-01-13T02:20:25.197105+07:00",
          "views_count": 0
        }
      ],
      "total": 5
    },
    "message": "Products retrieved successfully",
    "success": true
  },
  "duration": "2.533ms",
  "duration_ms": 2,
  "client_ip": "::1",
  "user_agent": "Mozilla/5.0 (Windows NT 10.0; Win64; x64) AppleWebKit/537.36 (KHTML, like Gecko) Chrome/143.0.0.0 Safari/537.36"
}
========================================

{
  "timestamp": "2026-01-14 23:24:51",
  "method": "OPTIONS",
  "path": "/api/v1/cart",
  "headers": {
    "Accept": "*/*",
    "Authorization": "",
    "Content-Type": ""
  },
  "status_code": 204,
  "duration": "0s",
  "duration_ms": 0,
  "client_ip": "::1",
  "user_agent": "Mozilla/5.0 (Windows NT 10.0; Win64; x64) AppleWebKit/537.36 (KHTML, like Gecko) Chrome/143.0.0.0 Safari/537.36"
}
========================================

{
  "timestamp": "2026-01-14 23:24:51",
  "method": "GET",
  "path": "/api/v1/cart",
  "headers": {
    "Accept": "application/json, text/plain, */*",
    "Authorization": "Bearer ...4HKc",
    "Content-Type": ""
  },
  "status_code": 200,
  "response_body": {
    "data": {
      "items": [],
      "total": 0
    },
    "message": "Cart retrieved successfully",
    "success": true
  },
  "duration": "2.1152ms",
  "duration_ms": 2,
  "client_ip": "::1",
  "user_agent": "Mozilla/5.0 (Windows NT 10.0; Win64; x64) AppleWebKit/537.36 (KHTML, like Gecko) Chrome/143.0.0.0 Safari/537.36",
  "user_id": 4,
  "user_email": "astiskripsi@gmail.com"
}
========================================

{
  "timestamp": "2026-01-14 23:24:51",
  "method": "OPTIONS",
  "path": "/api/v1/wishlist",
  "headers": {
    "Accept": "*/*",
    "Authorization": "",
    "Content-Type": ""
  },
  "status_code": 204,
  "duration": "0s",
  "duration_ms": 0,
  "client_ip": "::1",
  "user_agent": "Mozilla/5.0 (Windows NT 10.0; Win64; x64) AppleWebKit/537.36 (KHTML, like Gecko) Chrome/143.0.0.0 Safari/537.36"
}
========================================

{
  "timestamp": "2026-01-14 23:24:51",
  "method": "GET",
  "path": "/api/v1/wishlist",
  "headers": {
    "Accept": "application/json, text/plain, */*",
    "Authorization": "Bearer ...4HKc",
    "Content-Type": ""
  },
  "status_code": 200,
  "response_body": {
    "data": [
      {
        "created_at": "2026-01-14T23:24:16.863952+07:00",
        "id": 2,
        "product": {
          "category": {
            "created_at": "2026-01-08T21:55:42.326209+07:00",
            "description": "Python, PHP, and JS utility scripts",
            "icon": "terminal",
            "id": 4,
            "is_active": true,
            "name": "Scripts",
            "order": 4,
            "slug": "scripts",
            "updated_at": "2026-01-08T21:55:42.326209+07:00"
          },
          "category_id": 4,
          "created_at": "2026-01-13T02:20:25.212431+07:00",
          "created_by": 1,
          "description": "Python script to automate likes, follows, and comments. Includes safety limits to prevent account bans.",
          "downloads_count": 0,
          "features": "[\"Auto Like\", \"Auto Follow\", \"Targeting by Hashtag\"]",
          "id": 5,
          "is_active": true,
          "preview_images": "[\"https://images.unsplash.com/photo-1611162617474-5b21e879e113?auto=format\u0026fit=crop\u0026q=80\u0026w=1000\"]",
          "price": 150000,
          "rating_average": 0,
          "requirements": "[]",
          "slug": "instagram-automation-bot",
          "tech_stack": "[\"Python\", \"Selenium\"]",
          "title": "Instagram Automation Bot",
          "type": "scripts",
          "updated_at": "2026-01-13T02:20:25.212431+07:00",
          "views_count": 0
        },
        "product_id": 5,
        "user_id": 4
      }
    ],
    "message": "Wishlist retrieved successfully",
    "success": true
  },
  "duration": "4.8306ms",
  "duration_ms": 4,
  "client_ip": "::1",
  "user_agent": "Mozilla/5.0 (Windows NT 10.0; Win64; x64) AppleWebKit/537.36 (KHTML, like Gecko) Chrome/143.0.0.0 Safari/537.36",
  "user_id": 4,
  "user_email": "astiskripsi@gmail.com"
}
========================================

{
  "timestamp": "2026-01-14 23:24:51",
  "method": "OPTIONS",
  "path": "/api/v1/products",
  "query": {
    "limit": "20"
  },
  "headers": {
    "Accept": "*/*",
    "Authorization": "",
    "Content-Type": ""
  },
  "status_code": 204,
  "duration": "1.0009ms",
  "duration_ms": 1,
  "client_ip": "::1",
  "user_agent": "Mozilla/5.0 (Windows NT 10.0; Win64; x64) AppleWebKit/537.36 (KHTML, like Gecko) Chrome/143.0.0.0 Safari/537.36"
}
========================================

{
  "timestamp": "2026-01-14 23:24:51",
  "method": "GET",
  "path": "/api/v1/products",
  "query": {
    "limit": "20"
  },
  "headers": {
    "Accept": "application/json, text/plain, */*",
    "Authorization": "Bearer ...4HKc",
    "Content-Type": ""
  },
  "status_code": 200,
  "response_body": {
    "data": {
      "limit": 20,
      "page": 1,
      "products": [
        {
          "category": {
            "created_at": "2026-01-08T21:55:42.326209+07:00",
            "description": "Python, PHP, and JS utility scripts",
            "icon": "terminal",
            "id": 4,
            "is_active": true,
            "name": "Scripts",
            "order": 4,
            "slug": "scripts",
            "updated_at": "2026-01-08T21:55:42.326209+07:00"
          },
          "category_id": 4,
          "created_at": "2026-01-13T02:20:25.212431+07:00",
          "created_by": 1,
          "description": "Python script to automate likes, follows, and comments. Includes safety limits to prevent account bans.",
          "downloads_count": 0,
          "features": "[\"Auto Like\", \"Auto Follow\", \"Targeting by Hashtag\"]",
          "id": 5,
          "is_active": true,
          "preview_images": "[\"https://images.unsplash.com/photo-1611162617474-5b21e879e113?auto=format\u0026fit=crop\u0026q=80\u0026w=1000\"]",
          "price": 150000,
          "rating_average": 0,
          "requirements": "[]",
          "slug": "instagram-automation-bot",
          "tech_stack": "[\"Python\", \"Selenium\"]",
          "title": "Instagram Automation Bot",
          "type": "scripts",
          "updated_at": "2026-01-13T02:20:25.212431+07:00",
          "views_count": 0
        },
        {
          "category": {
            "created_at": "2026-01-08T21:55:42.322557+07:00",
            "description": "UI kits and website templates",
            "icon": "layout",
            "id": 2,
            "is_active": true,
            "name": "Templates",
            "order": 2,
            "slug": "templates",
            "updated_at": "2026-01-08T21:55:42.322557+07:00"
          },
          "category_id": 2,
          "created_at": "2026-01-13T02:20:25.211149+07:00",
          "created_by": 1,
          "description": "Clean, responsive, and customizable admin dashboard template built with Vue 3 and Tailwind CSS.",
          "downloads_count": 0,
          "features": "[\"Dark Mode Support\", \"Responsive Layout\", \"Chart.js Integration\", \"Form Components\"]",
          "id": 4,
          "is_active": true,
          "preview_images": "[\"https://images.unsplash.com/photo-1551288049-bebda4e38f71?auto=format\u0026fit=crop\u0026q=80\u0026w=1000\"]",
          "price": 250000,
          "rating_average": 0,
          "requirements": "[]",
          "slug": "modern-admin-dashboard",
          "tech_stack": "[\"Vue 3\", \"Tailwind CSS\", \"Vite\"]",
          "title": "Modern Admin Dashboard UI",
          "type": "template",
          "updated_at": "2026-01-13T02:20:25.211149+07:00",
          "views_count": 0
        },
        {
          "category": {
            "created_at": "2026-01-08T21:55:42.325061+07:00",
            "description": "Flutter, React Native, and native apps",
            "icon": "smartphone",
            "id": 3,
            "is_active": true,
            "name": "Mobile Apps",
            "order": 3,
            "slug": "mobile-apps",
            "updated_at": "2026-01-08T21:55:42.325061+07:00"
          },
          "category_id": 3,
          "created_at": "2026-01-13T02:20:25.210572+07:00",
          "created_by": 1,
          "description": "Uber Eats clone made with Flutter. Beautiful animations, real-time tracking, and vendor dashboard included. Works on both iOS and Android.",
          "downloads_count": 0,
          "features": "[\"Real-time Tracking\", \"Push Notifications\", \"Vendor App\", \"Dark Mode\"]",
          "id": 3,
          "is_active": true,
          "preview_images": "[\"https://images.unsplash.com/photo-1512941937669-90a1b58e7e9c?auto=format\u0026fit=crop\u0026q=80\u0026w=1000\"]",
          "price": 500000,
          "rating_average": 0,
          "requirements": "[]",
          "slug": "flutter-delivery-app",
          "tech_stack": "[\"Flutter\", \"Firebase\", \"Google Maps API\"]",
          "title": "Flutter Delivery App",
          "type": "mobile_apps",
          "updated_at": "2026-01-13T02:20:25.210572+07:00",
          "views_count": 0
        },
        {
          "category": {
            "created_at": "2026-01-08T21:55:42.314623+07:00",
            "description": "Full application source codes",
            "icon": "code",
            "id": 1,
            "is_active": true,
            "name": "Source Code",
            "order": 1,
            "slug": "source-code",
            "updated_at": "2026-01-08T21:55:42.314623+07:00"
          },
          "category_id": 1,
          "created_at": "2026-01-13T02:20:25.20936+07:00",
          "created_by": 1,
          "description": "Launch your SaaS in days with this comprehensive Next.js boilerplate. Includes Stripe integration, Authentication, Database setup with Prisma, and tailwind UI components.",
          "downloads_count": 0,
          "features": "[\"Authentication\", \"Subscription Payments\", \"Admin Dashboard\", \"SEO Optimized\"]",
          "id": 2,
          "is_active": true,
          "preview_images": "[\"https://images.unsplash.com/photo-1618477247222-ac591245363d?auto=format\u0026fit=crop\u0026q=80\u0026w=1000\"]",
          "price": 750000,
          "rating_average": 0,
          "requirements": "[]",
          "slug": "nextjs-saas-boilerplate",
          "tech_stack": "[\"Next.js\", \"TypeScript\", \"Tailwind CSS\", \"Prisma\", \"Stripe\"]",
          "title": "NextJS SaaS Boilerplate",
          "type": "source_code",
          "updated_at": "2026-01-13T02:20:25.20936+07:00",
          "views_count": 0
        },
        {
          "category": {
            "created_at": "2026-01-08T21:55:42.314623+07:00",
            "description": "Full application source codes",
            "icon": "code",
            "id": 1,
            "is_active": true,
            "name": "Source Code",
            "order": 1,
            "slug": "source-code",
            "updated_at": "2026-01-08T21:55:42.314623+07:00"
          },
          "category_id": 1,
          "created_at": "2026-01-13T02:20:25.197105+07:00",
          "created_by": 1,
          "description": "A complete microservices-based e-commerce backend written in Go (Golang). Includes services for products, orders, users, and payments. Features gRPC communication, Kafka event bus, and Docker compose setup.",
          "downloads_count": 0,
          "features": "[\"Microservices Architecture\", \"gRPC Communication\", \"Event-Driven\", \"Scalable\"]",
          "id": 1,
          "is_active": true,
          "preview_images": "[\"https://images.unsplash.com/photo-1555949963-aa79dcee981c?auto=format\u0026fit=crop\u0026q=80\u0026w=1000\", \"https://images.unsplash.com/photo-1555066931-4365d14bab8c?auto=format\u0026fit=crop\u0026q=80\u0026w=1000\"]",
          "price": 1500000,
          "rating_average": 0,
          "requirements": "[]",
          "slug": "ecommerce-microservices-go",
          "tech_stack": "[\"Golang\", \"gRPC\", \"Kafka\", \"PostgreSQL\", \"Docker\"]",
          "title": "E-Commerce Microservices Go",
          "type": "source_code",
          "updated_at": "2026-01-13T02:20:25.197105+07:00",
          "views_count": 0
        }
      ],
      "total": 5
    },
    "message": "Products retrieved successfully",
    "success": true
  },
  "duration": "2.2521ms",
  "duration_ms": 2,
  "client_ip": "::1",
  "user_agent": "Mozilla/5.0 (Windows NT 10.0; Win64; x64) AppleWebKit/537.36 (KHTML, like Gecko) Chrome/143.0.0.0 Safari/537.36"
}
========================================

{
  "timestamp": "2026-01-14 23:24:55",
  "method": "POST",
  "path": "/api/v1/wishlist",
  "headers": {
    "Accept": "application/json, text/plain, */*",
    "Authorization": "Bearer ...4HKc",
    "Content-Type": "application/json"
  },
  "request_body": {
    "product_id": 5
  },
  "status_code": 400,
  "response_body": {
    "message": "product already in wishlist",
    "success": false
  },
  "duration": "2.8263ms",
  "duration_ms": 2,
  "client_ip": "::1",
  "user_agent": "Mozilla/5.0 (Windows NT 10.0; Win64; x64) AppleWebKit/537.36 (KHTML, like Gecko) Chrome/143.0.0.0 Safari/537.36",
  "user_id": 4,
  "user_email": "astiskripsi@gmail.com"
}
========================================

{
  "timestamp": "2026-01-14 23:25:00",
  "method": "OPTIONS",
  "path": "/api/v1/wishlist",
  "headers": {
    "Accept": "*/*",
    "Authorization": "",
    "Content-Type": ""
  },
  "status_code": 204,
  "duration": "0s",
  "duration_ms": 0,
  "client_ip": "::1",
  "user_agent": "Mozilla/5.0 (Windows NT 10.0; Win64; x64) AppleWebKit/537.36 (KHTML, like Gecko) Chrome/143.0.0.0 Safari/537.36"
}
========================================

{
  "timestamp": "2026-01-14 23:25:00",
  "method": "POST",
  "path": "/api/v1/wishlist",
  "headers": {
    "Accept": "application/json, text/plain, */*",
    "Authorization": "Bearer ...4HKc",
    "Content-Type": "application/json"
  },
  "request_body": {
    "product_id": 4
  },
  "status_code": 201,
  "response_body": {
    "data": {
      "created_at": "2026-01-14T23:25:00.6371558+07:00",
      "id": 3,
      "product_id": 4,
      "user_id": 4
    },
    "message": "Item added to wishlist",
    "success": true
  },
  "duration": "4.1152ms",
  "duration_ms": 4,
  "client_ip": "::1",
  "user_agent": "Mozilla/5.0 (Windows NT 10.0; Win64; x64) AppleWebKit/537.36 (KHTML, like Gecko) Chrome/143.0.0.0 Safari/537.36",
  "user_id": 4,
  "user_email": "astiskripsi@gmail.com"
}
========================================

{
  "timestamp": "2026-01-14 23:25:00",
  "method": "GET",
  "path": "/api/v1/wishlist",
  "headers": {
    "Accept": "application/json, text/plain, */*",
    "Authorization": "Bearer ...4HKc",
    "Content-Type": ""
  },
  "status_code": 200,
  "response_body": {
    "data": [
      {
        "created_at": "2026-01-14T23:24:16.863952+07:00",
        "id": 2,
        "product": {
          "category": {
            "created_at": "2026-01-08T21:55:42.326209+07:00",
            "description": "Python, PHP, and JS utility scripts",
            "icon": "terminal",
            "id": 4,
            "is_active": true,
            "name": "Scripts",
            "order": 4,
            "slug": "scripts",
            "updated_at": "2026-01-08T21:55:42.326209+07:00"
          },
          "category_id": 4,
          "created_at": "2026-01-13T02:20:25.212431+07:00",
          "created_by": 1,
          "description": "Python script to automate likes, follows, and comments. Includes safety limits to prevent account bans.",
          "downloads_count": 0,
          "features": "[\"Auto Like\", \"Auto Follow\", \"Targeting by Hashtag\"]",
          "id": 5,
          "is_active": true,
          "preview_images": "[\"https://images.unsplash.com/photo-1611162617474-5b21e879e113?auto=format\u0026fit=crop\u0026q=80\u0026w=1000\"]",
          "price": 150000,
          "rating_average": 0,
          "requirements": "[]",
          "slug": "instagram-automation-bot",
          "tech_stack": "[\"Python\", \"Selenium\"]",
          "title": "Instagram Automation Bot",
          "type": "scripts",
          "updated_at": "2026-01-13T02:20:25.212431+07:00",
          "views_count": 0
        },
        "product_id": 5,
        "user_id": 4
      },
      {
        "created_at": "2026-01-14T23:25:00.637155+07:00",
        "id": 3,
        "product": {
          "category": {
            "created_at": "2026-01-08T21:55:42.322557+07:00",
            "description": "UI kits and website templates",
            "icon": "layout",
            "id": 2,
            "is_active": true,
            "name": "Templates",
            "order": 2,
            "slug": "templates",
            "updated_at": "2026-01-08T21:55:42.322557+07:00"
          },
          "category_id": 2,
          "created_at": "2026-01-13T02:20:25.211149+07:00",
          "created_by": 1,
          "description": "Clean, responsive, and customizable admin dashboard template built with Vue 3 and Tailwind CSS.",
          "downloads_count": 0,
          "features": "[\"Dark Mode Support\", \"Responsive Layout\", \"Chart.js Integration\", \"Form Components\"]",
          "id": 4,
          "is_active": true,
          "preview_images": "[\"https://images.unsplash.com/photo-1551288049-bebda4e38f71?auto=format\u0026fit=crop\u0026q=80\u0026w=1000\"]",
          "price": 250000,
          "rating_average": 0,
          "requirements": "[]",
          "slug": "modern-admin-dashboard",
          "tech_stack": "[\"Vue 3\", \"Tailwind CSS\", \"Vite\"]",
          "title": "Modern Admin Dashboard UI",
          "type": "template",
          "updated_at": "2026-01-13T02:20:25.211149+07:00",
          "views_count": 0
        },
        "product_id": 4,
        "user_id": 4
      }
    ],
    "message": "Wishlist retrieved successfully",
    "success": true
  },
  "duration": "2.168ms",
  "duration_ms": 2,
  "client_ip": "::1",
  "user_agent": "Mozilla/5.0 (Windows NT 10.0; Win64; x64) AppleWebKit/537.36 (KHTML, like Gecko) Chrome/143.0.0.0 Safari/537.36",
  "user_id": 4,
  "user_email": "astiskripsi@gmail.com"
}
========================================

{
  "timestamp": "2026-01-14 23:25:10",
  "method": "OPTIONS",
  "path": "/api/v1/wishlist",
  "headers": {
    "Accept": "*/*",
    "Authorization": "",
    "Content-Type": ""
  },
  "status_code": 204,
  "duration": "0s",
  "duration_ms": 0,
  "client_ip": "::1",
  "user_agent": "Mozilla/5.0 (Windows NT 10.0; Win64; x64) AppleWebKit/537.36 (KHTML, like Gecko) Chrome/143.0.0.0 Safari/537.36"
}
========================================

{
  "timestamp": "2026-01-14 23:25:10",
  "method": "GET",
  "path": "/api/v1/wishlist",
  "headers": {
    "Accept": "application/json, text/plain, */*",
    "Authorization": "Bearer ...4HKc",
    "Content-Type": ""
  },
  "status_code": 200,
  "response_body": {
    "data": [
      {
        "created_at": "2026-01-14T23:24:16.863952+07:00",
        "id": 2,
        "product": {
          "category": {
            "created_at": "2026-01-08T21:55:42.326209+07:00",
            "description": "Python, PHP, and JS utility scripts",
            "icon": "terminal",
            "id": 4,
            "is_active": true,
            "name": "Scripts",
            "order": 4,
            "slug": "scripts",
            "updated_at": "2026-01-08T21:55:42.326209+07:00"
          },
          "category_id": 4,
          "created_at": "2026-01-13T02:20:25.212431+07:00",
          "created_by": 1,
          "description": "Python script to automate likes, follows, and comments. Includes safety limits to prevent account bans.",
          "downloads_count": 0,
          "features": "[\"Auto Like\", \"Auto Follow\", \"Targeting by Hashtag\"]",
          "id": 5,
          "is_active": true,
          "preview_images": "[\"https://images.unsplash.com/photo-1611162617474-5b21e879e113?auto=format\u0026fit=crop\u0026q=80\u0026w=1000\"]",
          "price": 150000,
          "rating_average": 0,
          "requirements": "[]",
          "slug": "instagram-automation-bot",
          "tech_stack": "[\"Python\", \"Selenium\"]",
          "title": "Instagram Automation Bot",
          "type": "scripts",
          "updated_at": "2026-01-13T02:20:25.212431+07:00",
          "views_count": 0
        },
        "product_id": 5,
        "user_id": 4
      },
      {
        "created_at": "2026-01-14T23:25:00.637155+07:00",
        "id": 3,
        "product": {
          "category": {
            "created_at": "2026-01-08T21:55:42.322557+07:00",
            "description": "UI kits and website templates",
            "icon": "layout",
            "id": 2,
            "is_active": true,
            "name": "Templates",
            "order": 2,
            "slug": "templates",
            "updated_at": "2026-01-08T21:55:42.322557+07:00"
          },
          "category_id": 2,
          "created_at": "2026-01-13T02:20:25.211149+07:00",
          "created_by": 1,
          "description": "Clean, responsive, and customizable admin dashboard template built with Vue 3 and Tailwind CSS.",
          "downloads_count": 0,
          "features": "[\"Dark Mode Support\", \"Responsive Layout\", \"Chart.js Integration\", \"Form Components\"]",
          "id": 4,
          "is_active": true,
          "preview_images": "[\"https://images.unsplash.com/photo-1551288049-bebda4e38f71?auto=format\u0026fit=crop\u0026q=80\u0026w=1000\"]",
          "price": 250000,
          "rating_average": 0,
          "requirements": "[]",
          "slug": "modern-admin-dashboard",
          "tech_stack": "[\"Vue 3\", \"Tailwind CSS\", \"Vite\"]",
          "title": "Modern Admin Dashboard UI",
          "type": "template",
          "updated_at": "2026-01-13T02:20:25.211149+07:00",
          "views_count": 0
        },
        "product_id": 4,
        "user_id": 4
      }
    ],
    "message": "Wishlist retrieved successfully",
    "success": true
  },
  "duration": "2.6981ms",
  "duration_ms": 2,
  "client_ip": "::1",
  "user_agent": "Mozilla/5.0 (Windows NT 10.0; Win64; x64) AppleWebKit/537.36 (KHTML, like Gecko) Chrome/143.0.0.0 Safari/537.36",
  "user_id": 4,
  "user_email": "astiskripsi@gmail.com"
}
========================================

{
  "timestamp": "2026-01-14 23:25:11",
  "method": "OPTIONS",
  "path": "/api/v1/products",
  "query": {
    "limit": "20"
  },
  "headers": {
    "Accept": "*/*",
    "Authorization": "",
    "Content-Type": ""
  },
  "status_code": 204,
  "duration": "0s",
  "duration_ms": 0,
  "client_ip": "::1",
  "user_agent": "Mozilla/5.0 (Windows NT 10.0; Win64; x64) AppleWebKit/537.36 (KHTML, like Gecko) Chrome/143.0.0.0 Safari/537.36"
}
========================================

{
  "timestamp": "2026-01-14 23:25:11",
  "method": "GET",
  "path": "/api/v1/products",
  "query": {
    "limit": "20"
  },
  "headers": {
    "Accept": "application/json, text/plain, */*",
    "Authorization": "Bearer ...4HKc",
    "Content-Type": ""
  },
  "status_code": 200,
  "response_body": {
    "data": {
      "limit": 20,
      "page": 1,
      "products": [
        {
          "category": {
            "created_at": "2026-01-08T21:55:42.326209+07:00",
            "description": "Python, PHP, and JS utility scripts",
            "icon": "terminal",
            "id": 4,
            "is_active": true,
            "name": "Scripts",
            "order": 4,
            "slug": "scripts",
            "updated_at": "2026-01-08T21:55:42.326209+07:00"
          },
          "category_id": 4,
          "created_at": "2026-01-13T02:20:25.212431+07:00",
          "created_by": 1,
          "description": "Python script to automate likes, follows, and comments. Includes safety limits to prevent account bans.",
          "downloads_count": 0,
          "features": "[\"Auto Like\", \"Auto Follow\", \"Targeting by Hashtag\"]",
          "id": 5,
          "is_active": true,
          "preview_images": "[\"https://images.unsplash.com/photo-1611162617474-5b21e879e113?auto=format\u0026fit=crop\u0026q=80\u0026w=1000\"]",
          "price": 150000,
          "rating_average": 0,
          "requirements": "[]",
          "slug": "instagram-automation-bot",
          "tech_stack": "[\"Python\", \"Selenium\"]",
          "title": "Instagram Automation Bot",
          "type": "scripts",
          "updated_at": "2026-01-13T02:20:25.212431+07:00",
          "views_count": 0
        },
        {
          "category": {
            "created_at": "2026-01-08T21:55:42.322557+07:00",
            "description": "UI kits and website templates",
            "icon": "layout",
            "id": 2,
            "is_active": true,
            "name": "Templates",
            "order": 2,
            "slug": "templates",
            "updated_at": "2026-01-08T21:55:42.322557+07:00"
          },
          "category_id": 2,
          "created_at": "2026-01-13T02:20:25.211149+07:00",
          "created_by": 1,
          "description": "Clean, responsive, and customizable admin dashboard template built with Vue 3 and Tailwind CSS.",
          "downloads_count": 0,
          "features": "[\"Dark Mode Support\", \"Responsive Layout\", \"Chart.js Integration\", \"Form Components\"]",
          "id": 4,
          "is_active": true,
          "preview_images": "[\"https://images.unsplash.com/photo-1551288049-bebda4e38f71?auto=format\u0026fit=crop\u0026q=80\u0026w=1000\"]",
          "price": 250000,
          "rating_average": 0,
          "requirements": "[]",
          "slug": "modern-admin-dashboard",
          "tech_stack": "[\"Vue 3\", \"Tailwind CSS\", \"Vite\"]",
          "title": "Modern Admin Dashboard UI",
          "type": "template",
          "updated_at": "2026-01-13T02:20:25.211149+07:00",
          "views_count": 0
        },
        {
          "category": {
            "created_at": "2026-01-08T21:55:42.325061+07:00",
            "description": "Flutter, React Native, and native apps",
            "icon": "smartphone",
            "id": 3,
            "is_active": true,
            "name": "Mobile Apps",
            "order": 3,
            "slug": "mobile-apps",
            "updated_at": "2026-01-08T21:55:42.325061+07:00"
          },
          "category_id": 3,
          "created_at": "2026-01-13T02:20:25.210572+07:00",
          "created_by": 1,
          "description": "Uber Eats clone made with Flutter. Beautiful animations, real-time tracking, and vendor dashboard included. Works on both iOS and Android.",
          "downloads_count": 0,
          "features": "[\"Real-time Tracking\", \"Push Notifications\", \"Vendor App\", \"Dark Mode\"]",
          "id": 3,
          "is_active": true,
          "preview_images": "[\"https://images.unsplash.com/photo-1512941937669-90a1b58e7e9c?auto=format\u0026fit=crop\u0026q=80\u0026w=1000\"]",
          "price": 500000,
          "rating_average": 0,
          "requirements": "[]",
          "slug": "flutter-delivery-app",
          "tech_stack": "[\"Flutter\", \"Firebase\", \"Google Maps API\"]",
          "title": "Flutter Delivery App",
          "type": "mobile_apps",
          "updated_at": "2026-01-13T02:20:25.210572+07:00",
          "views_count": 0
        },
        {
          "category": {
            "created_at": "2026-01-08T21:55:42.314623+07:00",
            "description": "Full application source codes",
            "icon": "code",
            "id": 1,
            "is_active": true,
            "name": "Source Code",
            "order": 1,
            "slug": "source-code",
            "updated_at": "2026-01-08T21:55:42.314623+07:00"
          },
          "category_id": 1,
          "created_at": "2026-01-13T02:20:25.20936+07:00",
          "created_by": 1,
          "description": "Launch your SaaS in days with this comprehensive Next.js boilerplate. Includes Stripe integration, Authentication, Database setup with Prisma, and tailwind UI components.",
          "downloads_count": 0,
          "features": "[\"Authentication\", \"Subscription Payments\", \"Admin Dashboard\", \"SEO Optimized\"]",
          "id": 2,
          "is_active": true,
          "preview_images": "[\"https://images.unsplash.com/photo-1618477247222-ac591245363d?auto=format\u0026fit=crop\u0026q=80\u0026w=1000\"]",
          "price": 750000,
          "rating_average": 0,
          "requirements": "[]",
          "slug": "nextjs-saas-boilerplate",
          "tech_stack": "[\"Next.js\", \"TypeScript\", \"Tailwind CSS\", \"Prisma\", \"Stripe\"]",
          "title": "NextJS SaaS Boilerplate",
          "type": "source_code",
          "updated_at": "2026-01-13T02:20:25.20936+07:00",
          "views_count": 0
        },
        {
          "category": {
            "created_at": "2026-01-08T21:55:42.314623+07:00",
            "description": "Full application source codes",
            "icon": "code",
            "id": 1,
            "is_active": true,
            "name": "Source Code",
            "order": 1,
            "slug": "source-code",
            "updated_at": "2026-01-08T21:55:42.314623+07:00"
          },
          "category_id": 1,
          "created_at": "2026-01-13T02:20:25.197105+07:00",
          "created_by": 1,
          "description": "A complete microservices-based e-commerce backend written in Go (Golang). Includes services for products, orders, users, and payments. Features gRPC communication, Kafka event bus, and Docker compose setup.",
          "downloads_count": 0,
          "features": "[\"Microservices Architecture\", \"gRPC Communication\", \"Event-Driven\", \"Scalable\"]",
          "id": 1,
          "is_active": true,
          "preview_images": "[\"https://images.unsplash.com/photo-1555949963-aa79dcee981c?auto=format\u0026fit=crop\u0026q=80\u0026w=1000\", \"https://images.unsplash.com/photo-1555066931-4365d14bab8c?auto=format\u0026fit=crop\u0026q=80\u0026w=1000\"]",
          "price": 1500000,
          "rating_average": 0,
          "requirements": "[]",
          "slug": "ecommerce-microservices-go",
          "tech_stack": "[\"Golang\", \"gRPC\", \"Kafka\", \"PostgreSQL\", \"Docker\"]",
          "title": "E-Commerce Microservices Go",
          "type": "source_code",
          "updated_at": "2026-01-13T02:20:25.197105+07:00",
          "views_count": 0
        }
      ],
      "total": 5
    },
    "message": "Products retrieved successfully",
    "success": true
  },
  "duration": "3.3599ms",
  "duration_ms": 3,
  "client_ip": "::1",
  "user_agent": "Mozilla/5.0 (Windows NT 10.0; Win64; x64) AppleWebKit/537.36 (KHTML, like Gecko) Chrome/143.0.0.0 Safari/537.36"
}
========================================

{
  "timestamp": "2026-01-14 23:25:54",
  "method": "OPTIONS",
  "path": "/api/v1/products/slug/4",
  "headers": {
    "Accept": "*/*",
    "Authorization": "",
    "Content-Type": ""
  },
  "status_code": 204,
  "duration": "0s",
  "duration_ms": 0,
  "client_ip": "::1",
  "user_agent": "Mozilla/5.0 (Windows NT 10.0; Win64; x64) AppleWebKit/537.36 (KHTML, like Gecko) Chrome/143.0.0.0 Safari/537.36"
}
========================================

{
  "timestamp": "2026-01-14 23:25:54",
  "method": "GET",
  "path": "/api/v1/products/slug/4",
  "headers": {
    "Accept": "application/json, text/plain, */*",
    "Authorization": "Bearer ...4HKc",
    "Content-Type": ""
  },
  "status_code": 404,
  "response_body": {
    "message": "product not found",
    "success": false
  },
  "duration": "1.8296ms",
  "duration_ms": 1,
  "client_ip": "::1",
  "user_agent": "Mozilla/5.0 (Windows NT 10.0; Win64; x64) AppleWebKit/537.36 (KHTML, like Gecko) Chrome/143.0.0.0 Safari/537.36"
}
========================================

{
  "timestamp": "2026-01-14 23:25:56",
  "method": "OPTIONS",
  "path": "/api/v1/products",
  "query": {
    "limit": "20"
  },
  "headers": {
    "Accept": "*/*",
    "Authorization": "",
    "Content-Type": ""
  },
  "status_code": 204,
  "duration": "0s",
  "duration_ms": 0,
  "client_ip": "::1",
  "user_agent": "Mozilla/5.0 (Windows NT 10.0; Win64; x64) AppleWebKit/537.36 (KHTML, like Gecko) Chrome/143.0.0.0 Safari/537.36"
}
========================================

{
  "timestamp": "2026-01-14 23:25:56",
  "method": "GET",
  "path": "/api/v1/products",
  "query": {
    "limit": "20"
  },
  "headers": {
    "Accept": "application/json, text/plain, */*",
    "Authorization": "Bearer ...4HKc",
    "Content-Type": ""
  },
  "status_code": 200,
  "response_body": {
    "data": {
      "limit": 20,
      "page": 1,
      "products": [
        {
          "category": {
            "created_at": "2026-01-08T21:55:42.326209+07:00",
            "description": "Python, PHP, and JS utility scripts",
            "icon": "terminal",
            "id": 4,
            "is_active": true,
            "name": "Scripts",
            "order": 4,
            "slug": "scripts",
            "updated_at": "2026-01-08T21:55:42.326209+07:00"
          },
          "category_id": 4,
          "created_at": "2026-01-13T02:20:25.212431+07:00",
          "created_by": 1,
          "description": "Python script to automate likes, follows, and comments. Includes safety limits to prevent account bans.",
          "downloads_count": 0,
          "features": "[\"Auto Like\", \"Auto Follow\", \"Targeting by Hashtag\"]",
          "id": 5,
          "is_active": true,
          "preview_images": "[\"https://images.unsplash.com/photo-1611162617474-5b21e879e113?auto=format\u0026fit=crop\u0026q=80\u0026w=1000\"]",
          "price": 150000,
          "rating_average": 0,
          "requirements": "[]",
          "slug": "instagram-automation-bot",
          "tech_stack": "[\"Python\", \"Selenium\"]",
          "title": "Instagram Automation Bot",
          "type": "scripts",
          "updated_at": "2026-01-13T02:20:25.212431+07:00",
          "views_count": 0
        },
        {
          "category": {
            "created_at": "2026-01-08T21:55:42.322557+07:00",
            "description": "UI kits and website templates",
            "icon": "layout",
            "id": 2,
            "is_active": true,
            "name": "Templates",
            "order": 2,
            "slug": "templates",
            "updated_at": "2026-01-08T21:55:42.322557+07:00"
          },
          "category_id": 2,
          "created_at": "2026-01-13T02:20:25.211149+07:00",
          "created_by": 1,
          "description": "Clean, responsive, and customizable admin dashboard template built with Vue 3 and Tailwind CSS.",
          "downloads_count": 0,
          "features": "[\"Dark Mode Support\", \"Responsive Layout\", \"Chart.js Integration\", \"Form Components\"]",
          "id": 4,
          "is_active": true,
          "preview_images": "[\"https://images.unsplash.com/photo-1551288049-bebda4e38f71?auto=format\u0026fit=crop\u0026q=80\u0026w=1000\"]",
          "price": 250000,
          "rating_average": 0,
          "requirements": "[]",
          "slug": "modern-admin-dashboard",
          "tech_stack": "[\"Vue 3\", \"Tailwind CSS\", \"Vite\"]",
          "title": "Modern Admin Dashboard UI",
          "type": "template",
          "updated_at": "2026-01-13T02:20:25.211149+07:00",
          "views_count": 0
        },
        {
          "category": {
            "created_at": "2026-01-08T21:55:42.325061+07:00",
            "description": "Flutter, React Native, and native apps",
            "icon": "smartphone",
            "id": 3,
            "is_active": true,
            "name": "Mobile Apps",
            "order": 3,
            "slug": "mobile-apps",
            "updated_at": "2026-01-08T21:55:42.325061+07:00"
          },
          "category_id": 3,
          "created_at": "2026-01-13T02:20:25.210572+07:00",
          "created_by": 1,
          "description": "Uber Eats clone made with Flutter. Beautiful animations, real-time tracking, and vendor dashboard included. Works on both iOS and Android.",
          "downloads_count": 0,
          "features": "[\"Real-time Tracking\", \"Push Notifications\", \"Vendor App\", \"Dark Mode\"]",
          "id": 3,
          "is_active": true,
          "preview_images": "[\"https://images.unsplash.com/photo-1512941937669-90a1b58e7e9c?auto=format\u0026fit=crop\u0026q=80\u0026w=1000\"]",
          "price": 500000,
          "rating_average": 0,
          "requirements": "[]",
          "slug": "flutter-delivery-app",
          "tech_stack": "[\"Flutter\", \"Firebase\", \"Google Maps API\"]",
          "title": "Flutter Delivery App",
          "type": "mobile_apps",
          "updated_at": "2026-01-13T02:20:25.210572+07:00",
          "views_count": 0
        },
        {
          "category": {
            "created_at": "2026-01-08T21:55:42.314623+07:00",
            "description": "Full application source codes",
            "icon": "code",
            "id": 1,
            "is_active": true,
            "name": "Source Code",
            "order": 1,
            "slug": "source-code",
            "updated_at": "2026-01-08T21:55:42.314623+07:00"
          },
          "category_id": 1,
          "created_at": "2026-01-13T02:20:25.20936+07:00",
          "created_by": 1,
          "description": "Launch your SaaS in days with this comprehensive Next.js boilerplate. Includes Stripe integration, Authentication, Database setup with Prisma, and tailwind UI components.",
          "downloads_count": 0,
          "features": "[\"Authentication\", \"Subscription Payments\", \"Admin Dashboard\", \"SEO Optimized\"]",
          "id": 2,
          "is_active": true,
          "preview_images": "[\"https://images.unsplash.com/photo-1618477247222-ac591245363d?auto=format\u0026fit=crop\u0026q=80\u0026w=1000\"]",
          "price": 750000,
          "rating_average": 0,
          "requirements": "[]",
          "slug": "nextjs-saas-boilerplate",
          "tech_stack": "[\"Next.js\", \"TypeScript\", \"Tailwind CSS\", \"Prisma\", \"Stripe\"]",
          "title": "NextJS SaaS Boilerplate",
          "type": "source_code",
          "updated_at": "2026-01-13T02:20:25.20936+07:00",
          "views_count": 0
        },
        {
          "category": {
            "created_at": "2026-01-08T21:55:42.314623+07:00",
            "description": "Full application source codes",
            "icon": "code",
            "id": 1,
            "is_active": true,
            "name": "Source Code",
            "order": 1,
            "slug": "source-code",
            "updated_at": "2026-01-08T21:55:42.314623+07:00"
          },
          "category_id": 1,
          "created_at": "2026-01-13T02:20:25.197105+07:00",
          "created_by": 1,
          "description": "A complete microservices-based e-commerce backend written in Go (Golang). Includes services for products, orders, users, and payments. Features gRPC communication, Kafka event bus, and Docker compose setup.",
          "downloads_count": 0,
          "features": "[\"Microservices Architecture\", \"gRPC Communication\", \"Event-Driven\", \"Scalable\"]",
          "id": 1,
          "is_active": true,
          "preview_images": "[\"https://images.unsplash.com/photo-1555949963-aa79dcee981c?auto=format\u0026fit=crop\u0026q=80\u0026w=1000\", \"https://images.unsplash.com/photo-1555066931-4365d14bab8c?auto=format\u0026fit=crop\u0026q=80\u0026w=1000\"]",
          "price": 1500000,
          "rating_average": 0,
          "requirements": "[]",
          "slug": "ecommerce-microservices-go",
          "tech_stack": "[\"Golang\", \"gRPC\", \"Kafka\", \"PostgreSQL\", \"Docker\"]",
          "title": "E-Commerce Microservices Go",
          "type": "source_code",
          "updated_at": "2026-01-13T02:20:25.197105+07:00",
          "views_count": 0
        }
      ],
      "total": 5
    },
    "message": "Products retrieved successfully",
    "success": true
  },
  "duration": "4.5433ms",
  "duration_ms": 4,
  "client_ip": "::1",
  "user_agent": "Mozilla/5.0 (Windows NT 10.0; Win64; x64) AppleWebKit/537.36 (KHTML, like Gecko) Chrome/143.0.0.0 Safari/537.36"
}
========================================

{
  "timestamp": "2026-01-14 23:26:13",
  "method": "OPTIONS",
  "path": "/api/v1/cart",
  "headers": {
    "Accept": "*/*",
    "Authorization": "",
    "Content-Type": ""
  },
  "status_code": 204,
  "duration": "0s",
  "duration_ms": 0,
  "client_ip": "::1",
  "user_agent": "Mozilla/5.0 (Windows NT 10.0; Win64; x64) AppleWebKit/537.36 (KHTML, like Gecko) Chrome/143.0.0.0 Safari/537.36"
}
========================================

{
  "timestamp": "2026-01-14 23:26:13",
  "method": "POST",
  "path": "/api/v1/cart",
  "headers": {
    "Accept": "application/json, text/plain, */*",
    "Authorization": "Bearer ...4HKc",
    "Content-Type": "application/json"
  },
  "request_body": {
    "product_id": 4,
    "quantity": 1
  },
  "status_code": 201,
  "response_body": {
    "data": {
      "created_at": "2026-01-14T23:26:13.5221321+07:00",
      "id": 1,
      "product_id": 4,
      "quantity": 1,
      "updated_at": "2026-01-14T23:26:13.5221321+07:00",
      "user_id": 4
    },
    "message": "Item added to cart",
    "success": true
  },
  "duration": "6.5089ms",
  "duration_ms": 6,
  "client_ip": "::1",
  "user_agent": "Mozilla/5.0 (Windows NT 10.0; Win64; x64) AppleWebKit/537.36 (KHTML, like Gecko) Chrome/143.0.0.0 Safari/537.36",
  "user_id": 4,
  "user_email": "astiskripsi@gmail.com"
}
========================================

{
  "timestamp": "2026-01-14 23:26:13",
  "method": "GET",
  "path": "/api/v1/cart",
  "headers": {
    "Accept": "application/json, text/plain, */*",
    "Authorization": "Bearer ...4HKc",
    "Content-Type": ""
  },
  "status_code": 200,
  "response_body": {
    "data": {
      "items": [
        {
          "created_at": "2026-01-14T23:26:13.522132+07:00",
          "id": 1,
          "product": {
            "category": {
              "created_at": "2026-01-08T21:55:42.322557+07:00",
              "description": "UI kits and website templates",
              "icon": "layout",
              "id": 2,
              "is_active": true,
              "name": "Templates",
              "order": 2,
              "slug": "templates",
              "updated_at": "2026-01-08T21:55:42.322557+07:00"
            },
            "category_id": 2,
            "created_at": "2026-01-13T02:20:25.211149+07:00",
            "created_by": 1,
            "description": "Clean, responsive, and customizable admin dashboard template built with Vue 3 and Tailwind CSS.",
            "downloads_count": 0,
            "features": "[\"Dark Mode Support\", \"Responsive Layout\", \"Chart.js Integration\", \"Form Components\"]",
            "id": 4,
            "is_active": true,
            "preview_images": "[\"https://images.unsplash.com/photo-1551288049-bebda4e38f71?auto=format\u0026fit=crop\u0026q=80\u0026w=1000\"]",
            "price": 250000,
            "rating_average": 0,
            "requirements": "[]",
            "slug": "modern-admin-dashboard",
            "tech_stack": "[\"Vue 3\", \"Tailwind CSS\", \"Vite\"]",
            "title": "Modern Admin Dashboard UI",
            "type": "template",
            "updated_at": "2026-01-13T02:20:25.211149+07:00",
            "views_count": 0
          },
          "product_id": 4,
          "quantity": 1,
          "updated_at": "2026-01-14T23:26:13.522132+07:00",
          "user_id": 4
        }
      ],
      "total": 250000
    },
    "message": "Cart retrieved successfully",
    "success": true
  },
  "duration": "1.7972ms",
  "duration_ms": 1,
  "client_ip": "::1",
  "user_agent": "Mozilla/5.0 (Windows NT 10.0; Win64; x64) AppleWebKit/537.36 (KHTML, like Gecko) Chrome/143.0.0.0 Safari/537.36",
  "user_id": 4,
  "user_email": "astiskripsi@gmail.com"
}
========================================

{
  "timestamp": "2026-01-14 23:26:18",
  "method": "GET",
  "path": "/api/v1/cart",
  "headers": {
    "Accept": "application/json, text/plain, */*",
    "Authorization": "Bearer ...4HKc",
    "Content-Type": ""
  },
  "status_code": 200,
  "response_body": {
    "data": {
      "items": [
        {
          "created_at": "2026-01-14T23:26:13.522132+07:00",
          "id": 1,
          "product": {
            "category": {
              "created_at": "2026-01-08T21:55:42.322557+07:00",
              "description": "UI kits and website templates",
              "icon": "layout",
              "id": 2,
              "is_active": true,
              "name": "Templates",
              "order": 2,
              "slug": "templates",
              "updated_at": "2026-01-08T21:55:42.322557+07:00"
            },
            "category_id": 2,
            "created_at": "2026-01-13T02:20:25.211149+07:00",
            "created_by": 1,
            "description": "Clean, responsive, and customizable admin dashboard template built with Vue 3 and Tailwind CSS.",
            "downloads_count": 0,
            "features": "[\"Dark Mode Support\", \"Responsive Layout\", \"Chart.js Integration\", \"Form Components\"]",
            "id": 4,
            "is_active": true,
            "preview_images": "[\"https://images.unsplash.com/photo-1551288049-bebda4e38f71?auto=format\u0026fit=crop\u0026q=80\u0026w=1000\"]",
            "price": 250000,
            "rating_average": 0,
            "requirements": "[]",
            "slug": "modern-admin-dashboard",
            "tech_stack": "[\"Vue 3\", \"Tailwind CSS\", \"Vite\"]",
            "title": "Modern Admin Dashboard UI",
            "type": "template",
            "updated_at": "2026-01-13T02:20:25.211149+07:00",
            "views_count": 0
          },
          "product_id": 4,
          "quantity": 1,
          "updated_at": "2026-01-14T23:26:13.522132+07:00",
          "user_id": 4
        }
      ],
      "total": 250000
    },
    "message": "Cart retrieved successfully",
    "success": true
  },
  "duration": "3.3965ms",
  "duration_ms": 3,
  "client_ip": "::1",
  "user_agent": "Mozilla/5.0 (Windows NT 10.0; Win64; x64) AppleWebKit/537.36 (KHTML, like Gecko) Chrome/143.0.0.0 Safari/537.36",
  "user_id": 4,
  "user_email": "astiskripsi@gmail.com"
}
========================================

{
  "timestamp": "2026-01-14 23:26:19",
  "method": "OPTIONS",
  "path": "/api/v1/cart/1",
  "headers": {
    "Accept": "*/*",
    "Authorization": "",
    "Content-Type": ""
  },
  "status_code": 204,
  "duration": "0s",
  "duration_ms": 0,
  "client_ip": "::1",
  "user_agent": "Mozilla/5.0 (Windows NT 10.0; Win64; x64) AppleWebKit/537.36 (KHTML, like Gecko) Chrome/143.0.0.0 Safari/537.36"
}
========================================

{
  "timestamp": "2026-01-14 23:26:19",
  "method": "DELETE",
  "path": "/api/v1/cart/1",
  "headers": {
    "Accept": "application/json, text/plain, */*",
    "Authorization": "Bearer ...4HKc",
    "Content-Type": ""
  },
  "status_code": 200,
  "response_body": {
    "message": "Item removed from cart",
    "success": true
  },
  "duration": "4.5599ms",
  "duration_ms": 4,
  "client_ip": "::1",
  "user_agent": "Mozilla/5.0 (Windows NT 10.0; Win64; x64) AppleWebKit/537.36 (KHTML, like Gecko) Chrome/143.0.0.0 Safari/537.36",
  "user_id": 4,
  "user_email": "astiskripsi@gmail.com"
}
========================================

{
  "timestamp": "2026-01-14 23:26:19",
  "method": "OPTIONS",
  "path": "/api/v1/cart",
  "headers": {
    "Accept": "*/*",
    "Authorization": "",
    "Content-Type": ""
  },
  "status_code": 204,
  "duration": "0s",
  "duration_ms": 0,
  "client_ip": "::1",
  "user_agent": "Mozilla/5.0 (Windows NT 10.0; Win64; x64) AppleWebKit/537.36 (KHTML, like Gecko) Chrome/143.0.0.0 Safari/537.36"
}
========================================

{
  "timestamp": "2026-01-14 23:26:19",
  "method": "GET",
  "path": "/api/v1/cart",
  "headers": {
    "Accept": "application/json, text/plain, */*",
    "Authorization": "Bearer ...4HKc",
    "Content-Type": ""
  },
  "status_code": 200,
  "response_body": {
    "data": {
      "items": [],
      "total": 0
    },
    "message": "Cart retrieved successfully",
    "success": true
  },
  "duration": "503.3µs",
  "duration_ms": 0,
  "client_ip": "::1",
  "user_agent": "Mozilla/5.0 (Windows NT 10.0; Win64; x64) AppleWebKit/537.36 (KHTML, like Gecko) Chrome/143.0.0.0 Safari/537.36",
  "user_id": 4,
  "user_email": "astiskripsi@gmail.com"
}
========================================

{
  "timestamp": "2026-01-14 23:26:21",
  "method": "OPTIONS",
  "path": "/api/v1/orders",
  "headers": {
    "Accept": "*/*",
    "Authorization": "",
    "Content-Type": ""
  },
  "status_code": 204,
  "duration": "0s",
  "duration_ms": 0,
  "client_ip": "::1",
  "user_agent": "Mozilla/5.0 (Windows NT 10.0; Win64; x64) AppleWebKit/537.36 (KHTML, like Gecko) Chrome/143.0.0.0 Safari/537.36"
}
========================================

{
  "timestamp": "2026-01-14 23:26:21",
  "method": "GET",
  "path": "/api/v1/orders",
  "headers": {
    "Accept": "application/json, text/plain, */*",
    "Authorization": "Bearer ...4HKc",
    "Content-Type": ""
  },
  "status_code": 200,
  "response_body": {
    "data": {
      "limit": 10,
      "orders": [],
      "page": 1,
      "total": 0
    },
    "message": "Orders retrieved successfully",
    "success": true
  },
  "duration": "2.5256ms",
  "duration_ms": 2,
  "client_ip": "::1",
  "user_agent": "Mozilla/5.0 (Windows NT 10.0; Win64; x64) AppleWebKit/537.36 (KHTML, like Gecko) Chrome/143.0.0.0 Safari/537.36",
  "user_id": 4,
  "user_email": "astiskripsi@gmail.com"
}
========================================

{
  "timestamp": "2026-01-14 23:26:22",
  "method": "OPTIONS",
  "path": "/api/v1/wishlist",
  "headers": {
    "Accept": "*/*",
    "Authorization": "",
    "Content-Type": ""
  },
  "status_code": 204,
  "duration": "0s",
  "duration_ms": 0,
  "client_ip": "::1",
  "user_agent": "Mozilla/5.0 (Windows NT 10.0; Win64; x64) AppleWebKit/537.36 (KHTML, like Gecko) Chrome/143.0.0.0 Safari/537.36"
}
========================================

{
  "timestamp": "2026-01-14 23:26:22",
  "method": "GET",
  "path": "/api/v1/wishlist",
  "headers": {
    "Accept": "application/json, text/plain, */*",
    "Authorization": "Bearer ...4HKc",
    "Content-Type": ""
  },
  "status_code": 200,
  "response_body": {
    "data": [
      {
        "created_at": "2026-01-14T23:24:16.863952+07:00",
        "id": 2,
        "product": {
          "category": {
            "created_at": "2026-01-08T21:55:42.326209+07:00",
            "description": "Python, PHP, and JS utility scripts",
            "icon": "terminal",
            "id": 4,
            "is_active": true,
            "name": "Scripts",
            "order": 4,
            "slug": "scripts",
            "updated_at": "2026-01-08T21:55:42.326209+07:00"
          },
          "category_id": 4,
          "created_at": "2026-01-13T02:20:25.212431+07:00",
          "created_by": 1,
          "description": "Python script to automate likes, follows, and comments. Includes safety limits to prevent account bans.",
          "downloads_count": 0,
          "features": "[\"Auto Like\", \"Auto Follow\", \"Targeting by Hashtag\"]",
          "id": 5,
          "is_active": true,
          "preview_images": "[\"https://images.unsplash.com/photo-1611162617474-5b21e879e113?auto=format\u0026fit=crop\u0026q=80\u0026w=1000\"]",
          "price": 150000,
          "rating_average": 0,
          "requirements": "[]",
          "slug": "instagram-automation-bot",
          "tech_stack": "[\"Python\", \"Selenium\"]",
          "title": "Instagram Automation Bot",
          "type": "scripts",
          "updated_at": "2026-01-13T02:20:25.212431+07:00",
          "views_count": 0
        },
        "product_id": 5,
        "user_id": 4
      },
      {
        "created_at": "2026-01-14T23:25:00.637155+07:00",
        "id": 3,
        "product": {
          "category": {
            "created_at": "2026-01-08T21:55:42.322557+07:00",
            "description": "UI kits and website templates",
            "icon": "layout",
            "id": 2,
            "is_active": true,
            "name": "Templates",
            "order": 2,
            "slug": "templates",
            "updated_at": "2026-01-08T21:55:42.322557+07:00"
          },
          "category_id": 2,
          "created_at": "2026-01-13T02:20:25.211149+07:00",
          "created_by": 1,
          "description": "Clean, responsive, and customizable admin dashboard template built with Vue 3 and Tailwind CSS.",
          "downloads_count": 0,
          "features": "[\"Dark Mode Support\", \"Responsive Layout\", \"Chart.js Integration\", \"Form Components\"]",
          "id": 4,
          "is_active": true,
          "preview_images": "[\"https://images.unsplash.com/photo-1551288049-bebda4e38f71?auto=format\u0026fit=crop\u0026q=80\u0026w=1000\"]",
          "price": 250000,
          "rating_average": 0,
          "requirements": "[]",
          "slug": "modern-admin-dashboard",
          "tech_stack": "[\"Vue 3\", \"Tailwind CSS\", \"Vite\"]",
          "title": "Modern Admin Dashboard UI",
          "type": "template",
          "updated_at": "2026-01-13T02:20:25.211149+07:00",
          "views_count": 0
        },
        "product_id": 4,
        "user_id": 4
      }
    ],
    "message": "Wishlist retrieved successfully",
    "success": true
  },
  "duration": "2.6387ms",
  "duration_ms": 2,
  "client_ip": "::1",
  "user_agent": "Mozilla/5.0 (Windows NT 10.0; Win64; x64) AppleWebKit/537.36 (KHTML, like Gecko) Chrome/143.0.0.0 Safari/537.36",
  "user_id": 4,
  "user_email": "astiskripsi@gmail.com"
}
========================================

{
  "timestamp": "2026-01-14 23:26:24",
  "method": "OPTIONS",
  "path": "/api/v1/products",
  "query": {
    "limit": "20"
  },
  "headers": {
    "Accept": "*/*",
    "Authorization": "",
    "Content-Type": ""
  },
  "status_code": 204,
  "duration": "0s",
  "duration_ms": 0,
  "client_ip": "::1",
  "user_agent": "Mozilla/5.0 (Windows NT 10.0; Win64; x64) AppleWebKit/537.36 (KHTML, like Gecko) Chrome/143.0.0.0 Safari/537.36"
}
========================================

{
  "timestamp": "2026-01-14 23:26:24",
  "method": "GET",
  "path": "/api/v1/products",
  "query": {
    "limit": "20"
  },
  "headers": {
    "Accept": "application/json, text/plain, */*",
    "Authorization": "Bearer ...4HKc",
    "Content-Type": ""
  },
  "status_code": 200,
  "response_body": {
    "data": {
      "limit": 20,
      "page": 1,
      "products": [
        {
          "category": {
            "created_at": "2026-01-08T21:55:42.326209+07:00",
            "description": "Python, PHP, and JS utility scripts",
            "icon": "terminal",
            "id": 4,
            "is_active": true,
            "name": "Scripts",
            "order": 4,
            "slug": "scripts",
            "updated_at": "2026-01-08T21:55:42.326209+07:00"
          },
          "category_id": 4,
          "created_at": "2026-01-13T02:20:25.212431+07:00",
          "created_by": 1,
          "description": "Python script to automate likes, follows, and comments. Includes safety limits to prevent account bans.",
          "downloads_count": 0,
          "features": "[\"Auto Like\", \"Auto Follow\", \"Targeting by Hashtag\"]",
          "id": 5,
          "is_active": true,
          "preview_images": "[\"https://images.unsplash.com/photo-1611162617474-5b21e879e113?auto=format\u0026fit=crop\u0026q=80\u0026w=1000\"]",
          "price": 150000,
          "rating_average": 0,
          "requirements": "[]",
          "slug": "instagram-automation-bot",
          "tech_stack": "[\"Python\", \"Selenium\"]",
          "title": "Instagram Automation Bot",
          "type": "scripts",
          "updated_at": "2026-01-13T02:20:25.212431+07:00",
          "views_count": 0
        },
        {
          "category": {
            "created_at": "2026-01-08T21:55:42.322557+07:00",
            "description": "UI kits and website templates",
            "icon": "layout",
            "id": 2,
            "is_active": true,
            "name": "Templates",
            "order": 2,
            "slug": "templates",
            "updated_at": "2026-01-08T21:55:42.322557+07:00"
          },
          "category_id": 2,
          "created_at": "2026-01-13T02:20:25.211149+07:00",
          "created_by": 1,
          "description": "Clean, responsive, and customizable admin dashboard template built with Vue 3 and Tailwind CSS.",
          "downloads_count": 0,
          "features": "[\"Dark Mode Support\", \"Responsive Layout\", \"Chart.js Integration\", \"Form Components\"]",
          "id": 4,
          "is_active": true,
          "preview_images": "[\"https://images.unsplash.com/photo-1551288049-bebda4e38f71?auto=format\u0026fit=crop\u0026q=80\u0026w=1000\"]",
          "price": 250000,
          "rating_average": 0,
          "requirements": "[]",
          "slug": "modern-admin-dashboard",
          "tech_stack": "[\"Vue 3\", \"Tailwind CSS\", \"Vite\"]",
          "title": "Modern Admin Dashboard UI",
          "type": "template",
          "updated_at": "2026-01-13T02:20:25.211149+07:00",
          "views_count": 0
        },
        {
          "category": {
            "created_at": "2026-01-08T21:55:42.325061+07:00",
            "description": "Flutter, React Native, and native apps",
            "icon": "smartphone",
            "id": 3,
            "is_active": true,
            "name": "Mobile Apps",
            "order": 3,
            "slug": "mobile-apps",
            "updated_at": "2026-01-08T21:55:42.325061+07:00"
          },
          "category_id": 3,
          "created_at": "2026-01-13T02:20:25.210572+07:00",
          "created_by": 1,
          "description": "Uber Eats clone made with Flutter. Beautiful animations, real-time tracking, and vendor dashboard included. Works on both iOS and Android.",
          "downloads_count": 0,
          "features": "[\"Real-time Tracking\", \"Push Notifications\", \"Vendor App\", \"Dark Mode\"]",
          "id": 3,
          "is_active": true,
          "preview_images": "[\"https://images.unsplash.com/photo-1512941937669-90a1b58e7e9c?auto=format\u0026fit=crop\u0026q=80\u0026w=1000\"]",
          "price": 500000,
          "rating_average": 0,
          "requirements": "[]",
          "slug": "flutter-delivery-app",
          "tech_stack": "[\"Flutter\", \"Firebase\", \"Google Maps API\"]",
          "title": "Flutter Delivery App",
          "type": "mobile_apps",
          "updated_at": "2026-01-13T02:20:25.210572+07:00",
          "views_count": 0
        },
        {
          "category": {
            "created_at": "2026-01-08T21:55:42.314623+07:00",
            "description": "Full application source codes",
            "icon": "code",
            "id": 1,
            "is_active": true,
            "name": "Source Code",
            "order": 1,
            "slug": "source-code",
            "updated_at": "2026-01-08T21:55:42.314623+07:00"
          },
          "category_id": 1,
          "created_at": "2026-01-13T02:20:25.20936+07:00",
          "created_by": 1,
          "description": "Launch your SaaS in days with this comprehensive Next.js boilerplate. Includes Stripe integration, Authentication, Database setup with Prisma, and tailwind UI components.",
          "downloads_count": 0,
          "features": "[\"Authentication\", \"Subscription Payments\", \"Admin Dashboard\", \"SEO Optimized\"]",
          "id": 2,
          "is_active": true,
          "preview_images": "[\"https://images.unsplash.com/photo-1618477247222-ac591245363d?auto=format\u0026fit=crop\u0026q=80\u0026w=1000\"]",
          "price": 750000,
          "rating_average": 0,
          "requirements": "[]",
          "slug": "nextjs-saas-boilerplate",
          "tech_stack": "[\"Next.js\", \"TypeScript\", \"Tailwind CSS\", \"Prisma\", \"Stripe\"]",
          "title": "NextJS SaaS Boilerplate",
          "type": "source_code",
          "updated_at": "2026-01-13T02:20:25.20936+07:00",
          "views_count": 0
        },
        {
          "category": {
            "created_at": "2026-01-08T21:55:42.314623+07:00",
            "description": "Full application source codes",
            "icon": "code",
            "id": 1,
            "is_active": true,
            "name": "Source Code",
            "order": 1,
            "slug": "source-code",
            "updated_at": "2026-01-08T21:55:42.314623+07:00"
          },
          "category_id": 1,
          "created_at": "2026-01-13T02:20:25.197105+07:00",
          "created_by": 1,
          "description": "A complete microservices-based e-commerce backend written in Go (Golang). Includes services for products, orders, users, and payments. Features gRPC communication, Kafka event bus, and Docker compose setup.",
          "downloads_count": 0,
          "features": "[\"Microservices Architecture\", \"gRPC Communication\", \"Event-Driven\", \"Scalable\"]",
          "id": 1,
          "is_active": true,
          "preview_images": "[\"https://images.unsplash.com/photo-1555949963-aa79dcee981c?auto=format\u0026fit=crop\u0026q=80\u0026w=1000\", \"https://images.unsplash.com/photo-1555066931-4365d14bab8c?auto=format\u0026fit=crop\u0026q=80\u0026w=1000\"]",
          "price": 1500000,
          "rating_average": 0,
          "requirements": "[]",
          "slug": "ecommerce-microservices-go",
          "tech_stack": "[\"Golang\", \"gRPC\", \"Kafka\", \"PostgreSQL\", \"Docker\"]",
          "title": "E-Commerce Microservices Go",
          "type": "source_code",
          "updated_at": "2026-01-13T02:20:25.197105+07:00",
          "views_count": 0
        }
      ],
      "total": 5
    },
    "message": "Products retrieved successfully",
    "success": true
  },
  "duration": "2.7377ms",
  "duration_ms": 2,
  "client_ip": "::1",
  "user_agent": "Mozilla/5.0 (Windows NT 10.0; Win64; x64) AppleWebKit/537.36 (KHTML, like Gecko) Chrome/143.0.0.0 Safari/537.36"
}
========================================

{
  "timestamp": "2026-01-14 23:26:28",
  "method": "OPTIONS",
  "path": "/api/v1/cart",
  "headers": {
    "Accept": "*/*",
    "Authorization": "",
    "Content-Type": ""
  },
  "status_code": 204,
  "duration": "0s",
  "duration_ms": 0,
  "client_ip": "::1",
  "user_agent": "Mozilla/5.0 (Windows NT 10.0; Win64; x64) AppleWebKit/537.36 (KHTML, like Gecko) Chrome/143.0.0.0 Safari/537.36"
}
========================================

{
  "timestamp": "2026-01-14 23:26:28",
  "method": "GET",
  "path": "/api/v1/cart",
  "headers": {
    "Accept": "application/json, text/plain, */*",
    "Authorization": "Bearer ...4HKc",
    "Content-Type": ""
  },
  "status_code": 200,
  "response_body": {
    "data": {
      "items": [],
      "total": 0
    },
    "message": "Cart retrieved successfully",
    "success": true
  },
  "duration": "2.0085ms",
  "duration_ms": 2,
  "client_ip": "::1",
  "user_agent": "Mozilla/5.0 (Windows NT 10.0; Win64; x64) AppleWebKit/537.36 (KHTML, like Gecko) Chrome/143.0.0.0 Safari/537.36",
  "user_id": 4,
  "user_email": "astiskripsi@gmail.com"
}
========================================

{
  "timestamp": "2026-01-14 23:26:28",
  "method": "OPTIONS",
  "path": "/api/v1/wishlist",
  "headers": {
    "Accept": "*/*",
    "Authorization": "",
    "Content-Type": ""
  },
  "status_code": 204,
  "duration": "0s",
  "duration_ms": 0,
  "client_ip": "::1",
  "user_agent": "Mozilla/5.0 (Windows NT 10.0; Win64; x64) AppleWebKit/537.36 (KHTML, like Gecko) Chrome/143.0.0.0 Safari/537.36"
}
========================================

{
  "timestamp": "2026-01-14 23:26:28",
  "method": "GET",
  "path": "/api/v1/wishlist",
  "headers": {
    "Accept": "application/json, text/plain, */*",
    "Authorization": "Bearer ...4HKc",
    "Content-Type": ""
  },
  "status_code": 200,
  "response_body": {
    "data": [
      {
        "created_at": "2026-01-14T23:24:16.863952+07:00",
        "id": 2,
        "product": {
          "category": {
            "created_at": "2026-01-08T21:55:42.326209+07:00",
            "description": "Python, PHP, and JS utility scripts",
            "icon": "terminal",
            "id": 4,
            "is_active": true,
            "name": "Scripts",
            "order": 4,
            "slug": "scripts",
            "updated_at": "2026-01-08T21:55:42.326209+07:00"
          },
          "category_id": 4,
          "created_at": "2026-01-13T02:20:25.212431+07:00",
          "created_by": 1,
          "description": "Python script to automate likes, follows, and comments. Includes safety limits to prevent account bans.",
          "downloads_count": 0,
          "features": "[\"Auto Like\", \"Auto Follow\", \"Targeting by Hashtag\"]",
          "id": 5,
          "is_active": true,
          "preview_images": "[\"https://images.unsplash.com/photo-1611162617474-5b21e879e113?auto=format\u0026fit=crop\u0026q=80\u0026w=1000\"]",
          "price": 150000,
          "rating_average": 0,
          "requirements": "[]",
          "slug": "instagram-automation-bot",
          "tech_stack": "[\"Python\", \"Selenium\"]",
          "title": "Instagram Automation Bot",
          "type": "scripts",
          "updated_at": "2026-01-13T02:20:25.212431+07:00",
          "views_count": 0
        },
        "product_id": 5,
        "user_id": 4
      },
      {
        "created_at": "2026-01-14T23:25:00.637155+07:00",
        "id": 3,
        "product": {
          "category": {
            "created_at": "2026-01-08T21:55:42.322557+07:00",
            "description": "UI kits and website templates",
            "icon": "layout",
            "id": 2,
            "is_active": true,
            "name": "Templates",
            "order": 2,
            "slug": "templates",
            "updated_at": "2026-01-08T21:55:42.322557+07:00"
          },
          "category_id": 2,
          "created_at": "2026-01-13T02:20:25.211149+07:00",
          "created_by": 1,
          "description": "Clean, responsive, and customizable admin dashboard template built with Vue 3 and Tailwind CSS.",
          "downloads_count": 0,
          "features": "[\"Dark Mode Support\", \"Responsive Layout\", \"Chart.js Integration\", \"Form Components\"]",
          "id": 4,
          "is_active": true,
          "preview_images": "[\"https://images.unsplash.com/photo-1551288049-bebda4e38f71?auto=format\u0026fit=crop\u0026q=80\u0026w=1000\"]",
          "price": 250000,
          "rating_average": 0,
          "requirements": "[]",
          "slug": "modern-admin-dashboard",
          "tech_stack": "[\"Vue 3\", \"Tailwind CSS\", \"Vite\"]",
          "title": "Modern Admin Dashboard UI",
          "type": "template",
          "updated_at": "2026-01-13T02:20:25.211149+07:00",
          "views_count": 0
        },
        "product_id": 4,
        "user_id": 4
      }
    ],
    "message": "Wishlist retrieved successfully",
    "success": true
  },
  "duration": "1.7794ms",
  "duration_ms": 1,
  "client_ip": "::1",
  "user_agent": "Mozilla/5.0 (Windows NT 10.0; Win64; x64) AppleWebKit/537.36 (KHTML, like Gecko) Chrome/143.0.0.0 Safari/537.36",
  "user_id": 4,
  "user_email": "astiskripsi@gmail.com"
}
========================================

{
  "timestamp": "2026-01-14 23:26:28",
  "method": "GET",
  "path": "/api/v1/products",
  "query": {
    "limit": "20"
  },
  "headers": {
    "Accept": "application/json, text/plain, */*",
    "Authorization": "Bearer ...4HKc",
    "Content-Type": ""
  },
  "status_code": 200,
  "response_body": {
    "data": {
      "limit": 20,
      "page": 1,
      "products": [
        {
          "category": {
            "created_at": "2026-01-08T21:55:42.326209+07:00",
            "description": "Python, PHP, and JS utility scripts",
            "icon": "terminal",
            "id": 4,
            "is_active": true,
            "name": "Scripts",
            "order": 4,
            "slug": "scripts",
            "updated_at": "2026-01-08T21:55:42.326209+07:00"
          },
          "category_id": 4,
          "created_at": "2026-01-13T02:20:25.212431+07:00",
          "created_by": 1,
          "description": "Python script to automate likes, follows, and comments. Includes safety limits to prevent account bans.",
          "downloads_count": 0,
          "features": "[\"Auto Like\", \"Auto Follow\", \"Targeting by Hashtag\"]",
          "id": 5,
          "is_active": true,
          "preview_images": "[\"https://images.unsplash.com/photo-1611162617474-5b21e879e113?auto=format\u0026fit=crop\u0026q=80\u0026w=1000\"]",
          "price": 150000,
          "rating_average": 0,
          "requirements": "[]",
          "slug": "instagram-automation-bot",
          "tech_stack": "[\"Python\", \"Selenium\"]",
          "title": "Instagram Automation Bot",
          "type": "scripts",
          "updated_at": "2026-01-13T02:20:25.212431+07:00",
          "views_count": 0
        },
        {
          "category": {
            "created_at": "2026-01-08T21:55:42.322557+07:00",
            "description": "UI kits and website templates",
            "icon": "layout",
            "id": 2,
            "is_active": true,
            "name": "Templates",
            "order": 2,
            "slug": "templates",
            "updated_at": "2026-01-08T21:55:42.322557+07:00"
          },
          "category_id": 2,
          "created_at": "2026-01-13T02:20:25.211149+07:00",
          "created_by": 1,
          "description": "Clean, responsive, and customizable admin dashboard template built with Vue 3 and Tailwind CSS.",
          "downloads_count": 0,
          "features": "[\"Dark Mode Support\", \"Responsive Layout\", \"Chart.js Integration\", \"Form Components\"]",
          "id": 4,
          "is_active": true,
          "preview_images": "[\"https://images.unsplash.com/photo-1551288049-bebda4e38f71?auto=format\u0026fit=crop\u0026q=80\u0026w=1000\"]",
          "price": 250000,
          "rating_average": 0,
          "requirements": "[]",
          "slug": "modern-admin-dashboard",
          "tech_stack": "[\"Vue 3\", \"Tailwind CSS\", \"Vite\"]",
          "title": "Modern Admin Dashboard UI",
          "type": "template",
          "updated_at": "2026-01-13T02:20:25.211149+07:00",
          "views_count": 0
        },
        {
          "category": {
            "created_at": "2026-01-08T21:55:42.325061+07:00",
            "description": "Flutter, React Native, and native apps",
            "icon": "smartphone",
            "id": 3,
            "is_active": true,
            "name": "Mobile Apps",
            "order": 3,
            "slug": "mobile-apps",
            "updated_at": "2026-01-08T21:55:42.325061+07:00"
          },
          "category_id": 3,
          "created_at": "2026-01-13T02:20:25.210572+07:00",
          "created_by": 1,
          "description": "Uber Eats clone made with Flutter. Beautiful animations, real-time tracking, and vendor dashboard included. Works on both iOS and Android.",
          "downloads_count": 0,
          "features": "[\"Real-time Tracking\", \"Push Notifications\", \"Vendor App\", \"Dark Mode\"]",
          "id": 3,
          "is_active": true,
          "preview_images": "[\"https://images.unsplash.com/photo-1512941937669-90a1b58e7e9c?auto=format\u0026fit=crop\u0026q=80\u0026w=1000\"]",
          "price": 500000,
          "rating_average": 0,
          "requirements": "[]",
          "slug": "flutter-delivery-app",
          "tech_stack": "[\"Flutter\", \"Firebase\", \"Google Maps API\"]",
          "title": "Flutter Delivery App",
          "type": "mobile_apps",
          "updated_at": "2026-01-13T02:20:25.210572+07:00",
          "views_count": 0
        },
        {
          "category": {
            "created_at": "2026-01-08T21:55:42.314623+07:00",
            "description": "Full application source codes",
            "icon": "code",
            "id": 1,
            "is_active": true,
            "name": "Source Code",
            "order": 1,
            "slug": "source-code",
            "updated_at": "2026-01-08T21:55:42.314623+07:00"
          },
          "category_id": 1,
          "created_at": "2026-01-13T02:20:25.20936+07:00",
          "created_by": 1,
          "description": "Launch your SaaS in days with this comprehensive Next.js boilerplate. Includes Stripe integration, Authentication, Database setup with Prisma, and tailwind UI components.",
          "downloads_count": 0,
          "features": "[\"Authentication\", \"Subscription Payments\", \"Admin Dashboard\", \"SEO Optimized\"]",
          "id": 2,
          "is_active": true,
          "preview_images": "[\"https://images.unsplash.com/photo-1618477247222-ac591245363d?auto=format\u0026fit=crop\u0026q=80\u0026w=1000\"]",
          "price": 750000,
          "rating_average": 0,
          "requirements": "[]",
          "slug": "nextjs-saas-boilerplate",
          "tech_stack": "[\"Next.js\", \"TypeScript\", \"Tailwind CSS\", \"Prisma\", \"Stripe\"]",
          "title": "NextJS SaaS Boilerplate",
          "type": "source_code",
          "updated_at": "2026-01-13T02:20:25.20936+07:00",
          "views_count": 0
        },
        {
          "category": {
            "created_at": "2026-01-08T21:55:42.314623+07:00",
            "description": "Full application source codes",
            "icon": "code",
            "id": 1,
            "is_active": true,
            "name": "Source Code",
            "order": 1,
            "slug": "source-code",
            "updated_at": "2026-01-08T21:55:42.314623+07:00"
          },
          "category_id": 1,
          "created_at": "2026-01-13T02:20:25.197105+07:00",
          "created_by": 1,
          "description": "A complete microservices-based e-commerce backend written in Go (Golang). Includes services for products, orders, users, and payments. Features gRPC communication, Kafka event bus, and Docker compose setup.",
          "downloads_count": 0,
          "features": "[\"Microservices Architecture\", \"gRPC Communication\", \"Event-Driven\", \"Scalable\"]",
          "id": 1,
          "is_active": true,
          "preview_images": "[\"https://images.unsplash.com/photo-1555949963-aa79dcee981c?auto=format\u0026fit=crop\u0026q=80\u0026w=1000\", \"https://images.unsplash.com/photo-1555066931-4365d14bab8c?auto=format\u0026fit=crop\u0026q=80\u0026w=1000\"]",
          "price": 1500000,
          "rating_average": 0,
          "requirements": "[]",
          "slug": "ecommerce-microservices-go",
          "tech_stack": "[\"Golang\", \"gRPC\", \"Kafka\", \"PostgreSQL\", \"Docker\"]",
          "title": "E-Commerce Microservices Go",
          "type": "source_code",
          "updated_at": "2026-01-13T02:20:25.197105+07:00",
          "views_count": 0
        }
      ],
      "total": 5
    },
    "message": "Products retrieved successfully",
    "success": true
  },
  "duration": "1.5969ms",
  "duration_ms": 1,
  "client_ip": "::1",
  "user_agent": "Mozilla/5.0 (Windows NT 10.0; Win64; x64) AppleWebKit/537.36 (KHTML, like Gecko) Chrome/143.0.0.0 Safari/537.36"
}
========================================

{
  "timestamp": "2026-01-14 23:26:42",
  "method": "OPTIONS",
  "path": "/api/v1/cart",
  "headers": {
    "Accept": "*/*",
    "Authorization": "",
    "Content-Type": ""
  },
  "status_code": 204,
  "duration": "0s",
  "duration_ms": 0,
  "client_ip": "::1",
  "user_agent": "Mozilla/5.0 (Windows NT 10.0; Win64; x64) AppleWebKit/537.36 (KHTML, like Gecko) Chrome/143.0.0.0 Safari/537.36"
}
========================================

{
  "timestamp": "2026-01-14 23:26:42",
  "method": "GET",
  "path": "/api/v1/cart",
  "headers": {
    "Accept": "application/json, text/plain, */*",
    "Authorization": "Bearer ...4HKc",
    "Content-Type": ""
  },
  "status_code": 200,
  "response_body": {
    "data": {
      "items": [],
      "total": 0
    },
    "message": "Cart retrieved successfully",
    "success": true
  },
  "duration": "2.2562ms",
  "duration_ms": 2,
  "client_ip": "::1",
  "user_agent": "Mozilla/5.0 (Windows NT 10.0; Win64; x64) AppleWebKit/537.36 (KHTML, like Gecko) Chrome/143.0.0.0 Safari/537.36",
  "user_id": 4,
  "user_email": "astiskripsi@gmail.com"
}
========================================

{
  "timestamp": "2026-01-14 23:26:42",
  "method": "OPTIONS",
  "path": "/api/v1/wishlist",
  "headers": {
    "Accept": "*/*",
    "Authorization": "",
    "Content-Type": ""
  },
  "status_code": 204,
  "duration": "705.9µs",
  "duration_ms": 0,
  "client_ip": "::1",
  "user_agent": "Mozilla/5.0 (Windows NT 10.0; Win64; x64) AppleWebKit/537.36 (KHTML, like Gecko) Chrome/143.0.0.0 Safari/537.36"
}
========================================

{
  "timestamp": "2026-01-14 23:26:42",
  "method": "GET",
  "path": "/api/v1/wishlist",
  "headers": {
    "Accept": "application/json, text/plain, */*",
    "Authorization": "Bearer ...4HKc",
    "Content-Type": ""
  },
  "status_code": 200,
  "response_body": {
    "data": [
      {
        "created_at": "2026-01-14T23:24:16.863952+07:00",
        "id": 2,
        "product": {
          "category": {
            "created_at": "2026-01-08T21:55:42.326209+07:00",
            "description": "Python, PHP, and JS utility scripts",
            "icon": "terminal",
            "id": 4,
            "is_active": true,
            "name": "Scripts",
            "order": 4,
            "slug": "scripts",
            "updated_at": "2026-01-08T21:55:42.326209+07:00"
          },
          "category_id": 4,
          "created_at": "2026-01-13T02:20:25.212431+07:00",
          "created_by": 1,
          "description": "Python script to automate likes, follows, and comments. Includes safety limits to prevent account bans.",
          "downloads_count": 0,
          "features": "[\"Auto Like\", \"Auto Follow\", \"Targeting by Hashtag\"]",
          "id": 5,
          "is_active": true,
          "preview_images": "[\"https://images.unsplash.com/photo-1611162617474-5b21e879e113?auto=format\u0026fit=crop\u0026q=80\u0026w=1000\"]",
          "price": 150000,
          "rating_average": 0,
          "requirements": "[]",
          "slug": "instagram-automation-bot",
          "tech_stack": "[\"Python\", \"Selenium\"]",
          "title": "Instagram Automation Bot",
          "type": "scripts",
          "updated_at": "2026-01-13T02:20:25.212431+07:00",
          "views_count": 0
        },
        "product_id": 5,
        "user_id": 4
      },
      {
        "created_at": "2026-01-14T23:25:00.637155+07:00",
        "id": 3,
        "product": {
          "category": {
            "created_at": "2026-01-08T21:55:42.322557+07:00",
            "description": "UI kits and website templates",
            "icon": "layout",
            "id": 2,
            "is_active": true,
            "name": "Templates",
            "order": 2,
            "slug": "templates",
            "updated_at": "2026-01-08T21:55:42.322557+07:00"
          },
          "category_id": 2,
          "created_at": "2026-01-13T02:20:25.211149+07:00",
          "created_by": 1,
          "description": "Clean, responsive, and customizable admin dashboard template built with Vue 3 and Tailwind CSS.",
          "downloads_count": 0,
          "features": "[\"Dark Mode Support\", \"Responsive Layout\", \"Chart.js Integration\", \"Form Components\"]",
          "id": 4,
          "is_active": true,
          "preview_images": "[\"https://images.unsplash.com/photo-1551288049-bebda4e38f71?auto=format\u0026fit=crop\u0026q=80\u0026w=1000\"]",
          "price": 250000,
          "rating_average": 0,
          "requirements": "[]",
          "slug": "modern-admin-dashboard",
          "tech_stack": "[\"Vue 3\", \"Tailwind CSS\", \"Vite\"]",
          "title": "Modern Admin Dashboard UI",
          "type": "template",
          "updated_at": "2026-01-13T02:20:25.211149+07:00",
          "views_count": 0
        },
        "product_id": 4,
        "user_id": 4
      }
    ],
    "message": "Wishlist retrieved successfully",
    "success": true
  },
  "duration": "2.6984ms",
  "duration_ms": 2,
  "client_ip": "::1",
  "user_agent": "Mozilla/5.0 (Windows NT 10.0; Win64; x64) AppleWebKit/537.36 (KHTML, like Gecko) Chrome/143.0.0.0 Safari/537.36",
  "user_id": 4,
  "user_email": "astiskripsi@gmail.com"
}
========================================

{
  "timestamp": "2026-01-14 23:26:42",
  "method": "OPTIONS",
  "path": "/api/v1/products",
  "query": {
    "limit": "20"
  },
  "headers": {
    "Accept": "*/*",
    "Authorization": "",
    "Content-Type": ""
  },
  "status_code": 204,
  "duration": "0s",
  "duration_ms": 0,
  "client_ip": "::1",
  "user_agent": "Mozilla/5.0 (Windows NT 10.0; Win64; x64) AppleWebKit/537.36 (KHTML, like Gecko) Chrome/143.0.0.0 Safari/537.36"
}
========================================

{
  "timestamp": "2026-01-14 23:26:42",
  "method": "GET",
  "path": "/api/v1/products",
  "query": {
    "limit": "20"
  },
  "headers": {
    "Accept": "application/json, text/plain, */*",
    "Authorization": "Bearer ...4HKc",
    "Content-Type": ""
  },
  "status_code": 200,
  "response_body": {
    "data": {
      "limit": 20,
      "page": 1,
      "products": [
        {
          "category": {
            "created_at": "2026-01-08T21:55:42.326209+07:00",
            "description": "Python, PHP, and JS utility scripts",
            "icon": "terminal",
            "id": 4,
            "is_active": true,
            "name": "Scripts",
            "order": 4,
            "slug": "scripts",
            "updated_at": "2026-01-08T21:55:42.326209+07:00"
          },
          "category_id": 4,
          "created_at": "2026-01-13T02:20:25.212431+07:00",
          "created_by": 1,
          "description": "Python script to automate likes, follows, and comments. Includes safety limits to prevent account bans.",
          "downloads_count": 0,
          "features": "[\"Auto Like\", \"Auto Follow\", \"Targeting by Hashtag\"]",
          "id": 5,
          "is_active": true,
          "preview_images": "[\"https://images.unsplash.com/photo-1611162617474-5b21e879e113?auto=format\u0026fit=crop\u0026q=80\u0026w=1000\"]",
          "price": 150000,
          "rating_average": 0,
          "requirements": "[]",
          "slug": "instagram-automation-bot",
          "tech_stack": "[\"Python\", \"Selenium\"]",
          "title": "Instagram Automation Bot",
          "type": "scripts",
          "updated_at": "2026-01-13T02:20:25.212431+07:00",
          "views_count": 0
        },
        {
          "category": {
            "created_at": "2026-01-08T21:55:42.322557+07:00",
            "description": "UI kits and website templates",
            "icon": "layout",
            "id": 2,
            "is_active": true,
            "name": "Templates",
            "order": 2,
            "slug": "templates",
            "updated_at": "2026-01-08T21:55:42.322557+07:00"
          },
          "category_id": 2,
          "created_at": "2026-01-13T02:20:25.211149+07:00",
          "created_by": 1,
          "description": "Clean, responsive, and customizable admin dashboard template built with Vue 3 and Tailwind CSS.",
          "downloads_count": 0,
          "features": "[\"Dark Mode Support\", \"Responsive Layout\", \"Chart.js Integration\", \"Form Components\"]",
          "id": 4,
          "is_active": true,
          "preview_images": "[\"https://images.unsplash.com/photo-1551288049-bebda4e38f71?auto=format\u0026fit=crop\u0026q=80\u0026w=1000\"]",
          "price": 250000,
          "rating_average": 0,
          "requirements": "[]",
          "slug": "modern-admin-dashboard",
          "tech_stack": "[\"Vue 3\", \"Tailwind CSS\", \"Vite\"]",
          "title": "Modern Admin Dashboard UI",
          "type": "template",
          "updated_at": "2026-01-13T02:20:25.211149+07:00",
          "views_count": 0
        },
        {
          "category": {
            "created_at": "2026-01-08T21:55:42.325061+07:00",
            "description": "Flutter, React Native, and native apps",
            "icon": "smartphone",
            "id": 3,
            "is_active": true,
            "name": "Mobile Apps",
            "order": 3,
            "slug": "mobile-apps",
            "updated_at": "2026-01-08T21:55:42.325061+07:00"
          },
          "category_id": 3,
          "created_at": "2026-01-13T02:20:25.210572+07:00",
          "created_by": 1,
          "description": "Uber Eats clone made with Flutter. Beautiful animations, real-time tracking, and vendor dashboard included. Works on both iOS and Android.",
          "downloads_count": 0,
          "features": "[\"Real-time Tracking\", \"Push Notifications\", \"Vendor App\", \"Dark Mode\"]",
          "id": 3,
          "is_active": true,
          "preview_images": "[\"https://images.unsplash.com/photo-1512941937669-90a1b58e7e9c?auto=format\u0026fit=crop\u0026q=80\u0026w=1000\"]",
          "price": 500000,
          "rating_average": 0,
          "requirements": "[]",
          "slug": "flutter-delivery-app",
          "tech_stack": "[\"Flutter\", \"Firebase\", \"Google Maps API\"]",
          "title": "Flutter Delivery App",
          "type": "mobile_apps",
          "updated_at": "2026-01-13T02:20:25.210572+07:00",
          "views_count": 0
        },
        {
          "category": {
            "created_at": "2026-01-08T21:55:42.314623+07:00",
            "description": "Full application source codes",
            "icon": "code",
            "id": 1,
            "is_active": true,
            "name": "Source Code",
            "order": 1,
            "slug": "source-code",
            "updated_at": "2026-01-08T21:55:42.314623+07:00"
          },
          "category_id": 1,
          "created_at": "2026-01-13T02:20:25.20936+07:00",
          "created_by": 1,
          "description": "Launch your SaaS in days with this comprehensive Next.js boilerplate. Includes Stripe integration, Authentication, Database setup with Prisma, and tailwind UI components.",
          "downloads_count": 0,
          "features": "[\"Authentication\", \"Subscription Payments\", \"Admin Dashboard\", \"SEO Optimized\"]",
          "id": 2,
          "is_active": true,
          "preview_images": "[\"https://images.unsplash.com/photo-1618477247222-ac591245363d?auto=format\u0026fit=crop\u0026q=80\u0026w=1000\"]",
          "price": 750000,
          "rating_average": 0,
          "requirements": "[]",
          "slug": "nextjs-saas-boilerplate",
          "tech_stack": "[\"Next.js\", \"TypeScript\", \"Tailwind CSS\", \"Prisma\", \"Stripe\"]",
          "title": "NextJS SaaS Boilerplate",
          "type": "source_code",
          "updated_at": "2026-01-13T02:20:25.20936+07:00",
          "views_count": 0
        },
        {
          "category": {
            "created_at": "2026-01-08T21:55:42.314623+07:00",
            "description": "Full application source codes",
            "icon": "code",
            "id": 1,
            "is_active": true,
            "name": "Source Code",
            "order": 1,
            "slug": "source-code",
            "updated_at": "2026-01-08T21:55:42.314623+07:00"
          },
          "category_id": 1,
          "created_at": "2026-01-13T02:20:25.197105+07:00",
          "created_by": 1,
          "description": "A complete microservices-based e-commerce backend written in Go (Golang). Includes services for products, orders, users, and payments. Features gRPC communication, Kafka event bus, and Docker compose setup.",
          "downloads_count": 0,
          "features": "[\"Microservices Architecture\", \"gRPC Communication\", \"Event-Driven\", \"Scalable\"]",
          "id": 1,
          "is_active": true,
          "preview_images": "[\"https://images.unsplash.com/photo-1555949963-aa79dcee981c?auto=format\u0026fit=crop\u0026q=80\u0026w=1000\", \"https://images.unsplash.com/photo-1555066931-4365d14bab8c?auto=format\u0026fit=crop\u0026q=80\u0026w=1000\"]",
          "price": 1500000,
          "rating_average": 0,
          "requirements": "[]",
          "slug": "ecommerce-microservices-go",
          "tech_stack": "[\"Golang\", \"gRPC\", \"Kafka\", \"PostgreSQL\", \"Docker\"]",
          "title": "E-Commerce Microservices Go",
          "type": "source_code",
          "updated_at": "2026-01-13T02:20:25.197105+07:00",
          "views_count": 0
        }
      ],
      "total": 5
    },
    "message": "Products retrieved successfully",
    "success": true
  },
  "duration": "1.2498ms",
  "duration_ms": 1,
  "client_ip": "::1",
  "user_agent": "Mozilla/5.0 (Windows NT 10.0; Win64; x64) AppleWebKit/537.36 (KHTML, like Gecko) Chrome/143.0.0.0 Safari/537.36"
}
========================================

{
  "timestamp": "2026-01-14 23:27:26",
  "method": "OPTIONS",
  "path": "/api/v1/wishlist",
  "headers": {
    "Accept": "*/*",
    "Authorization": "",
    "Content-Type": ""
  },
  "status_code": 204,
  "duration": "0s",
  "duration_ms": 0,
  "client_ip": "::1",
  "user_agent": "Mozilla/5.0 (Windows NT 10.0; Win64; x64) AppleWebKit/537.36 (KHTML, like Gecko) Chrome/143.0.0.0 Safari/537.36"
}
========================================

{
  "timestamp": "2026-01-14 23:27:26",
  "method": "POST",
  "path": "/api/v1/wishlist",
  "headers": {
    "Accept": "application/json, text/plain, */*",
    "Authorization": "Bearer ...4HKc",
    "Content-Type": "application/json"
  },
  "request_body": {
    "product_id": 5
  },
  "status_code": 400,
  "response_body": {
    "message": "product already in wishlist",
    "success": false
  },
  "duration": "2.5709ms",
  "duration_ms": 2,
  "client_ip": "::1",
  "user_agent": "Mozilla/5.0 (Windows NT 10.0; Win64; x64) AppleWebKit/537.36 (KHTML, like Gecko) Chrome/143.0.0.0 Safari/537.36",
  "user_id": 4,
  "user_email": "astiskripsi@gmail.com"
}
========================================

{
  "timestamp": "2026-01-14 23:27:30",
  "method": "POST",
  "path": "/api/v1/wishlist",
  "headers": {
    "Accept": "application/json, text/plain, */*",
    "Authorization": "Bearer ...4HKc",
    "Content-Type": "application/json"
  },
  "request_body": {
    "product_id": 3
  },
  "status_code": 201,
  "response_body": {
    "data": {
      "created_at": "2026-01-14T23:27:30.7391996+07:00",
      "id": 4,
      "product_id": 3,
      "user_id": 4
    },
    "message": "Item added to wishlist",
    "success": true
  },
  "duration": "7.1459ms",
  "duration_ms": 7,
  "client_ip": "::1",
  "user_agent": "Mozilla/5.0 (Windows NT 10.0; Win64; x64) AppleWebKit/537.36 (KHTML, like Gecko) Chrome/143.0.0.0 Safari/537.36",
  "user_id": 4,
  "user_email": "astiskripsi@gmail.com"
}
========================================

{
  "timestamp": "2026-01-14 23:27:30",
  "method": "GET",
  "path": "/api/v1/wishlist",
  "headers": {
    "Accept": "application/json, text/plain, */*",
    "Authorization": "Bearer ...4HKc",
    "Content-Type": ""
  },
  "status_code": 200,
  "response_body": {
    "data": [
      {
        "created_at": "2026-01-14T23:24:16.863952+07:00",
        "id": 2,
        "product": {
          "category": {
            "created_at": "2026-01-08T21:55:42.326209+07:00",
            "description": "Python, PHP, and JS utility scripts",
            "icon": "terminal",
            "id": 4,
            "is_active": true,
            "name": "Scripts",
            "order": 4,
            "slug": "scripts",
            "updated_at": "2026-01-08T21:55:42.326209+07:00"
          },
          "category_id": 4,
          "created_at": "2026-01-13T02:20:25.212431+07:00",
          "created_by": 1,
          "description": "Python script to automate likes, follows, and comments. Includes safety limits to prevent account bans.",
          "downloads_count": 0,
          "features": "[\"Auto Like\", \"Auto Follow\", \"Targeting by Hashtag\"]",
          "id": 5,
          "is_active": true,
          "preview_images": "[\"https://images.unsplash.com/photo-1611162617474-5b21e879e113?auto=format\u0026fit=crop\u0026q=80\u0026w=1000\"]",
          "price": 150000,
          "rating_average": 0,
          "requirements": "[]",
          "slug": "instagram-automation-bot",
          "tech_stack": "[\"Python\", \"Selenium\"]",
          "title": "Instagram Automation Bot",
          "type": "scripts",
          "updated_at": "2026-01-13T02:20:25.212431+07:00",
          "views_count": 0
        },
        "product_id": 5,
        "user_id": 4
      },
      {
        "created_at": "2026-01-14T23:25:00.637155+07:00",
        "id": 3,
        "product": {
          "category": {
            "created_at": "2026-01-08T21:55:42.322557+07:00",
            "description": "UI kits and website templates",
            "icon": "layout",
            "id": 2,
            "is_active": true,
            "name": "Templates",
            "order": 2,
            "slug": "templates",
            "updated_at": "2026-01-08T21:55:42.322557+07:00"
          },
          "category_id": 2,
          "created_at": "2026-01-13T02:20:25.211149+07:00",
          "created_by": 1,
          "description": "Clean, responsive, and customizable admin dashboard template built with Vue 3 and Tailwind CSS.",
          "downloads_count": 0,
          "features": "[\"Dark Mode Support\", \"Responsive Layout\", \"Chart.js Integration\", \"Form Components\"]",
          "id": 4,
          "is_active": true,
          "preview_images": "[\"https://images.unsplash.com/photo-1551288049-bebda4e38f71?auto=format\u0026fit=crop\u0026q=80\u0026w=1000\"]",
          "price": 250000,
          "rating_average": 0,
          "requirements": "[]",
          "slug": "modern-admin-dashboard",
          "tech_stack": "[\"Vue 3\", \"Tailwind CSS\", \"Vite\"]",
          "title": "Modern Admin Dashboard UI",
          "type": "template",
          "updated_at": "2026-01-13T02:20:25.211149+07:00",
          "views_count": 0
        },
        "product_id": 4,
        "user_id": 4
      },
      {
        "created_at": "2026-01-14T23:27:30.739199+07:00",
        "id": 4,
        "product": {
          "category": {
            "created_at": "2026-01-08T21:55:42.325061+07:00",
            "description": "Flutter, React Native, and native apps",
            "icon": "smartphone",
            "id": 3,
            "is_active": true,
            "name": "Mobile Apps",
            "order": 3,
            "slug": "mobile-apps",
            "updated_at": "2026-01-08T21:55:42.325061+07:00"
          },
          "category_id": 3,
          "created_at": "2026-01-13T02:20:25.210572+07:00",
          "created_by": 1,
          "description": "Uber Eats clone made with Flutter. Beautiful animations, real-time tracking, and vendor dashboard included. Works on both iOS and Android.",
          "downloads_count": 0,
          "features": "[\"Real-time Tracking\", \"Push Notifications\", \"Vendor App\", \"Dark Mode\"]",
          "id": 3,
          "is_active": true,
          "preview_images": "[\"https://images.unsplash.com/photo-1512941937669-90a1b58e7e9c?auto=format\u0026fit=crop\u0026q=80\u0026w=1000\"]",
          "price": 500000,
          "rating_average": 0,
          "requirements": "[]",
          "slug": "flutter-delivery-app",
          "tech_stack": "[\"Flutter\", \"Firebase\", \"Google Maps API\"]",
          "title": "Flutter Delivery App",
          "type": "mobile_apps",
          "updated_at": "2026-01-13T02:20:25.210572+07:00",
          "views_count": 0
        },
        "product_id": 3,
        "user_id": 4
      }
    ],
    "message": "Wishlist retrieved successfully",
    "success": true
  },
  "duration": "1.6472ms",
  "duration_ms": 1,
  "client_ip": "::1",
  "user_agent": "Mozilla/5.0 (Windows NT 10.0; Win64; x64) AppleWebKit/537.36 (KHTML, like Gecko) Chrome/143.0.0.0 Safari/537.36",
  "user_id": 4,
  "user_email": "astiskripsi@gmail.com"
}
========================================

{
  "timestamp": "2026-01-14 23:27:45",
  "method": "OPTIONS",
  "path": "/api/v1/wishlist",
  "headers": {
    "Accept": "*/*",
    "Authorization": "",
    "Content-Type": ""
  },
  "status_code": 204,
  "duration": "0s",
  "duration_ms": 0,
  "client_ip": "::1",
  "user_agent": "Mozilla/5.0 (Windows NT 10.0; Win64; x64) AppleWebKit/537.36 (KHTML, like Gecko) Chrome/143.0.0.0 Safari/537.36"
}
========================================

{
  "timestamp": "2026-01-14 23:27:45",
  "method": "GET",
  "path": "/api/v1/wishlist",
  "headers": {
    "Accept": "application/json, text/plain, */*",
    "Authorization": "Bearer ...4HKc",
    "Content-Type": ""
  },
  "status_code": 200,
  "response_body": {
    "data": [
      {
        "created_at": "2026-01-14T23:24:16.863952+07:00",
        "id": 2,
        "product": {
          "category": {
            "created_at": "2026-01-08T21:55:42.326209+07:00",
            "description": "Python, PHP, and JS utility scripts",
            "icon": "terminal",
            "id": 4,
            "is_active": true,
            "name": "Scripts",
            "order": 4,
            "slug": "scripts",
            "updated_at": "2026-01-08T21:55:42.326209+07:00"
          },
          "category_id": 4,
          "created_at": "2026-01-13T02:20:25.212431+07:00",
          "created_by": 1,
          "description": "Python script to automate likes, follows, and comments. Includes safety limits to prevent account bans.",
          "downloads_count": 0,
          "features": "[\"Auto Like\", \"Auto Follow\", \"Targeting by Hashtag\"]",
          "id": 5,
          "is_active": true,
          "preview_images": "[\"https://images.unsplash.com/photo-1611162617474-5b21e879e113?auto=format\u0026fit=crop\u0026q=80\u0026w=1000\"]",
          "price": 150000,
          "rating_average": 0,
          "requirements": "[]",
          "slug": "instagram-automation-bot",
          "tech_stack": "[\"Python\", \"Selenium\"]",
          "title": "Instagram Automation Bot",
          "type": "scripts",
          "updated_at": "2026-01-13T02:20:25.212431+07:00",
          "views_count": 0
        },
        "product_id": 5,
        "user_id": 4
      },
      {
        "created_at": "2026-01-14T23:25:00.637155+07:00",
        "id": 3,
        "product": {
          "category": {
            "created_at": "2026-01-08T21:55:42.322557+07:00",
            "description": "UI kits and website templates",
            "icon": "layout",
            "id": 2,
            "is_active": true,
            "name": "Templates",
            "order": 2,
            "slug": "templates",
            "updated_at": "2026-01-08T21:55:42.322557+07:00"
          },
          "category_id": 2,
          "created_at": "2026-01-13T02:20:25.211149+07:00",
          "created_by": 1,
          "description": "Clean, responsive, and customizable admin dashboard template built with Vue 3 and Tailwind CSS.",
          "downloads_count": 0,
          "features": "[\"Dark Mode Support\", \"Responsive Layout\", \"Chart.js Integration\", \"Form Components\"]",
          "id": 4,
          "is_active": true,
          "preview_images": "[\"https://images.unsplash.com/photo-1551288049-bebda4e38f71?auto=format\u0026fit=crop\u0026q=80\u0026w=1000\"]",
          "price": 250000,
          "rating_average": 0,
          "requirements": "[]",
          "slug": "modern-admin-dashboard",
          "tech_stack": "[\"Vue 3\", \"Tailwind CSS\", \"Vite\"]",
          "title": "Modern Admin Dashboard UI",
          "type": "template",
          "updated_at": "2026-01-13T02:20:25.211149+07:00",
          "views_count": 0
        },
        "product_id": 4,
        "user_id": 4
      },
      {
        "created_at": "2026-01-14T23:27:30.739199+07:00",
        "id": 4,
        "product": {
          "category": {
            "created_at": "2026-01-08T21:55:42.325061+07:00",
            "description": "Flutter, React Native, and native apps",
            "icon": "smartphone",
            "id": 3,
            "is_active": true,
            "name": "Mobile Apps",
            "order": 3,
            "slug": "mobile-apps",
            "updated_at": "2026-01-08T21:55:42.325061+07:00"
          },
          "category_id": 3,
          "created_at": "2026-01-13T02:20:25.210572+07:00",
          "created_by": 1,
          "description": "Uber Eats clone made with Flutter. Beautiful animations, real-time tracking, and vendor dashboard included. Works on both iOS and Android.",
          "downloads_count": 0,
          "features": "[\"Real-time Tracking\", \"Push Notifications\", \"Vendor App\", \"Dark Mode\"]",
          "id": 3,
          "is_active": true,
          "preview_images": "[\"https://images.unsplash.com/photo-1512941937669-90a1b58e7e9c?auto=format\u0026fit=crop\u0026q=80\u0026w=1000\"]",
          "price": 500000,
          "rating_average": 0,
          "requirements": "[]",
          "slug": "flutter-delivery-app",
          "tech_stack": "[\"Flutter\", \"Firebase\", \"Google Maps API\"]",
          "title": "Flutter Delivery App",
          "type": "mobile_apps",
          "updated_at": "2026-01-13T02:20:25.210572+07:00",
          "views_count": 0
        },
        "product_id": 3,
        "user_id": 4
      }
    ],
    "message": "Wishlist retrieved successfully",
    "success": true
  },
  "duration": "3.0403ms",
  "duration_ms": 3,
  "client_ip": "::1",
  "user_agent": "Mozilla/5.0 (Windows NT 10.0; Win64; x64) AppleWebKit/537.36 (KHTML, like Gecko) Chrome/143.0.0.0 Safari/537.36",
  "user_id": 4,
  "user_email": "astiskripsi@gmail.com"
}
========================================

{
  "timestamp": "2026-01-14 23:30:20",
  "method": "OPTIONS",
  "path": "/api/v1/wishlist",
  "headers": {
    "Accept": "*/*",
    "Authorization": "",
    "Content-Type": ""
  },
  "status_code": 204,
  "duration": "504.8µs",
  "duration_ms": 0,
  "client_ip": "::1",
  "user_agent": "Mozilla/5.0 (Windows NT 10.0; Win64; x64) AppleWebKit/537.36 (KHTML, like Gecko) Chrome/143.0.0.0 Safari/537.36"
}
========================================

{
  "timestamp": "2026-01-14 23:30:20",
  "method": "OPTIONS",
  "path": "/api/v1/cart",
  "headers": {
    "Accept": "*/*",
    "Authorization": "",
    "Content-Type": ""
  },
  "status_code": 204,
  "duration": "792µs",
  "duration_ms": 0,
  "client_ip": "::1",
  "user_agent": "Mozilla/5.0 (Windows NT 10.0; Win64; x64) AppleWebKit/537.36 (KHTML, like Gecko) Chrome/143.0.0.0 Safari/537.36"
}
========================================

{
  "timestamp": "2026-01-14 23:30:20",
  "method": "OPTIONS",
  "path": "/api/v1/wishlist",
  "headers": {
    "Accept": "*/*",
    "Authorization": "",
    "Content-Type": ""
  },
  "status_code": 204,
  "duration": "792µs",
  "duration_ms": 0,
  "client_ip": "::1",
  "user_agent": "Mozilla/5.0 (Windows NT 10.0; Win64; x64) AppleWebKit/537.36 (KHTML, like Gecko) Chrome/143.0.0.0 Safari/537.36"
}
========================================

{
  "timestamp": "2026-01-14 23:30:20",
  "method": "GET",
  "path": "/api/v1/wishlist",
  "headers": {
    "Accept": "application/json, text/plain, */*",
    "Authorization": "Bearer ...4HKc",
    "Content-Type": ""
  },
  "status_code": 200,
  "response_body": {
    "data": [
      {
        "created_at": "2026-01-14T23:24:16.863952+07:00",
        "id": 2,
        "product": {
          "category": {
            "created_at": "2026-01-08T21:55:42.326209+07:00",
            "description": "Python, PHP, and JS utility scripts",
            "icon": "terminal",
            "id": 4,
            "is_active": true,
            "name": "Scripts",
            "order": 4,
            "slug": "scripts",
            "updated_at": "2026-01-08T21:55:42.326209+07:00"
          },
          "category_id": 4,
          "created_at": "2026-01-13T02:20:25.212431+07:00",
          "created_by": 1,
          "description": "Python script to automate likes, follows, and comments. Includes safety limits to prevent account bans.",
          "downloads_count": 0,
          "features": "[\"Auto Like\", \"Auto Follow\", \"Targeting by Hashtag\"]",
          "id": 5,
          "is_active": true,
          "preview_images": "[\"https://images.unsplash.com/photo-1611162617474-5b21e879e113?auto=format\u0026fit=crop\u0026q=80\u0026w=1000\"]",
          "price": 150000,
          "rating_average": 0,
          "requirements": "[]",
          "slug": "instagram-automation-bot",
          "tech_stack": "[\"Python\", \"Selenium\"]",
          "title": "Instagram Automation Bot",
          "type": "scripts",
          "updated_at": "2026-01-13T02:20:25.212431+07:00",
          "views_count": 0
        },
        "product_id": 5,
        "user_id": 4
      },
      {
        "created_at": "2026-01-14T23:25:00.637155+07:00",
        "id": 3,
        "product": {
          "category": {
            "created_at": "2026-01-08T21:55:42.322557+07:00",
            "description": "UI kits and website templates",
            "icon": "layout",
            "id": 2,
            "is_active": true,
            "name": "Templates",
            "order": 2,
            "slug": "templates",
            "updated_at": "2026-01-08T21:55:42.322557+07:00"
          },
          "category_id": 2,
          "created_at": "2026-01-13T02:20:25.211149+07:00",
          "created_by": 1,
          "description": "Clean, responsive, and customizable admin dashboard template built with Vue 3 and Tailwind CSS.",
          "downloads_count": 0,
          "features": "[\"Dark Mode Support\", \"Responsive Layout\", \"Chart.js Integration\", \"Form Components\"]",
          "id": 4,
          "is_active": true,
          "preview_images": "[\"https://images.unsplash.com/photo-1551288049-bebda4e38f71?auto=format\u0026fit=crop\u0026q=80\u0026w=1000\"]",
          "price": 250000,
          "rating_average": 0,
          "requirements": "[]",
          "slug": "modern-admin-dashboard",
          "tech_stack": "[\"Vue 3\", \"Tailwind CSS\", \"Vite\"]",
          "title": "Modern Admin Dashboard UI",
          "type": "template",
          "updated_at": "2026-01-13T02:20:25.211149+07:00",
          "views_count": 0
        },
        "product_id": 4,
        "user_id": 4
      },
      {
        "created_at": "2026-01-14T23:27:30.739199+07:00",
        "id": 4,
        "product": {
          "category": {
            "created_at": "2026-01-08T21:55:42.325061+07:00",
            "description": "Flutter, React Native, and native apps",
            "icon": "smartphone",
            "id": 3,
            "is_active": true,
            "name": "Mobile Apps",
            "order": 3,
            "slug": "mobile-apps",
            "updated_at": "2026-01-08T21:55:42.325061+07:00"
          },
          "category_id": 3,
          "created_at": "2026-01-13T02:20:25.210572+07:00",
          "created_by": 1,
          "description": "Uber Eats clone made with Flutter. Beautiful animations, real-time tracking, and vendor dashboard included. Works on both iOS and Android.",
          "downloads_count": 0,
          "features": "[\"Real-time Tracking\", \"Push Notifications\", \"Vendor App\", \"Dark Mode\"]",
          "id": 3,
          "is_active": true,
          "preview_images": "[\"https://images.unsplash.com/photo-1512941937669-90a1b58e7e9c?auto=format\u0026fit=crop\u0026q=80\u0026w=1000\"]",
          "price": 500000,
          "rating_average": 0,
          "requirements": "[]",
          "slug": "flutter-delivery-app",
          "tech_stack": "[\"Flutter\", \"Firebase\", \"Google Maps API\"]",
          "title": "Flutter Delivery App",
          "type": "mobile_apps",
          "updated_at": "2026-01-13T02:20:25.210572+07:00",
          "views_count": 0
        },
        "product_id": 3,
        "user_id": 4
      }
    ],
    "message": "Wishlist retrieved successfully",
    "success": true
  },
  "duration": "4.4825ms",
  "duration_ms": 4,
  "client_ip": "::1",
  "user_agent": "Mozilla/5.0 (Windows NT 10.0; Win64; x64) AppleWebKit/537.36 (KHTML, like Gecko) Chrome/143.0.0.0 Safari/537.36",
  "user_id": 4,
  "user_email": "astiskripsi@gmail.com"
}
========================================

{
  "timestamp": "2026-01-14 23:30:20",
  "method": "GET",
  "path": "/api/v1/cart",
  "headers": {
    "Accept": "application/json, text/plain, */*",
    "Authorization": "Bearer ...4HKc",
    "Content-Type": ""
  },
  "status_code": 200,
  "response_body": {
    "data": {
      "items": [],
      "total": 0
    },
    "message": "Cart retrieved successfully",
    "success": true
  },
  "duration": "5.6328ms",
  "duration_ms": 5,
  "client_ip": "::1",
  "user_agent": "Mozilla/5.0 (Windows NT 10.0; Win64; x64) AppleWebKit/537.36 (KHTML, like Gecko) Chrome/143.0.0.0 Safari/537.36",
  "user_id": 4,
  "user_email": "astiskripsi@gmail.com"
}
========================================

{
  "timestamp": "2026-01-14 23:30:20",
  "method": "GET",
  "path": "/api/v1/wishlist",
  "headers": {
    "Accept": "application/json, text/plain, */*",
    "Authorization": "Bearer ...4HKc",
    "Content-Type": ""
  },
  "status_code": 200,
  "response_body": {
    "data": [
      {
        "created_at": "2026-01-14T23:24:16.863952+07:00",
        "id": 2,
        "product": {
          "category": {
            "created_at": "2026-01-08T21:55:42.326209+07:00",
            "description": "Python, PHP, and JS utility scripts",
            "icon": "terminal",
            "id": 4,
            "is_active": true,
            "name": "Scripts",
            "order": 4,
            "slug": "scripts",
            "updated_at": "2026-01-08T21:55:42.326209+07:00"
          },
          "category_id": 4,
          "created_at": "2026-01-13T02:20:25.212431+07:00",
          "created_by": 1,
          "description": "Python script to automate likes, follows, and comments. Includes safety limits to prevent account bans.",
          "downloads_count": 0,
          "features": "[\"Auto Like\", \"Auto Follow\", \"Targeting by Hashtag\"]",
          "id": 5,
          "is_active": true,
          "preview_images": "[\"https://images.unsplash.com/photo-1611162617474-5b21e879e113?auto=format\u0026fit=crop\u0026q=80\u0026w=1000\"]",
          "price": 150000,
          "rating_average": 0,
          "requirements": "[]",
          "slug": "instagram-automation-bot",
          "tech_stack": "[\"Python\", \"Selenium\"]",
          "title": "Instagram Automation Bot",
          "type": "scripts",
          "updated_at": "2026-01-13T02:20:25.212431+07:00",
          "views_count": 0
        },
        "product_id": 5,
        "user_id": 4
      },
      {
        "created_at": "2026-01-14T23:25:00.637155+07:00",
        "id": 3,
        "product": {
          "category": {
            "created_at": "2026-01-08T21:55:42.322557+07:00",
            "description": "UI kits and website templates",
            "icon": "layout",
            "id": 2,
            "is_active": true,
            "name": "Templates",
            "order": 2,
            "slug": "templates",
            "updated_at": "2026-01-08T21:55:42.322557+07:00"
          },
          "category_id": 2,
          "created_at": "2026-01-13T02:20:25.211149+07:00",
          "created_by": 1,
          "description": "Clean, responsive, and customizable admin dashboard template built with Vue 3 and Tailwind CSS.",
          "downloads_count": 0,
          "features": "[\"Dark Mode Support\", \"Responsive Layout\", \"Chart.js Integration\", \"Form Components\"]",
          "id": 4,
          "is_active": true,
          "preview_images": "[\"https://images.unsplash.com/photo-1551288049-bebda4e38f71?auto=format\u0026fit=crop\u0026q=80\u0026w=1000\"]",
          "price": 250000,
          "rating_average": 0,
          "requirements": "[]",
          "slug": "modern-admin-dashboard",
          "tech_stack": "[\"Vue 3\", \"Tailwind CSS\", \"Vite\"]",
          "title": "Modern Admin Dashboard UI",
          "type": "template",
          "updated_at": "2026-01-13T02:20:25.211149+07:00",
          "views_count": 0
        },
        "product_id": 4,
        "user_id": 4
      },
      {
        "created_at": "2026-01-14T23:27:30.739199+07:00",
        "id": 4,
        "product": {
          "category": {
            "created_at": "2026-01-08T21:55:42.325061+07:00",
            "description": "Flutter, React Native, and native apps",
            "icon": "smartphone",
            "id": 3,
            "is_active": true,
            "name": "Mobile Apps",
            "order": 3,
            "slug": "mobile-apps",
            "updated_at": "2026-01-08T21:55:42.325061+07:00"
          },
          "category_id": 3,
          "created_at": "2026-01-13T02:20:25.210572+07:00",
          "created_by": 1,
          "description": "Uber Eats clone made with Flutter. Beautiful animations, real-time tracking, and vendor dashboard included. Works on both iOS and Android.",
          "downloads_count": 0,
          "features": "[\"Real-time Tracking\", \"Push Notifications\", \"Vendor App\", \"Dark Mode\"]",
          "id": 3,
          "is_active": true,
          "preview_images": "[\"https://images.unsplash.com/photo-1512941937669-90a1b58e7e9c?auto=format\u0026fit=crop\u0026q=80\u0026w=1000\"]",
          "price": 500000,
          "rating_average": 0,
          "requirements": "[]",
          "slug": "flutter-delivery-app",
          "tech_stack": "[\"Flutter\", \"Firebase\", \"Google Maps API\"]",
          "title": "Flutter Delivery App",
          "type": "mobile_apps",
          "updated_at": "2026-01-13T02:20:25.210572+07:00",
          "views_count": 0
        },
        "product_id": 3,
        "user_id": 4
      }
    ],
    "message": "Wishlist retrieved successfully",
    "success": true
  },
  "duration": "4.4236ms",
  "duration_ms": 4,
  "client_ip": "::1",
  "user_agent": "Mozilla/5.0 (Windows NT 10.0; Win64; x64) AppleWebKit/537.36 (KHTML, like Gecko) Chrome/143.0.0.0 Safari/537.36",
  "user_id": 4,
  "user_email": "astiskripsi@gmail.com"
}
========================================

{
  "timestamp": "2026-01-14 23:30:20",
  "method": "GET",
  "path": "/api/v1/wishlist",
  "headers": {
    "Accept": "application/json, text/plain, */*",
    "Authorization": "Bearer ...4HKc",
    "Content-Type": ""
  },
  "status_code": 200,
  "response_body": {
    "data": [
      {
        "created_at": "2026-01-14T23:24:16.863952+07:00",
        "id": 2,
        "product": {
          "category": {
            "created_at": "2026-01-08T21:55:42.326209+07:00",
            "description": "Python, PHP, and JS utility scripts",
            "icon": "terminal",
            "id": 4,
            "is_active": true,
            "name": "Scripts",
            "order": 4,
            "slug": "scripts",
            "updated_at": "2026-01-08T21:55:42.326209+07:00"
          },
          "category_id": 4,
          "created_at": "2026-01-13T02:20:25.212431+07:00",
          "created_by": 1,
          "description": "Python script to automate likes, follows, and comments. Includes safety limits to prevent account bans.",
          "downloads_count": 0,
          "features": "[\"Auto Like\", \"Auto Follow\", \"Targeting by Hashtag\"]",
          "id": 5,
          "is_active": true,
          "preview_images": "[\"https://images.unsplash.com/photo-1611162617474-5b21e879e113?auto=format\u0026fit=crop\u0026q=80\u0026w=1000\"]",
          "price": 150000,
          "rating_average": 0,
          "requirements": "[]",
          "slug": "instagram-automation-bot",
          "tech_stack": "[\"Python\", \"Selenium\"]",
          "title": "Instagram Automation Bot",
          "type": "scripts",
          "updated_at": "2026-01-13T02:20:25.212431+07:00",
          "views_count": 0
        },
        "product_id": 5,
        "user_id": 4
      },
      {
        "created_at": "2026-01-14T23:25:00.637155+07:00",
        "id": 3,
        "product": {
          "category": {
            "created_at": "2026-01-08T21:55:42.322557+07:00",
            "description": "UI kits and website templates",
            "icon": "layout",
            "id": 2,
            "is_active": true,
            "name": "Templates",
            "order": 2,
            "slug": "templates",
            "updated_at": "2026-01-08T21:55:42.322557+07:00"
          },
          "category_id": 2,
          "created_at": "2026-01-13T02:20:25.211149+07:00",
          "created_by": 1,
          "description": "Clean, responsive, and customizable admin dashboard template built with Vue 3 and Tailwind CSS.",
          "downloads_count": 0,
          "features": "[\"Dark Mode Support\", \"Responsive Layout\", \"Chart.js Integration\", \"Form Components\"]",
          "id": 4,
          "is_active": true,
          "preview_images": "[\"https://images.unsplash.com/photo-1551288049-bebda4e38f71?auto=format\u0026fit=crop\u0026q=80\u0026w=1000\"]",
          "price": 250000,
          "rating_average": 0,
          "requirements": "[]",
          "slug": "modern-admin-dashboard",
          "tech_stack": "[\"Vue 3\", \"Tailwind CSS\", \"Vite\"]",
          "title": "Modern Admin Dashboard UI",
          "type": "template",
          "updated_at": "2026-01-13T02:20:25.211149+07:00",
          "views_count": 0
        },
        "product_id": 4,
        "user_id": 4
      },
      {
        "created_at": "2026-01-14T23:27:30.739199+07:00",
        "id": 4,
        "product": {
          "category": {
            "created_at": "2026-01-08T21:55:42.325061+07:00",
            "description": "Flutter, React Native, and native apps",
            "icon": "smartphone",
            "id": 3,
            "is_active": true,
            "name": "Mobile Apps",
            "order": 3,
            "slug": "mobile-apps",
            "updated_at": "2026-01-08T21:55:42.325061+07:00"
          },
          "category_id": 3,
          "created_at": "2026-01-13T02:20:25.210572+07:00",
          "created_by": 1,
          "description": "Uber Eats clone made with Flutter. Beautiful animations, real-time tracking, and vendor dashboard included. Works on both iOS and Android.",
          "downloads_count": 0,
          "features": "[\"Real-time Tracking\", \"Push Notifications\", \"Vendor App\", \"Dark Mode\"]",
          "id": 3,
          "is_active": true,
          "preview_images": "[\"https://images.unsplash.com/photo-1512941937669-90a1b58e7e9c?auto=format\u0026fit=crop\u0026q=80\u0026w=1000\"]",
          "price": 500000,
          "rating_average": 0,
          "requirements": "[]",
          "slug": "flutter-delivery-app",
          "tech_stack": "[\"Flutter\", \"Firebase\", \"Google Maps API\"]",
          "title": "Flutter Delivery App",
          "type": "mobile_apps",
          "updated_at": "2026-01-13T02:20:25.210572+07:00",
          "views_count": 0
        },
        "product_id": 3,
        "user_id": 4
      }
    ],
    "message": "Wishlist retrieved successfully",
    "success": true
  },
  "duration": "1.7666ms",
  "duration_ms": 1,
  "client_ip": "::1",
  "user_agent": "Mozilla/5.0 (Windows NT 10.0; Win64; x64) AppleWebKit/537.36 (KHTML, like Gecko) Chrome/143.0.0.0 Safari/537.36",
  "user_id": 4,
  "user_email": "astiskripsi@gmail.com"
}
========================================

{
  "timestamp": "2026-01-14 23:30:24",
  "method": "GET",
  "path": "/api/v1/cart",
  "headers": {
    "Accept": "application/json, text/plain, */*",
    "Authorization": "Bearer ...4HKc",
    "Content-Type": ""
  },
  "status_code": 200,
  "response_body": {
    "data": {
      "items": [],
      "total": 0
    },
    "message": "Cart retrieved successfully",
    "success": true
  },
  "duration": "2.0106ms",
  "duration_ms": 2,
  "client_ip": "::1",
  "user_agent": "Mozilla/5.0 (Windows NT 10.0; Win64; x64) AppleWebKit/537.36 (KHTML, like Gecko) Chrome/143.0.0.0 Safari/537.36",
  "user_id": 4,
  "user_email": "astiskripsi@gmail.com"
}
========================================

{
  "timestamp": "2026-01-14 23:30:24",
  "method": "GET",
  "path": "/api/v1/wishlist",
  "headers": {
    "Accept": "application/json, text/plain, */*",
    "Authorization": "Bearer ...4HKc",
    "Content-Type": ""
  },
  "status_code": 200,
  "response_body": {
    "data": [
      {
        "created_at": "2026-01-14T23:24:16.863952+07:00",
        "id": 2,
        "product": {
          "category": {
            "created_at": "2026-01-08T21:55:42.326209+07:00",
            "description": "Python, PHP, and JS utility scripts",
            "icon": "terminal",
            "id": 4,
            "is_active": true,
            "name": "Scripts",
            "order": 4,
            "slug": "scripts",
            "updated_at": "2026-01-08T21:55:42.326209+07:00"
          },
          "category_id": 4,
          "created_at": "2026-01-13T02:20:25.212431+07:00",
          "created_by": 1,
          "description": "Python script to automate likes, follows, and comments. Includes safety limits to prevent account bans.",
          "downloads_count": 0,
          "features": "[\"Auto Like\", \"Auto Follow\", \"Targeting by Hashtag\"]",
          "id": 5,
          "is_active": true,
          "preview_images": "[\"https://images.unsplash.com/photo-1611162617474-5b21e879e113?auto=format\u0026fit=crop\u0026q=80\u0026w=1000\"]",
          "price": 150000,
          "rating_average": 0,
          "requirements": "[]",
          "slug": "instagram-automation-bot",
          "tech_stack": "[\"Python\", \"Selenium\"]",
          "title": "Instagram Automation Bot",
          "type": "scripts",
          "updated_at": "2026-01-13T02:20:25.212431+07:00",
          "views_count": 0
        },
        "product_id": 5,
        "user_id": 4
      },
      {
        "created_at": "2026-01-14T23:25:00.637155+07:00",
        "id": 3,
        "product": {
          "category": {
            "created_at": "2026-01-08T21:55:42.322557+07:00",
            "description": "UI kits and website templates",
            "icon": "layout",
            "id": 2,
            "is_active": true,
            "name": "Templates",
            "order": 2,
            "slug": "templates",
            "updated_at": "2026-01-08T21:55:42.322557+07:00"
          },
          "category_id": 2,
          "created_at": "2026-01-13T02:20:25.211149+07:00",
          "created_by": 1,
          "description": "Clean, responsive, and customizable admin dashboard template built with Vue 3 and Tailwind CSS.",
          "downloads_count": 0,
          "features": "[\"Dark Mode Support\", \"Responsive Layout\", \"Chart.js Integration\", \"Form Components\"]",
          "id": 4,
          "is_active": true,
          "preview_images": "[\"https://images.unsplash.com/photo-1551288049-bebda4e38f71?auto=format\u0026fit=crop\u0026q=80\u0026w=1000\"]",
          "price": 250000,
          "rating_average": 0,
          "requirements": "[]",
          "slug": "modern-admin-dashboard",
          "tech_stack": "[\"Vue 3\", \"Tailwind CSS\", \"Vite\"]",
          "title": "Modern Admin Dashboard UI",
          "type": "template",
          "updated_at": "2026-01-13T02:20:25.211149+07:00",
          "views_count": 0
        },
        "product_id": 4,
        "user_id": 4
      },
      {
        "created_at": "2026-01-14T23:27:30.739199+07:00",
        "id": 4,
        "product": {
          "category": {
            "created_at": "2026-01-08T21:55:42.325061+07:00",
            "description": "Flutter, React Native, and native apps",
            "icon": "smartphone",
            "id": 3,
            "is_active": true,
            "name": "Mobile Apps",
            "order": 3,
            "slug": "mobile-apps",
            "updated_at": "2026-01-08T21:55:42.325061+07:00"
          },
          "category_id": 3,
          "created_at": "2026-01-13T02:20:25.210572+07:00",
          "created_by": 1,
          "description": "Uber Eats clone made with Flutter. Beautiful animations, real-time tracking, and vendor dashboard included. Works on both iOS and Android.",
          "downloads_count": 0,
          "features": "[\"Real-time Tracking\", \"Push Notifications\", \"Vendor App\", \"Dark Mode\"]",
          "id": 3,
          "is_active": true,
          "preview_images": "[\"https://images.unsplash.com/photo-1512941937669-90a1b58e7e9c?auto=format\u0026fit=crop\u0026q=80\u0026w=1000\"]",
          "price": 500000,
          "rating_average": 0,
          "requirements": "[]",
          "slug": "flutter-delivery-app",
          "tech_stack": "[\"Flutter\", \"Firebase\", \"Google Maps API\"]",
          "title": "Flutter Delivery App",
          "type": "mobile_apps",
          "updated_at": "2026-01-13T02:20:25.210572+07:00",
          "views_count": 0
        },
        "product_id": 3,
        "user_id": 4
      }
    ],
    "message": "Wishlist retrieved successfully",
    "success": true
  },
  "duration": "1.7911ms",
  "duration_ms": 1,
  "client_ip": "::1",
  "user_agent": "Mozilla/5.0 (Windows NT 10.0; Win64; x64) AppleWebKit/537.36 (KHTML, like Gecko) Chrome/143.0.0.0 Safari/537.36",
  "user_id": 4,
  "user_email": "astiskripsi@gmail.com"
}
========================================

{
  "timestamp": "2026-01-14 23:30:24",
  "method": "GET",
  "path": "/api/v1/wishlist",
  "headers": {
    "Accept": "application/json, text/plain, */*",
    "Authorization": "Bearer ...4HKc",
    "Content-Type": ""
  },
  "status_code": 200,
  "response_body": {
    "data": [
      {
        "created_at": "2026-01-14T23:24:16.863952+07:00",
        "id": 2,
        "product": {
          "category": {
            "created_at": "2026-01-08T21:55:42.326209+07:00",
            "description": "Python, PHP, and JS utility scripts",
            "icon": "terminal",
            "id": 4,
            "is_active": true,
            "name": "Scripts",
            "order": 4,
            "slug": "scripts",
            "updated_at": "2026-01-08T21:55:42.326209+07:00"
          },
          "category_id": 4,
          "created_at": "2026-01-13T02:20:25.212431+07:00",
          "created_by": 1,
          "description": "Python script to automate likes, follows, and comments. Includes safety limits to prevent account bans.",
          "downloads_count": 0,
          "features": "[\"Auto Like\", \"Auto Follow\", \"Targeting by Hashtag\"]",
          "id": 5,
          "is_active": true,
          "preview_images": "[\"https://images.unsplash.com/photo-1611162617474-5b21e879e113?auto=format\u0026fit=crop\u0026q=80\u0026w=1000\"]",
          "price": 150000,
          "rating_average": 0,
          "requirements": "[]",
          "slug": "instagram-automation-bot",
          "tech_stack": "[\"Python\", \"Selenium\"]",
          "title": "Instagram Automation Bot",
          "type": "scripts",
          "updated_at": "2026-01-13T02:20:25.212431+07:00",
          "views_count": 0
        },
        "product_id": 5,
        "user_id": 4
      },
      {
        "created_at": "2026-01-14T23:25:00.637155+07:00",
        "id": 3,
        "product": {
          "category": {
            "created_at": "2026-01-08T21:55:42.322557+07:00",
            "description": "UI kits and website templates",
            "icon": "layout",
            "id": 2,
            "is_active": true,
            "name": "Templates",
            "order": 2,
            "slug": "templates",
            "updated_at": "2026-01-08T21:55:42.322557+07:00"
          },
          "category_id": 2,
          "created_at": "2026-01-13T02:20:25.211149+07:00",
          "created_by": 1,
          "description": "Clean, responsive, and customizable admin dashboard template built with Vue 3 and Tailwind CSS.",
          "downloads_count": 0,
          "features": "[\"Dark Mode Support\", \"Responsive Layout\", \"Chart.js Integration\", \"Form Components\"]",
          "id": 4,
          "is_active": true,
          "preview_images": "[\"https://images.unsplash.com/photo-1551288049-bebda4e38f71?auto=format\u0026fit=crop\u0026q=80\u0026w=1000\"]",
          "price": 250000,
          "rating_average": 0,
          "requirements": "[]",
          "slug": "modern-admin-dashboard",
          "tech_stack": "[\"Vue 3\", \"Tailwind CSS\", \"Vite\"]",
          "title": "Modern Admin Dashboard UI",
          "type": "template",
          "updated_at": "2026-01-13T02:20:25.211149+07:00",
          "views_count": 0
        },
        "product_id": 4,
        "user_id": 4
      },
      {
        "created_at": "2026-01-14T23:27:30.739199+07:00",
        "id": 4,
        "product": {
          "category": {
            "created_at": "2026-01-08T21:55:42.325061+07:00",
            "description": "Flutter, React Native, and native apps",
            "icon": "smartphone",
            "id": 3,
            "is_active": true,
            "name": "Mobile Apps",
            "order": 3,
            "slug": "mobile-apps",
            "updated_at": "2026-01-08T21:55:42.325061+07:00"
          },
          "category_id": 3,
          "created_at": "2026-01-13T02:20:25.210572+07:00",
          "created_by": 1,
          "description": "Uber Eats clone made with Flutter. Beautiful animations, real-time tracking, and vendor dashboard included. Works on both iOS and Android.",
          "downloads_count": 0,
          "features": "[\"Real-time Tracking\", \"Push Notifications\", \"Vendor App\", \"Dark Mode\"]",
          "id": 3,
          "is_active": true,
          "preview_images": "[\"https://images.unsplash.com/photo-1512941937669-90a1b58e7e9c?auto=format\u0026fit=crop\u0026q=80\u0026w=1000\"]",
          "price": 500000,
          "rating_average": 0,
          "requirements": "[]",
          "slug": "flutter-delivery-app",
          "tech_stack": "[\"Flutter\", \"Firebase\", \"Google Maps API\"]",
          "title": "Flutter Delivery App",
          "type": "mobile_apps",
          "updated_at": "2026-01-13T02:20:25.210572+07:00",
          "views_count": 0
        },
        "product_id": 3,
        "user_id": 4
      }
    ],
    "message": "Wishlist retrieved successfully",
    "success": true
  },
  "duration": "2.2145ms",
  "duration_ms": 2,
  "client_ip": "::1",
  "user_agent": "Mozilla/5.0 (Windows NT 10.0; Win64; x64) AppleWebKit/537.36 (KHTML, like Gecko) Chrome/143.0.0.0 Safari/537.36",
  "user_id": 4,
  "user_email": "astiskripsi@gmail.com"
}
========================================

{
  "timestamp": "2026-01-14 23:30:26",
  "method": "OPTIONS",
  "path": "/api/v1/wishlist/3",
  "headers": {
    "Accept": "*/*",
    "Authorization": "",
    "Content-Type": ""
  },
  "status_code": 204,
  "duration": "0s",
  "duration_ms": 0,
  "client_ip": "::1",
  "user_agent": "Mozilla/5.0 (Windows NT 10.0; Win64; x64) AppleWebKit/537.36 (KHTML, like Gecko) Chrome/143.0.0.0 Safari/537.36"
}
========================================

{
  "timestamp": "2026-01-14 23:30:26",
  "method": "DELETE",
  "path": "/api/v1/wishlist/3",
  "headers": {
    "Accept": "application/json, text/plain, */*",
    "Authorization": "Bearer ...4HKc",
    "Content-Type": ""
  },
  "status_code": 200,
  "response_body": {
    "message": "Item removed from wishlist",
    "success": true
  },
  "duration": "3.0738ms",
  "duration_ms": 3,
  "client_ip": "::1",
  "user_agent": "Mozilla/5.0 (Windows NT 10.0; Win64; x64) AppleWebKit/537.36 (KHTML, like Gecko) Chrome/143.0.0.0 Safari/537.36",
  "user_id": 4,
  "user_email": "astiskripsi@gmail.com"
}
========================================

{
  "timestamp": "2026-01-14 23:30:26",
  "method": "OPTIONS",
  "path": "/api/v1/wishlist",
  "headers": {
    "Accept": "*/*",
    "Authorization": "",
    "Content-Type": ""
  },
  "status_code": 204,
  "duration": "0s",
  "duration_ms": 0,
  "client_ip": "::1",
  "user_agent": "Mozilla/5.0 (Windows NT 10.0; Win64; x64) AppleWebKit/537.36 (KHTML, like Gecko) Chrome/143.0.0.0 Safari/537.36"
}
========================================

{
  "timestamp": "2026-01-14 23:30:26",
  "method": "GET",
  "path": "/api/v1/wishlist",
  "headers": {
    "Accept": "application/json, text/plain, */*",
    "Authorization": "Bearer ...4HKc",
    "Content-Type": ""
  },
  "status_code": 200,
  "response_body": {
    "data": [
      {
        "created_at": "2026-01-14T23:24:16.863952+07:00",
        "id": 2,
        "product": {
          "category": {
            "created_at": "2026-01-08T21:55:42.326209+07:00",
            "description": "Python, PHP, and JS utility scripts",
            "icon": "terminal",
            "id": 4,
            "is_active": true,
            "name": "Scripts",
            "order": 4,
            "slug": "scripts",
            "updated_at": "2026-01-08T21:55:42.326209+07:00"
          },
          "category_id": 4,
          "created_at": "2026-01-13T02:20:25.212431+07:00",
          "created_by": 1,
          "description": "Python script to automate likes, follows, and comments. Includes safety limits to prevent account bans.",
          "downloads_count": 0,
          "features": "[\"Auto Like\", \"Auto Follow\", \"Targeting by Hashtag\"]",
          "id": 5,
          "is_active": true,
          "preview_images": "[\"https://images.unsplash.com/photo-1611162617474-5b21e879e113?auto=format\u0026fit=crop\u0026q=80\u0026w=1000\"]",
          "price": 150000,
          "rating_average": 0,
          "requirements": "[]",
          "slug": "instagram-automation-bot",
          "tech_stack": "[\"Python\", \"Selenium\"]",
          "title": "Instagram Automation Bot",
          "type": "scripts",
          "updated_at": "2026-01-13T02:20:25.212431+07:00",
          "views_count": 0
        },
        "product_id": 5,
        "user_id": 4
      },
      {
        "created_at": "2026-01-14T23:27:30.739199+07:00",
        "id": 4,
        "product": {
          "category": {
            "created_at": "2026-01-08T21:55:42.325061+07:00",
            "description": "Flutter, React Native, and native apps",
            "icon": "smartphone",
            "id": 3,
            "is_active": true,
            "name": "Mobile Apps",
            "order": 3,
            "slug": "mobile-apps",
            "updated_at": "2026-01-08T21:55:42.325061+07:00"
          },
          "category_id": 3,
          "created_at": "2026-01-13T02:20:25.210572+07:00",
          "created_by": 1,
          "description": "Uber Eats clone made with Flutter. Beautiful animations, real-time tracking, and vendor dashboard included. Works on both iOS and Android.",
          "downloads_count": 0,
          "features": "[\"Real-time Tracking\", \"Push Notifications\", \"Vendor App\", \"Dark Mode\"]",
          "id": 3,
          "is_active": true,
          "preview_images": "[\"https://images.unsplash.com/photo-1512941937669-90a1b58e7e9c?auto=format\u0026fit=crop\u0026q=80\u0026w=1000\"]",
          "price": 500000,
          "rating_average": 0,
          "requirements": "[]",
          "slug": "flutter-delivery-app",
          "tech_stack": "[\"Flutter\", \"Firebase\", \"Google Maps API\"]",
          "title": "Flutter Delivery App",
          "type": "mobile_apps",
          "updated_at": "2026-01-13T02:20:25.210572+07:00",
          "views_count": 0
        },
        "product_id": 3,
        "user_id": 4
      }
    ],
    "message": "Wishlist retrieved successfully",
    "success": true
  },
  "duration": "2.3477ms",
  "duration_ms": 2,
  "client_ip": "::1",
  "user_agent": "Mozilla/5.0 (Windows NT 10.0; Win64; x64) AppleWebKit/537.36 (KHTML, like Gecko) Chrome/143.0.0.0 Safari/537.36",
  "user_id": 4,
  "user_email": "astiskripsi@gmail.com"
}
========================================

{
  "timestamp": "2026-01-14 23:30:27",
  "method": "OPTIONS",
  "path": "/api/v1/wishlist/4",
  "headers": {
    "Accept": "*/*",
    "Authorization": "",
    "Content-Type": ""
  },
  "status_code": 204,
  "duration": "0s",
  "duration_ms": 0,
  "client_ip": "::1",
  "user_agent": "Mozilla/5.0 (Windows NT 10.0; Win64; x64) AppleWebKit/537.36 (KHTML, like Gecko) Chrome/143.0.0.0 Safari/537.36"
}
========================================

{
  "timestamp": "2026-01-14 23:30:27",
  "method": "DELETE",
  "path": "/api/v1/wishlist/4",
  "headers": {
    "Accept": "application/json, text/plain, */*",
    "Authorization": "Bearer ...4HKc",
    "Content-Type": ""
  },
  "status_code": 200,
  "response_body": {
    "message": "Item removed from wishlist",
    "success": true
  },
  "duration": "3.5771ms",
  "duration_ms": 3,
  "client_ip": "::1",
  "user_agent": "Mozilla/5.0 (Windows NT 10.0; Win64; x64) AppleWebKit/537.36 (KHTML, like Gecko) Chrome/143.0.0.0 Safari/537.36",
  "user_id": 4,
  "user_email": "astiskripsi@gmail.com"
}
========================================

{
  "timestamp": "2026-01-14 23:30:27",
  "method": "GET",
  "path": "/api/v1/wishlist",
  "headers": {
    "Accept": "application/json, text/plain, */*",
    "Authorization": "Bearer ...4HKc",
    "Content-Type": ""
  },
  "status_code": 200,
  "response_body": {
    "data": [
      {
        "created_at": "2026-01-14T23:24:16.863952+07:00",
        "id": 2,
        "product": {
          "category": {
            "created_at": "2026-01-08T21:55:42.326209+07:00",
            "description": "Python, PHP, and JS utility scripts",
            "icon": "terminal",
            "id": 4,
            "is_active": true,
            "name": "Scripts",
            "order": 4,
            "slug": "scripts",
            "updated_at": "2026-01-08T21:55:42.326209+07:00"
          },
          "category_id": 4,
          "created_at": "2026-01-13T02:20:25.212431+07:00",
          "created_by": 1,
          "description": "Python script to automate likes, follows, and comments. Includes safety limits to prevent account bans.",
          "downloads_count": 0,
          "features": "[\"Auto Like\", \"Auto Follow\", \"Targeting by Hashtag\"]",
          "id": 5,
          "is_active": true,
          "preview_images": "[\"https://images.unsplash.com/photo-1611162617474-5b21e879e113?auto=format\u0026fit=crop\u0026q=80\u0026w=1000\"]",
          "price": 150000,
          "rating_average": 0,
          "requirements": "[]",
          "slug": "instagram-automation-bot",
          "tech_stack": "[\"Python\", \"Selenium\"]",
          "title": "Instagram Automation Bot",
          "type": "scripts",
          "updated_at": "2026-01-13T02:20:25.212431+07:00",
          "views_count": 0
        },
        "product_id": 5,
        "user_id": 4
      }
    ],
    "message": "Wishlist retrieved successfully",
    "success": true
  },
  "duration": "2.1128ms",
  "duration_ms": 2,
  "client_ip": "::1",
  "user_agent": "Mozilla/5.0 (Windows NT 10.0; Win64; x64) AppleWebKit/537.36 (KHTML, like Gecko) Chrome/143.0.0.0 Safari/537.36",
  "user_id": 4,
  "user_email": "astiskripsi@gmail.com"
}
========================================

{
  "timestamp": "2026-01-14 23:30:28",
  "method": "OPTIONS",
  "path": "/api/v1/wishlist/2",
  "headers": {
    "Accept": "*/*",
    "Authorization": "",
    "Content-Type": ""
  },
  "status_code": 204,
  "duration": "0s",
  "duration_ms": 0,
  "client_ip": "::1",
  "user_agent": "Mozilla/5.0 (Windows NT 10.0; Win64; x64) AppleWebKit/537.36 (KHTML, like Gecko) Chrome/143.0.0.0 Safari/537.36"
}
========================================

{
  "timestamp": "2026-01-14 23:30:28",
  "method": "DELETE",
  "path": "/api/v1/wishlist/2",
  "headers": {
    "Accept": "application/json, text/plain, */*",
    "Authorization": "Bearer ...4HKc",
    "Content-Type": ""
  },
  "status_code": 200,
  "response_body": {
    "message": "Item removed from wishlist",
    "success": true
  },
  "duration": "6.1684ms",
  "duration_ms": 6,
  "client_ip": "::1",
  "user_agent": "Mozilla/5.0 (Windows NT 10.0; Win64; x64) AppleWebKit/537.36 (KHTML, like Gecko) Chrome/143.0.0.0 Safari/537.36",
  "user_id": 4,
  "user_email": "astiskripsi@gmail.com"
}
========================================

{
  "timestamp": "2026-01-14 23:30:28",
  "method": "GET",
  "path": "/api/v1/wishlist",
  "headers": {
    "Accept": "application/json, text/plain, */*",
    "Authorization": "Bearer ...4HKc",
    "Content-Type": ""
  },
  "status_code": 200,
  "response_body": {
    "data": [],
    "message": "Wishlist retrieved successfully",
    "success": true
  },
  "duration": "504µs",
  "duration_ms": 0,
  "client_ip": "::1",
  "user_agent": "Mozilla/5.0 (Windows NT 10.0; Win64; x64) AppleWebKit/537.36 (KHTML, like Gecko) Chrome/143.0.0.0 Safari/537.36",
  "user_id": 4,
  "user_email": "astiskripsi@gmail.com"
}
========================================

{
  "timestamp": "2026-01-14 23:30:32",
  "method": "OPTIONS",
  "path": "/api/v1/products",
  "query": {
    "limit": "20"
  },
  "headers": {
    "Accept": "*/*",
    "Authorization": "",
    "Content-Type": ""
  },
  "status_code": 204,
  "duration": "0s",
  "duration_ms": 0,
  "client_ip": "::1",
  "user_agent": "Mozilla/5.0 (Windows NT 10.0; Win64; x64) AppleWebKit/537.36 (KHTML, like Gecko) Chrome/143.0.0.0 Safari/537.36"
}
========================================

{
  "timestamp": "2026-01-14 23:30:32",
  "method": "GET",
  "path": "/api/v1/products",
  "query": {
    "limit": "20"
  },
  "headers": {
    "Accept": "application/json, text/plain, */*",
    "Authorization": "Bearer ...4HKc",
    "Content-Type": ""
  },
  "status_code": 200,
  "response_body": {
    "data": {
      "limit": 20,
      "page": 1,
      "products": [
        {
          "category": {
            "created_at": "2026-01-08T21:55:42.326209+07:00",
            "description": "Python, PHP, and JS utility scripts",
            "icon": "terminal",
            "id": 4,
            "is_active": true,
            "name": "Scripts",
            "order": 4,
            "slug": "scripts",
            "updated_at": "2026-01-08T21:55:42.326209+07:00"
          },
          "category_id": 4,
          "created_at": "2026-01-13T02:20:25.212431+07:00",
          "created_by": 1,
          "description": "Python script to automate likes, follows, and comments. Includes safety limits to prevent account bans.",
          "downloads_count": 0,
          "features": "[\"Auto Like\", \"Auto Follow\", \"Targeting by Hashtag\"]",
          "id": 5,
          "is_active": true,
          "preview_images": "[\"https://images.unsplash.com/photo-1611162617474-5b21e879e113?auto=format\u0026fit=crop\u0026q=80\u0026w=1000\"]",
          "price": 150000,
          "rating_average": 0,
          "requirements": "[]",
          "slug": "instagram-automation-bot",
          "tech_stack": "[\"Python\", \"Selenium\"]",
          "title": "Instagram Automation Bot",
          "type": "scripts",
          "updated_at": "2026-01-13T02:20:25.212431+07:00",
          "views_count": 0
        },
        {
          "category": {
            "created_at": "2026-01-08T21:55:42.322557+07:00",
            "description": "UI kits and website templates",
            "icon": "layout",
            "id": 2,
            "is_active": true,
            "name": "Templates",
            "order": 2,
            "slug": "templates",
            "updated_at": "2026-01-08T21:55:42.322557+07:00"
          },
          "category_id": 2,
          "created_at": "2026-01-13T02:20:25.211149+07:00",
          "created_by": 1,
          "description": "Clean, responsive, and customizable admin dashboard template built with Vue 3 and Tailwind CSS.",
          "downloads_count": 0,
          "features": "[\"Dark Mode Support\", \"Responsive Layout\", \"Chart.js Integration\", \"Form Components\"]",
          "id": 4,
          "is_active": true,
          "preview_images": "[\"https://images.unsplash.com/photo-1551288049-bebda4e38f71?auto=format\u0026fit=crop\u0026q=80\u0026w=1000\"]",
          "price": 250000,
          "rating_average": 0,
          "requirements": "[]",
          "slug": "modern-admin-dashboard",
          "tech_stack": "[\"Vue 3\", \"Tailwind CSS\", \"Vite\"]",
          "title": "Modern Admin Dashboard UI",
          "type": "template",
          "updated_at": "2026-01-13T02:20:25.211149+07:00",
          "views_count": 0
        },
        {
          "category": {
            "created_at": "2026-01-08T21:55:42.325061+07:00",
            "description": "Flutter, React Native, and native apps",
            "icon": "smartphone",
            "id": 3,
            "is_active": true,
            "name": "Mobile Apps",
            "order": 3,
            "slug": "mobile-apps",
            "updated_at": "2026-01-08T21:55:42.325061+07:00"
          },
          "category_id": 3,
          "created_at": "2026-01-13T02:20:25.210572+07:00",
          "created_by": 1,
          "description": "Uber Eats clone made with Flutter. Beautiful animations, real-time tracking, and vendor dashboard included. Works on both iOS and Android.",
          "downloads_count": 0,
          "features": "[\"Real-time Tracking\", \"Push Notifications\", \"Vendor App\", \"Dark Mode\"]",
          "id": 3,
          "is_active": true,
          "preview_images": "[\"https://images.unsplash.com/photo-1512941937669-90a1b58e7e9c?auto=format\u0026fit=crop\u0026q=80\u0026w=1000\"]",
          "price": 500000,
          "rating_average": 0,
          "requirements": "[]",
          "slug": "flutter-delivery-app",
          "tech_stack": "[\"Flutter\", \"Firebase\", \"Google Maps API\"]",
          "title": "Flutter Delivery App",
          "type": "mobile_apps",
          "updated_at": "2026-01-13T02:20:25.210572+07:00",
          "views_count": 0
        },
        {
          "category": {
            "created_at": "2026-01-08T21:55:42.314623+07:00",
            "description": "Full application source codes",
            "icon": "code",
            "id": 1,
            "is_active": true,
            "name": "Source Code",
            "order": 1,
            "slug": "source-code",
            "updated_at": "2026-01-08T21:55:42.314623+07:00"
          },
          "category_id": 1,
          "created_at": "2026-01-13T02:20:25.20936+07:00",
          "created_by": 1,
          "description": "Launch your SaaS in days with this comprehensive Next.js boilerplate. Includes Stripe integration, Authentication, Database setup with Prisma, and tailwind UI components.",
          "downloads_count": 0,
          "features": "[\"Authentication\", \"Subscription Payments\", \"Admin Dashboard\", \"SEO Optimized\"]",
          "id": 2,
          "is_active": true,
          "preview_images": "[\"https://images.unsplash.com/photo-1618477247222-ac591245363d?auto=format\u0026fit=crop\u0026q=80\u0026w=1000\"]",
          "price": 750000,
          "rating_average": 0,
          "requirements": "[]",
          "slug": "nextjs-saas-boilerplate",
          "tech_stack": "[\"Next.js\", \"TypeScript\", \"Tailwind CSS\", \"Prisma\", \"Stripe\"]",
          "title": "NextJS SaaS Boilerplate",
          "type": "source_code",
          "updated_at": "2026-01-13T02:20:25.20936+07:00",
          "views_count": 0
        },
        {
          "category": {
            "created_at": "2026-01-08T21:55:42.314623+07:00",
            "description": "Full application source codes",
            "icon": "code",
            "id": 1,
            "is_active": true,
            "name": "Source Code",
            "order": 1,
            "slug": "source-code",
            "updated_at": "2026-01-08T21:55:42.314623+07:00"
          },
          "category_id": 1,
          "created_at": "2026-01-13T02:20:25.197105+07:00",
          "created_by": 1,
          "description": "A complete microservices-based e-commerce backend written in Go (Golang). Includes services for products, orders, users, and payments. Features gRPC communication, Kafka event bus, and Docker compose setup.",
          "downloads_count": 0,
          "features": "[\"Microservices Architecture\", \"gRPC Communication\", \"Event-Driven\", \"Scalable\"]",
          "id": 1,
          "is_active": true,
          "preview_images": "[\"https://images.unsplash.com/photo-1555949963-aa79dcee981c?auto=format\u0026fit=crop\u0026q=80\u0026w=1000\", \"https://images.unsplash.com/photo-1555066931-4365d14bab8c?auto=format\u0026fit=crop\u0026q=80\u0026w=1000\"]",
          "price": 1500000,
          "rating_average": 0,
          "requirements": "[]",
          "slug": "ecommerce-microservices-go",
          "tech_stack": "[\"Golang\", \"gRPC\", \"Kafka\", \"PostgreSQL\", \"Docker\"]",
          "title": "E-Commerce Microservices Go",
          "type": "source_code",
          "updated_at": "2026-01-13T02:20:25.197105+07:00",
          "views_count": 0
        }
      ],
      "total": 5
    },
    "message": "Products retrieved successfully",
    "success": true
  },
  "duration": "3.296ms",
  "duration_ms": 3,
  "client_ip": "::1",
  "user_agent": "Mozilla/5.0 (Windows NT 10.0; Win64; x64) AppleWebKit/537.36 (KHTML, like Gecko) Chrome/143.0.0.0 Safari/537.36"
}
========================================

{
  "timestamp": "2026-01-14 23:30:33",
  "method": "OPTIONS",
  "path": "/api/v1/wishlist",
  "headers": {
    "Accept": "*/*",
    "Authorization": "",
    "Content-Type": ""
  },
  "status_code": 204,
  "duration": "0s",
  "duration_ms": 0,
  "client_ip": "::1",
  "user_agent": "Mozilla/5.0 (Windows NT 10.0; Win64; x64) AppleWebKit/537.36 (KHTML, like Gecko) Chrome/143.0.0.0 Safari/537.36"
}
========================================

{
  "timestamp": "2026-01-14 23:30:33",
  "method": "POST",
  "path": "/api/v1/wishlist",
  "headers": {
    "Accept": "application/json, text/plain, */*",
    "Authorization": "Bearer ...4HKc",
    "Content-Type": "application/json"
  },
  "request_body": {
    "product_id": 5
  },
  "status_code": 201,
  "response_body": {
    "data": {
      "created_at": "2026-01-14T23:30:33.6878368+07:00",
      "id": 5,
      "product_id": 5,
      "user_id": 4
    },
    "message": "Item added to wishlist",
    "success": true
  },
  "duration": "4.0943ms",
  "duration_ms": 4,
  "client_ip": "::1",
  "user_agent": "Mozilla/5.0 (Windows NT 10.0; Win64; x64) AppleWebKit/537.36 (KHTML, like Gecko) Chrome/143.0.0.0 Safari/537.36",
  "user_id": 4,
  "user_email": "astiskripsi@gmail.com"
}
========================================

{
  "timestamp": "2026-01-14 23:30:33",
  "method": "GET",
  "path": "/api/v1/wishlist",
  "headers": {
    "Accept": "application/json, text/plain, */*",
    "Authorization": "Bearer ...4HKc",
    "Content-Type": ""
  },
  "status_code": 200,
  "response_body": {
    "data": [
      {
        "created_at": "2026-01-14T23:30:33.687836+07:00",
        "id": 5,
        "product": {
          "category": {
            "created_at": "2026-01-08T21:55:42.326209+07:00",
            "description": "Python, PHP, and JS utility scripts",
            "icon": "terminal",
            "id": 4,
            "is_active": true,
            "name": "Scripts",
            "order": 4,
            "slug": "scripts",
            "updated_at": "2026-01-08T21:55:42.326209+07:00"
          },
          "category_id": 4,
          "created_at": "2026-01-13T02:20:25.212431+07:00",
          "created_by": 1,
          "description": "Python script to automate likes, follows, and comments. Includes safety limits to prevent account bans.",
          "downloads_count": 0,
          "features": "[\"Auto Like\", \"Auto Follow\", \"Targeting by Hashtag\"]",
          "id": 5,
          "is_active": true,
          "preview_images": "[\"https://images.unsplash.com/photo-1611162617474-5b21e879e113?auto=format\u0026fit=crop\u0026q=80\u0026w=1000\"]",
          "price": 150000,
          "rating_average": 0,
          "requirements": "[]",
          "slug": "instagram-automation-bot",
          "tech_stack": "[\"Python\", \"Selenium\"]",
          "title": "Instagram Automation Bot",
          "type": "scripts",
          "updated_at": "2026-01-13T02:20:25.212431+07:00",
          "views_count": 0
        },
        "product_id": 5,
        "user_id": 4
      }
    ],
    "message": "Wishlist retrieved successfully",
    "success": true
  },
  "duration": "1.0466ms",
  "duration_ms": 1,
  "client_ip": "::1",
  "user_agent": "Mozilla/5.0 (Windows NT 10.0; Win64; x64) AppleWebKit/537.36 (KHTML, like Gecko) Chrome/143.0.0.0 Safari/537.36",
  "user_id": 4,
  "user_email": "astiskripsi@gmail.com"
}
========================================

{
  "timestamp": "2026-01-14 23:30:35",
  "method": "GET",
  "path": "/api/v1/wishlist",
  "headers": {
    "Accept": "application/json, text/plain, */*",
    "Authorization": "Bearer ...4HKc",
    "Content-Type": ""
  },
  "status_code": 200,
  "response_body": {
    "data": [
      {
        "created_at": "2026-01-14T23:30:33.687836+07:00",
        "id": 5,
        "product": {
          "category": {
            "created_at": "2026-01-08T21:55:42.326209+07:00",
            "description": "Python, PHP, and JS utility scripts",
            "icon": "terminal",
            "id": 4,
            "is_active": true,
            "name": "Scripts",
            "order": 4,
            "slug": "scripts",
            "updated_at": "2026-01-08T21:55:42.326209+07:00"
          },
          "category_id": 4,
          "created_at": "2026-01-13T02:20:25.212431+07:00",
          "created_by": 1,
          "description": "Python script to automate likes, follows, and comments. Includes safety limits to prevent account bans.",
          "downloads_count": 0,
          "features": "[\"Auto Like\", \"Auto Follow\", \"Targeting by Hashtag\"]",
          "id": 5,
          "is_active": true,
          "preview_images": "[\"https://images.unsplash.com/photo-1611162617474-5b21e879e113?auto=format\u0026fit=crop\u0026q=80\u0026w=1000\"]",
          "price": 150000,
          "rating_average": 0,
          "requirements": "[]",
          "slug": "instagram-automation-bot",
          "tech_stack": "[\"Python\", \"Selenium\"]",
          "title": "Instagram Automation Bot",
          "type": "scripts",
          "updated_at": "2026-01-13T02:20:25.212431+07:00",
          "views_count": 0
        },
        "product_id": 5,
        "user_id": 4
      }
    ],
    "message": "Wishlist retrieved successfully",
    "success": true
  },
  "duration": "2.5398ms",
  "duration_ms": 2,
  "client_ip": "::1",
  "user_agent": "Mozilla/5.0 (Windows NT 10.0; Win64; x64) AppleWebKit/537.36 (KHTML, like Gecko) Chrome/143.0.0.0 Safari/537.36",
  "user_id": 4,
  "user_email": "astiskripsi@gmail.com"
}
========================================

{
  "timestamp": "2026-01-14 23:30:36",
  "method": "GET",
  "path": "/api/v1/products",
  "query": {
    "limit": "20"
  },
  "headers": {
    "Accept": "application/json, text/plain, */*",
    "Authorization": "Bearer ...4HKc",
    "Content-Type": ""
  },
  "status_code": 200,
  "response_body": {
    "data": {
      "limit": 20,
      "page": 1,
      "products": [
        {
          "category": {
            "created_at": "2026-01-08T21:55:42.326209+07:00",
            "description": "Python, PHP, and JS utility scripts",
            "icon": "terminal",
            "id": 4,
            "is_active": true,
            "name": "Scripts",
            "order": 4,
            "slug": "scripts",
            "updated_at": "2026-01-08T21:55:42.326209+07:00"
          },
          "category_id": 4,
          "created_at": "2026-01-13T02:20:25.212431+07:00",
          "created_by": 1,
          "description": "Python script to automate likes, follows, and comments. Includes safety limits to prevent account bans.",
          "downloads_count": 0,
          "features": "[\"Auto Like\", \"Auto Follow\", \"Targeting by Hashtag\"]",
          "id": 5,
          "is_active": true,
          "preview_images": "[\"https://images.unsplash.com/photo-1611162617474-5b21e879e113?auto=format\u0026fit=crop\u0026q=80\u0026w=1000\"]",
          "price": 150000,
          "rating_average": 0,
          "requirements": "[]",
          "slug": "instagram-automation-bot",
          "tech_stack": "[\"Python\", \"Selenium\"]",
          "title": "Instagram Automation Bot",
          "type": "scripts",
          "updated_at": "2026-01-13T02:20:25.212431+07:00",
          "views_count": 0
        },
        {
          "category": {
            "created_at": "2026-01-08T21:55:42.322557+07:00",
            "description": "UI kits and website templates",
            "icon": "layout",
            "id": 2,
            "is_active": true,
            "name": "Templates",
            "order": 2,
            "slug": "templates",
            "updated_at": "2026-01-08T21:55:42.322557+07:00"
          },
          "category_id": 2,
          "created_at": "2026-01-13T02:20:25.211149+07:00",
          "created_by": 1,
          "description": "Clean, responsive, and customizable admin dashboard template built with Vue 3 and Tailwind CSS.",
          "downloads_count": 0,
          "features": "[\"Dark Mode Support\", \"Responsive Layout\", \"Chart.js Integration\", \"Form Components\"]",
          "id": 4,
          "is_active": true,
          "preview_images": "[\"https://images.unsplash.com/photo-1551288049-bebda4e38f71?auto=format\u0026fit=crop\u0026q=80\u0026w=1000\"]",
          "price": 250000,
          "rating_average": 0,
          "requirements": "[]",
          "slug": "modern-admin-dashboard",
          "tech_stack": "[\"Vue 3\", \"Tailwind CSS\", \"Vite\"]",
          "title": "Modern Admin Dashboard UI",
          "type": "template",
          "updated_at": "2026-01-13T02:20:25.211149+07:00",
          "views_count": 0
        },
        {
          "category": {
            "created_at": "2026-01-08T21:55:42.325061+07:00",
            "description": "Flutter, React Native, and native apps",
            "icon": "smartphone",
            "id": 3,
            "is_active": true,
            "name": "Mobile Apps",
            "order": 3,
            "slug": "mobile-apps",
            "updated_at": "2026-01-08T21:55:42.325061+07:00"
          },
          "category_id": 3,
          "created_at": "2026-01-13T02:20:25.210572+07:00",
          "created_by": 1,
          "description": "Uber Eats clone made with Flutter. Beautiful animations, real-time tracking, and vendor dashboard included. Works on both iOS and Android.",
          "downloads_count": 0,
          "features": "[\"Real-time Tracking\", \"Push Notifications\", \"Vendor App\", \"Dark Mode\"]",
          "id": 3,
          "is_active": true,
          "preview_images": "[\"https://images.unsplash.com/photo-1512941937669-90a1b58e7e9c?auto=format\u0026fit=crop\u0026q=80\u0026w=1000\"]",
          "price": 500000,
          "rating_average": 0,
          "requirements": "[]",
          "slug": "flutter-delivery-app",
          "tech_stack": "[\"Flutter\", \"Firebase\", \"Google Maps API\"]",
          "title": "Flutter Delivery App",
          "type": "mobile_apps",
          "updated_at": "2026-01-13T02:20:25.210572+07:00",
          "views_count": 0
        },
        {
          "category": {
            "created_at": "2026-01-08T21:55:42.314623+07:00",
            "description": "Full application source codes",
            "icon": "code",
            "id": 1,
            "is_active": true,
            "name": "Source Code",
            "order": 1,
            "slug": "source-code",
            "updated_at": "2026-01-08T21:55:42.314623+07:00"
          },
          "category_id": 1,
          "created_at": "2026-01-13T02:20:25.20936+07:00",
          "created_by": 1,
          "description": "Launch your SaaS in days with this comprehensive Next.js boilerplate. Includes Stripe integration, Authentication, Database setup with Prisma, and tailwind UI components.",
          "downloads_count": 0,
          "features": "[\"Authentication\", \"Subscription Payments\", \"Admin Dashboard\", \"SEO Optimized\"]",
          "id": 2,
          "is_active": true,
          "preview_images": "[\"https://images.unsplash.com/photo-1618477247222-ac591245363d?auto=format\u0026fit=crop\u0026q=80\u0026w=1000\"]",
          "price": 750000,
          "rating_average": 0,
          "requirements": "[]",
          "slug": "nextjs-saas-boilerplate",
          "tech_stack": "[\"Next.js\", \"TypeScript\", \"Tailwind CSS\", \"Prisma\", \"Stripe\"]",
          "title": "NextJS SaaS Boilerplate",
          "type": "source_code",
          "updated_at": "2026-01-13T02:20:25.20936+07:00",
          "views_count": 0
        },
        {
          "category": {
            "created_at": "2026-01-08T21:55:42.314623+07:00",
            "description": "Full application source codes",
            "icon": "code",
            "id": 1,
            "is_active": true,
            "name": "Source Code",
            "order": 1,
            "slug": "source-code",
            "updated_at": "2026-01-08T21:55:42.314623+07:00"
          },
          "category_id": 1,
          "created_at": "2026-01-13T02:20:25.197105+07:00",
          "created_by": 1,
          "description": "A complete microservices-based e-commerce backend written in Go (Golang). Includes services for products, orders, users, and payments. Features gRPC communication, Kafka event bus, and Docker compose setup.",
          "downloads_count": 0,
          "features": "[\"Microservices Architecture\", \"gRPC Communication\", \"Event-Driven\", \"Scalable\"]",
          "id": 1,
          "is_active": true,
          "preview_images": "[\"https://images.unsplash.com/photo-1555949963-aa79dcee981c?auto=format\u0026fit=crop\u0026q=80\u0026w=1000\", \"https://images.unsplash.com/photo-1555066931-4365d14bab8c?auto=format\u0026fit=crop\u0026q=80\u0026w=1000\"]",
          "price": 1500000,
          "rating_average": 0,
          "requirements": "[]",
          "slug": "ecommerce-microservices-go",
          "tech_stack": "[\"Golang\", \"gRPC\", \"Kafka\", \"PostgreSQL\", \"Docker\"]",
          "title": "E-Commerce Microservices Go",
          "type": "source_code",
          "updated_at": "2026-01-13T02:20:25.197105+07:00",
          "views_count": 0
        }
      ],
      "total": 5
    },
    "message": "Products retrieved successfully",
    "success": true
  },
  "duration": "2.5423ms",
  "duration_ms": 2,
  "client_ip": "::1",
  "user_agent": "Mozilla/5.0 (Windows NT 10.0; Win64; x64) AppleWebKit/537.36 (KHTML, like Gecko) Chrome/143.0.0.0 Safari/537.36"
}
========================================

{
  "timestamp": "2026-01-14 23:30:37",
  "method": "OPTIONS",
  "path": "/api/v1/wishlist/5",
  "headers": {
    "Accept": "*/*",
    "Authorization": "",
    "Content-Type": ""
  },
  "status_code": 204,
  "duration": "0s",
  "duration_ms": 0,
  "client_ip": "::1",
  "user_agent": "Mozilla/5.0 (Windows NT 10.0; Win64; x64) AppleWebKit/537.36 (KHTML, like Gecko) Chrome/143.0.0.0 Safari/537.36"
}
========================================

{
  "timestamp": "2026-01-14 23:30:37",
  "method": "DELETE",
  "path": "/api/v1/wishlist/5",
  "headers": {
    "Accept": "application/json, text/plain, */*",
    "Authorization": "Bearer ...4HKc",
    "Content-Type": ""
  },
  "status_code": 200,
  "response_body": {
    "message": "Item removed from wishlist",
    "success": true
  },
  "duration": "6.6401ms",
  "duration_ms": 6,
  "client_ip": "::1",
  "user_agent": "Mozilla/5.0 (Windows NT 10.0; Win64; x64) AppleWebKit/537.36 (KHTML, like Gecko) Chrome/143.0.0.0 Safari/537.36",
  "user_id": 4,
  "user_email": "astiskripsi@gmail.com"
}
========================================

{
  "timestamp": "2026-01-14 23:30:37",
  "method": "GET",
  "path": "/api/v1/wishlist",
  "headers": {
    "Accept": "application/json, text/plain, */*",
    "Authorization": "Bearer ...4HKc",
    "Content-Type": ""
  },
  "status_code": 200,
  "response_body": {
    "data": [],
    "message": "Wishlist retrieved successfully",
    "success": true
  },
  "duration": "504.3µs",
  "duration_ms": 0,
  "client_ip": "::1",
  "user_agent": "Mozilla/5.0 (Windows NT 10.0; Win64; x64) AppleWebKit/537.36 (KHTML, like Gecko) Chrome/143.0.0.0 Safari/537.36",
  "user_id": 4,
  "user_email": "astiskripsi@gmail.com"
}
========================================

{
  "timestamp": "2026-01-14 23:30:39",
  "method": "OPTIONS",
  "path": "/api/v1/wishlist",
  "headers": {
    "Accept": "*/*",
    "Authorization": "",
    "Content-Type": ""
  },
  "status_code": 204,
  "duration": "0s",
  "duration_ms": 0,
  "client_ip": "::1",
  "user_agent": "Mozilla/5.0 (Windows NT 10.0; Win64; x64) AppleWebKit/537.36 (KHTML, like Gecko) Chrome/143.0.0.0 Safari/537.36"
}
========================================

{
  "timestamp": "2026-01-14 23:30:39",
  "method": "GET",
  "path": "/api/v1/wishlist",
  "headers": {
    "Accept": "application/json, text/plain, */*",
    "Authorization": "Bearer ...4HKc",
    "Content-Type": ""
  },
  "status_code": 200,
  "response_body": {
    "data": [],
    "message": "Wishlist retrieved successfully",
    "success": true
  },
  "duration": "2.0539ms",
  "duration_ms": 2,
  "client_ip": "::1",
  "user_agent": "Mozilla/5.0 (Windows NT 10.0; Win64; x64) AppleWebKit/537.36 (KHTML, like Gecko) Chrome/143.0.0.0 Safari/537.36",
  "user_id": 4,
  "user_email": "astiskripsi@gmail.com"
}
========================================

{
  "timestamp": "2026-01-14 23:30:45",
  "method": "OPTIONS",
  "path": "/api/v1/products",
  "query": {
    "limit": "20"
  },
  "headers": {
    "Accept": "*/*",
    "Authorization": "",
    "Content-Type": ""
  },
  "status_code": 204,
  "duration": "0s",
  "duration_ms": 0,
  "client_ip": "::1",
  "user_agent": "Mozilla/5.0 (Windows NT 10.0; Win64; x64) AppleWebKit/537.36 (KHTML, like Gecko) Chrome/143.0.0.0 Safari/537.36"
}
========================================

{
  "timestamp": "2026-01-14 23:30:45",
  "method": "GET",
  "path": "/api/v1/products",
  "query": {
    "limit": "20"
  },
  "headers": {
    "Accept": "application/json, text/plain, */*",
    "Authorization": "Bearer ...4HKc",
    "Content-Type": ""
  },
  "status_code": 200,
  "response_body": {
    "data": {
      "limit": 20,
      "page": 1,
      "products": [
        {
          "category": {
            "created_at": "2026-01-08T21:55:42.326209+07:00",
            "description": "Python, PHP, and JS utility scripts",
            "icon": "terminal",
            "id": 4,
            "is_active": true,
            "name": "Scripts",
            "order": 4,
            "slug": "scripts",
            "updated_at": "2026-01-08T21:55:42.326209+07:00"
          },
          "category_id": 4,
          "created_at": "2026-01-13T02:20:25.212431+07:00",
          "created_by": 1,
          "description": "Python script to automate likes, follows, and comments. Includes safety limits to prevent account bans.",
          "downloads_count": 0,
          "features": "[\"Auto Like\", \"Auto Follow\", \"Targeting by Hashtag\"]",
          "id": 5,
          "is_active": true,
          "preview_images": "[\"https://images.unsplash.com/photo-1611162617474-5b21e879e113?auto=format\u0026fit=crop\u0026q=80\u0026w=1000\"]",
          "price": 150000,
          "rating_average": 0,
          "requirements": "[]",
          "slug": "instagram-automation-bot",
          "tech_stack": "[\"Python\", \"Selenium\"]",
          "title": "Instagram Automation Bot",
          "type": "scripts",
          "updated_at": "2026-01-13T02:20:25.212431+07:00",
          "views_count": 0
        },
        {
          "category": {
            "created_at": "2026-01-08T21:55:42.322557+07:00",
            "description": "UI kits and website templates",
            "icon": "layout",
            "id": 2,
            "is_active": true,
            "name": "Templates",
            "order": 2,
            "slug": "templates",
            "updated_at": "2026-01-08T21:55:42.322557+07:00"
          },
          "category_id": 2,
          "created_at": "2026-01-13T02:20:25.211149+07:00",
          "created_by": 1,
          "description": "Clean, responsive, and customizable admin dashboard template built with Vue 3 and Tailwind CSS.",
          "downloads_count": 0,
          "features": "[\"Dark Mode Support\", \"Responsive Layout\", \"Chart.js Integration\", \"Form Components\"]",
          "id": 4,
          "is_active": true,
          "preview_images": "[\"https://images.unsplash.com/photo-1551288049-bebda4e38f71?auto=format\u0026fit=crop\u0026q=80\u0026w=1000\"]",
          "price": 250000,
          "rating_average": 0,
          "requirements": "[]",
          "slug": "modern-admin-dashboard",
          "tech_stack": "[\"Vue 3\", \"Tailwind CSS\", \"Vite\"]",
          "title": "Modern Admin Dashboard UI",
          "type": "template",
          "updated_at": "2026-01-13T02:20:25.211149+07:00",
          "views_count": 0
        },
        {
          "category": {
            "created_at": "2026-01-08T21:55:42.325061+07:00",
            "description": "Flutter, React Native, and native apps",
            "icon": "smartphone",
            "id": 3,
            "is_active": true,
            "name": "Mobile Apps",
            "order": 3,
            "slug": "mobile-apps",
            "updated_at": "2026-01-08T21:55:42.325061+07:00"
          },
          "category_id": 3,
          "created_at": "2026-01-13T02:20:25.210572+07:00",
          "created_by": 1,
          "description": "Uber Eats clone made with Flutter. Beautiful animations, real-time tracking, and vendor dashboard included. Works on both iOS and Android.",
          "downloads_count": 0,
          "features": "[\"Real-time Tracking\", \"Push Notifications\", \"Vendor App\", \"Dark Mode\"]",
          "id": 3,
          "is_active": true,
          "preview_images": "[\"https://images.unsplash.com/photo-1512941937669-90a1b58e7e9c?auto=format\u0026fit=crop\u0026q=80\u0026w=1000\"]",
          "price": 500000,
          "rating_average": 0,
          "requirements": "[]",
          "slug": "flutter-delivery-app",
          "tech_stack": "[\"Flutter\", \"Firebase\", \"Google Maps API\"]",
          "title": "Flutter Delivery App",
          "type": "mobile_apps",
          "updated_at": "2026-01-13T02:20:25.210572+07:00",
          "views_count": 0
        },
        {
          "category": {
            "created_at": "2026-01-08T21:55:42.314623+07:00",
            "description": "Full application source codes",
            "icon": "code",
            "id": 1,
            "is_active": true,
            "name": "Source Code",
            "order": 1,
            "slug": "source-code",
            "updated_at": "2026-01-08T21:55:42.314623+07:00"
          },
          "category_id": 1,
          "created_at": "2026-01-13T02:20:25.20936+07:00",
          "created_by": 1,
          "description": "Launch your SaaS in days with this comprehensive Next.js boilerplate. Includes Stripe integration, Authentication, Database setup with Prisma, and tailwind UI components.",
          "downloads_count": 0,
          "features": "[\"Authentication\", \"Subscription Payments\", \"Admin Dashboard\", \"SEO Optimized\"]",
          "id": 2,
          "is_active": true,
          "preview_images": "[\"https://images.unsplash.com/photo-1618477247222-ac591245363d?auto=format\u0026fit=crop\u0026q=80\u0026w=1000\"]",
          "price": 750000,
          "rating_average": 0,
          "requirements": "[]",
          "slug": "nextjs-saas-boilerplate",
          "tech_stack": "[\"Next.js\", \"TypeScript\", \"Tailwind CSS\", \"Prisma\", \"Stripe\"]",
          "title": "NextJS SaaS Boilerplate",
          "type": "source_code",
          "updated_at": "2026-01-13T02:20:25.20936+07:00",
          "views_count": 0
        },
        {
          "category": {
            "created_at": "2026-01-08T21:55:42.314623+07:00",
            "description": "Full application source codes",
            "icon": "code",
            "id": 1,
            "is_active": true,
            "name": "Source Code",
            "order": 1,
            "slug": "source-code",
            "updated_at": "2026-01-08T21:55:42.314623+07:00"
          },
          "category_id": 1,
          "created_at": "2026-01-13T02:20:25.197105+07:00",
          "created_by": 1,
          "description": "A complete microservices-based e-commerce backend written in Go (Golang). Includes services for products, orders, users, and payments. Features gRPC communication, Kafka event bus, and Docker compose setup.",
          "downloads_count": 0,
          "features": "[\"Microservices Architecture\", \"gRPC Communication\", \"Event-Driven\", \"Scalable\"]",
          "id": 1,
          "is_active": true,
          "preview_images": "[\"https://images.unsplash.com/photo-1555949963-aa79dcee981c?auto=format\u0026fit=crop\u0026q=80\u0026w=1000\", \"https://images.unsplash.com/photo-1555066931-4365d14bab8c?auto=format\u0026fit=crop\u0026q=80\u0026w=1000\"]",
          "price": 1500000,
          "rating_average": 0,
          "requirements": "[]",
          "slug": "ecommerce-microservices-go",
          "tech_stack": "[\"Golang\", \"gRPC\", \"Kafka\", \"PostgreSQL\", \"Docker\"]",
          "title": "E-Commerce Microservices Go",
          "type": "source_code",
          "updated_at": "2026-01-13T02:20:25.197105+07:00",
          "views_count": 0
        }
      ],
      "total": 5
    },
    "message": "Products retrieved successfully",
    "success": true
  },
  "duration": "2.7676ms",
  "duration_ms": 2,
  "client_ip": "::1",
  "user_agent": "Mozilla/5.0 (Windows NT 10.0; Win64; x64) AppleWebKit/537.36 (KHTML, like Gecko) Chrome/143.0.0.0 Safari/537.36"
}
========================================

{
  "timestamp": "2026-01-14 23:30:46",
  "method": "OPTIONS",
  "path": "/api/v1/wishlist",
  "headers": {
    "Accept": "*/*",
    "Authorization": "",
    "Content-Type": ""
  },
  "status_code": 204,
  "duration": "0s",
  "duration_ms": 0,
  "client_ip": "::1",
  "user_agent": "Mozilla/5.0 (Windows NT 10.0; Win64; x64) AppleWebKit/537.36 (KHTML, like Gecko) Chrome/143.0.0.0 Safari/537.36"
}
========================================

{
  "timestamp": "2026-01-14 23:30:46",
  "method": "POST",
  "path": "/api/v1/wishlist",
  "headers": {
    "Accept": "application/json, text/plain, */*",
    "Authorization": "Bearer ...4HKc",
    "Content-Type": "application/json"
  },
  "request_body": {
    "product_id": 4
  },
  "status_code": 201,
  "response_body": {
    "data": {
      "created_at": "2026-01-14T23:30:46.4185614+07:00",
      "id": 6,
      "product_id": 4,
      "user_id": 4
    },
    "message": "Item added to wishlist",
    "success": true
  },
  "duration": "6.5651ms",
  "duration_ms": 6,
  "client_ip": "::1",
  "user_agent": "Mozilla/5.0 (Windows NT 10.0; Win64; x64) AppleWebKit/537.36 (KHTML, like Gecko) Chrome/143.0.0.0 Safari/537.36",
  "user_id": 4,
  "user_email": "astiskripsi@gmail.com"
}
========================================

{
  "timestamp": "2026-01-14 23:30:46",
  "method": "GET",
  "path": "/api/v1/wishlist",
  "headers": {
    "Accept": "application/json, text/plain, */*",
    "Authorization": "Bearer ...4HKc",
    "Content-Type": ""
  },
  "status_code": 200,
  "response_body": {
    "data": [
      {
        "created_at": "2026-01-14T23:30:46.418561+07:00",
        "id": 6,
        "product": {
          "category": {
            "created_at": "2026-01-08T21:55:42.322557+07:00",
            "description": "UI kits and website templates",
            "icon": "layout",
            "id": 2,
            "is_active": true,
            "name": "Templates",
            "order": 2,
            "slug": "templates",
            "updated_at": "2026-01-08T21:55:42.322557+07:00"
          },
          "category_id": 2,
          "created_at": "2026-01-13T02:20:25.211149+07:00",
          "created_by": 1,
          "description": "Clean, responsive, and customizable admin dashboard template built with Vue 3 and Tailwind CSS.",
          "downloads_count": 0,
          "features": "[\"Dark Mode Support\", \"Responsive Layout\", \"Chart.js Integration\", \"Form Components\"]",
          "id": 4,
          "is_active": true,
          "preview_images": "[\"https://images.unsplash.com/photo-1551288049-bebda4e38f71?auto=format\u0026fit=crop\u0026q=80\u0026w=1000\"]",
          "price": 250000,
          "rating_average": 0,
          "requirements": "[]",
          "slug": "modern-admin-dashboard",
          "tech_stack": "[\"Vue 3\", \"Tailwind CSS\", \"Vite\"]",
          "title": "Modern Admin Dashboard UI",
          "type": "template",
          "updated_at": "2026-01-13T02:20:25.211149+07:00",
          "views_count": 0
        },
        "product_id": 4,
        "user_id": 4
      }
    ],
    "message": "Wishlist retrieved successfully",
    "success": true
  },
  "duration": "1.0599ms",
  "duration_ms": 1,
  "client_ip": "::1",
  "user_agent": "Mozilla/5.0 (Windows NT 10.0; Win64; x64) AppleWebKit/537.36 (KHTML, like Gecko) Chrome/143.0.0.0 Safari/537.36",
  "user_id": 4,
  "user_email": "astiskripsi@gmail.com"
}
========================================

{
  "timestamp": "2026-01-14 23:30:48",
  "method": "POST",
  "path": "/api/v1/wishlist",
  "headers": {
    "Accept": "application/json, text/plain, */*",
    "Authorization": "Bearer ...4HKc",
    "Content-Type": "application/json"
  },
  "request_body": {
    "product_id": 3
  },
  "status_code": 201,
  "response_body": {
    "data": {
      "created_at": "2026-01-14T23:30:48.7630844+07:00",
      "id": 7,
      "product_id": 3,
      "user_id": 4
    },
    "message": "Item added to wishlist",
    "success": true
  },
  "duration": "3.9827ms",
  "duration_ms": 3,
  "client_ip": "::1",
  "user_agent": "Mozilla/5.0 (Windows NT 10.0; Win64; x64) AppleWebKit/537.36 (KHTML, like Gecko) Chrome/143.0.0.0 Safari/537.36",
  "user_id": 4,
  "user_email": "astiskripsi@gmail.com"
}
========================================

{
  "timestamp": "2026-01-14 23:30:48",
  "method": "GET",
  "path": "/api/v1/wishlist",
  "headers": {
    "Accept": "application/json, text/plain, */*",
    "Authorization": "Bearer ...4HKc",
    "Content-Type": ""
  },
  "status_code": 200,
  "response_body": {
    "data": [
      {
        "created_at": "2026-01-14T23:30:46.418561+07:00",
        "id": 6,
        "product": {
          "category": {
            "created_at": "2026-01-08T21:55:42.322557+07:00",
            "description": "UI kits and website templates",
            "icon": "layout",
            "id": 2,
            "is_active": true,
            "name": "Templates",
            "order": 2,
            "slug": "templates",
            "updated_at": "2026-01-08T21:55:42.322557+07:00"
          },
          "category_id": 2,
          "created_at": "2026-01-13T02:20:25.211149+07:00",
          "created_by": 1,
          "description": "Clean, responsive, and customizable admin dashboard template built with Vue 3 and Tailwind CSS.",
          "downloads_count": 0,
          "features": "[\"Dark Mode Support\", \"Responsive Layout\", \"Chart.js Integration\", \"Form Components\"]",
          "id": 4,
          "is_active": true,
          "preview_images": "[\"https://images.unsplash.com/photo-1551288049-bebda4e38f71?auto=format\u0026fit=crop\u0026q=80\u0026w=1000\"]",
          "price": 250000,
          "rating_average": 0,
          "requirements": "[]",
          "slug": "modern-admin-dashboard",
          "tech_stack": "[\"Vue 3\", \"Tailwind CSS\", \"Vite\"]",
          "title": "Modern Admin Dashboard UI",
          "type": "template",
          "updated_at": "2026-01-13T02:20:25.211149+07:00",
          "views_count": 0
        },
        "product_id": 4,
        "user_id": 4
      },
      {
        "created_at": "2026-01-14T23:30:48.763084+07:00",
        "id": 7,
        "product": {
          "category": {
            "created_at": "2026-01-08T21:55:42.325061+07:00",
            "description": "Flutter, React Native, and native apps",
            "icon": "smartphone",
            "id": 3,
            "is_active": true,
            "name": "Mobile Apps",
            "order": 3,
            "slug": "mobile-apps",
            "updated_at": "2026-01-08T21:55:42.325061+07:00"
          },
          "category_id": 3,
          "created_at": "2026-01-13T02:20:25.210572+07:00",
          "created_by": 1,
          "description": "Uber Eats clone made with Flutter. Beautiful animations, real-time tracking, and vendor dashboard included. Works on both iOS and Android.",
          "downloads_count": 0,
          "features": "[\"Real-time Tracking\", \"Push Notifications\", \"Vendor App\", \"Dark Mode\"]",
          "id": 3,
          "is_active": true,
          "preview_images": "[\"https://images.unsplash.com/photo-1512941937669-90a1b58e7e9c?auto=format\u0026fit=crop\u0026q=80\u0026w=1000\"]",
          "price": 500000,
          "rating_average": 0,
          "requirements": "[]",
          "slug": "flutter-delivery-app",
          "tech_stack": "[\"Flutter\", \"Firebase\", \"Google Maps API\"]",
          "title": "Flutter Delivery App",
          "type": "mobile_apps",
          "updated_at": "2026-01-13T02:20:25.210572+07:00",
          "views_count": 0
        },
        "product_id": 3,
        "user_id": 4
      }
    ],
    "message": "Wishlist retrieved successfully",
    "success": true
  },
  "duration": "1.0414ms",
  "duration_ms": 1,
  "client_ip": "::1",
  "user_agent": "Mozilla/5.0 (Windows NT 10.0; Win64; x64) AppleWebKit/537.36 (KHTML, like Gecko) Chrome/143.0.0.0 Safari/537.36",
  "user_id": 4,
  "user_email": "astiskripsi@gmail.com"
}
========================================
